source_id,input_url,normalized_url,domain,scheme,homepage_url,robots_url,robots_ok,robots_sitemaps,robots_disallow_detected,robots_can_fetch_homepage,has_known_api,known_api_adapter,known_api_endpoint_hint,has_rss,rss_urls,rss_valid_count,has_sitemap,sitemap_urls,sitemap_url_count,html_status_code,html_title,html_text_length,html_link_count,html_extract_ok,sample_extracted_text_length,js_required,paywall_detected,captcha_detected,login_detected,best_strategy,tos_risk,status,error_message,profiled_at
24h_com_vn,https://www.24h.com.vn/,https://www.24h.com.vn/,24h.com.vn,https,https://www.24h.com.vn/,https://www.24h.com.vn/robots.txt,True,"[""https://www.24h.com.vn/sitemap-index.xml""]",True,True,False,,,False,[],0,True,"[""https://www.24h.com.vn/sitemap-index.xml"", ""https://www.24h.com.vn/sitemap-article-daily.xml"", ""https://www.24h.com.vn/sitemap-category.xml"", ""https://www.24h.com.vn/sitemap-event.xml"", ""https://www.24h.com.vn/sitemap-article-2026-05-0.xml"", ""https://www.24h.com.vn/sitemap-article-2026-05-1.xml"", ""https://www.24h.com.vn/sitemap-article-2026-05-2.xml"", ""https://www.24h.com.vn/sitemap-article-2026-04-0.xml"", ""https://www.24h.com.vn/sitemap-article-2026-04-1.xml"", ""https://www.24h.com.vn/sitemap-article-2026-04-2.xml"", ""https://www.24h.com.vn/sitemap-article-2026-04-3.xml"", ""https://www.24h.com.vn/sitemap-article-2026-03-0.xml"", ""https://www.24h.com.vn/sitemap-article-2026-03-1.xml"", ""https://www.24h.com.vn/sitemap-article-2026-03-2.xml"", ""https://www.24h.com.vn/sitemap-article-2026-03-3.xml"", ""https://www.24h.com.vn/sitemap-article-2026-03-4.xml"", ""https://www.24h.com.vn/sitemap-article-2026-02-0.xml"", ""https://www.24h.com.vn/sitemap-article-2026-02-1.xml"", ""https://www.24h.com.vn/sitemap-article-2026-02-2.xml"", ""https://www.24h.com.vn/sitemap-article-2026-02-3.xml"", ""https://www.24h.com.vn/sitemap-article-2026-01-0.xml"", ""https://www.24h.com.vn/sitemap-article-2026-01-1.xml"", ""https://www.24h.com.vn/sitemap-article-2026-01-2.xml"", ""https://www.24h.com.vn/sitemap-article-2026-01-3.xml"", ""https://www.24h.com.vn/sitemap-article-2025-12-0.xml"", ""https://www.24h.com.vn/sitemap-article-2025-12-1.xml"", ""https://www.24h.com.vn/sitemap-article-2025-12-2.xml"", ""https://www.24h.com.vn/sitemap-article-2025-12-3.xml"", ""https://www.24h.com.vn/sitemap-article-2025-11-0.xml"", ""https://www.24h.com.vn/sitemap-article-2025-11-1.xml"", ""https://www.24h.com.vn/sitemap-article-2025-11-2.xml"", ""https://www.24h.com.vn/sitemap-article-2025-11-3.xml"", ""https://www.24h.com.vn/sitemap-article-2025-10-0.xml"", ""https://www.24h.com.vn/sitemap-article-2025-10-1.xml"", ""https://www.24h.com.vn/sitemap-article-2025-10-2.xml"", ""https://www.24h.com.vn/sitemap-article-2025-10-3.xml"", ""https://www.24h.com.vn/sitemap-article-2025-09-0.xml"", ""https://www.24h.com.vn/sitemap-article-2025-09-1.xml"", ""https://www.24h.com.vn/sitemap-article-2025-09-2.xml"", ""https://www.24h.com.vn/sitemap-article-2025-09-3.xml"", ""https://www.24h.com.vn/sitemap-article-2025-08-0.xml"", ""https://www.24h.com.vn/sitemap-article-2025-08-1.xml"", ""https://www.24h.com.vn/sitemap-article-2025-08-3.xml"", ""https://www.24h.com.vn/sitemap-article-2025-07-0.xml"", ""https://www.24h.com.vn/sitemap-article-2025-07-1.xml"", ""https://www.24h.com.vn/sitemap-article-2025-07-2.xml"", ""https://www.24h.com.vn/sitemap-article-2025-07-3.xml"", ""https://www.24h.com.vn/sitemap-article-2025-06-0.xml"", ""https://www.24h.com.vn/sitemap-article-2025-06-1.xml"", ""https://www.24h.com.vn/sitemap-article-2025-06-2.xml"", ""https://www.24h.com.vn/sitemap-article-2025-06-3.xml"", ""https://www.24h.com.vn/sitemap-article-2025-05-0.xml"", ""https://www.24h.com.vn/sitemap-article-2025-05-1.xml"", ""https://www.24h.com.vn/sitemap-article-2025-05-2.xml"", ""https://www.24h.com.vn/sitemap-article-2025-05-3.xml"", ""https://www.24h.com.vn/sitemap-article-2025-04-0.xml"", ""https://www.24h.com.vn/sitemap-article-2025-04-1.xml"", ""https://www.24h.com.vn/sitemap-article-2025-04-2.xml"", ""https://www.24h.com.vn/sitemap-article-2025-04-3.xml"", ""https://www.24h.com.vn/sitemap-article-2025-03-0.xml"", ""https://www.24h.com.vn/sitemap-article-2025-03-1.xml"", ""https://www.24h.com.vn/sitemap-article-2025-03-2.xml"", ""https://www.24h.com.vn/sitemap-article-2025-03-3.xml"", ""https://www.24h.com.vn/sitemap-article-2025-02-0.xml"", ""https://www.24h.com.vn/sitemap-article-2025-02-1.xml"", ""https://www.24h.com.vn/sitemap-article-2025-02-2.xml"", ""https://www.24h.com.vn/sitemap-article-2025-02-3.xml"", ""https://www.24h.com.vn/sitemap-article-2025-01-0.xml"", ""https://www.24h.com.vn/sitemap-article-2025-01-1.xml"", ""https://www.24h.com.vn/sitemap-article-2025-01-2.xml"", ""https://www.24h.com.vn/sitemap-article-2025-01-3.xml"", ""https://www.24h.com.vn/sitemap-article-2024-12-0.xml"", ""https://www.24h.com.vn/sitemap-article-2024-12-1.xml"", ""https://www.24h.com.vn/sitemap-article-2024-12-2.xml"", ""https://www.24h.com.vn/sitemap-article-2024-12-3.xml"", ""https://www.24h.com.vn/sitemap-article-2024-11-0.xml"", ""https://www.24h.com.vn/sitemap-article-2024-11-1.xml"", ""https://www.24h.com.vn/sitemap-article-2024-11-2.xml"", ""https://www.24h.com.vn/sitemap-article-2024-11-3.xml"", ""https://www.24h.com.vn/sitemap-article-2024-10-0.xml"", ""https://www.24h.com.vn/sitemap-article-2024-10-1.xml"", ""https://www.24h.com.vn/sitemap-article-2024-10-2.xml"", ""https://www.24h.com.vn/sitemap-article-2024-10-3.xml"", ""https://www.24h.com.vn/sitemap-article-2024-09-0.xml"", ""https://www.24h.com.vn/sitemap-article-2024-09-1.xml"", ""https://www.24h.com.vn/sitemap-article-2024-09-2.xml"", ""https://www.24h.com.vn/sitemap-article-2024-09-3.xml"", ""https://www.24h.com.vn/sitemap-article-2024-08-0.xml"", ""https://www.24h.com.vn/sitemap-article-2024-08-1.xml"", ""https://www.24h.com.vn/sitemap-article-2024-08-2.xml"", ""https://www.24h.com.vn/sitemap-article-2024-08-3.xml"", ""https://www.24h.com.vn/sitemap-article-2024-07-0.xml"", ""https://www.24h.com.vn/sitemap-article-2024-07-1.xml"", ""https://www.24h.com.vn/sitemap-article-2024-07-2.xml"", ""https://www.24h.com.vn/sitemap-article-2024-07-3.xml"", ""https://www.24h.com.vn/sitemap-article-2024-06-0.xml"", ""https://www.24h.com.vn/sitemap-article-2024-06-1.xml"", ""https://www.24h.com.vn/sitemap-article-2024-06-2.xml"", ""https://www.24h.com.vn/sitemap-article-2024-06-3.xml"", ""https://www.24h.com.vn/sitemap-article-2024-06-4.xml"", ""https://www.24h.com.vn/sitemap-article-2024-05-0.xml"", ""https://www.24h.com.vn/sitemap-article-2024-05-1.xml"", ""https://www.24h.com.vn/sitemap-article-2024-05-2.xml"", ""https://www.24h.com.vn/sitemap-article-2024-05-3.xml"", ""https://www.24h.com.vn/sitemap-article-2024-04-0.xml"", ""https://www.24h.com.vn/sitemap-article-2024-04-1.xml"", ""https://www.24h.com.vn/sitemap-article-2024-04-2.xml"", ""https://www.24h.com.vn/sitemap-article-2024-04-3.xml"", ""https://www.24h.com.vn/sitemap-article-2024-03-0.xml"", ""https://www.24h.com.vn/sitemap-article-2024-03-1.xml"", ""https://www.24h.com.vn/sitemap-article-2024-03-2.xml"", ""https://www.24h.com.vn/sitemap-article-2024-03-3.xml"", ""https://www.24h.com.vn/sitemap-article-2024-02-0.xml"", ""https://www.24h.com.vn/sitemap-article-2024-02-1.xml"", ""https://www.24h.com.vn/sitemap-article-2024-02-2.xml"", ""https://www.24h.com.vn/sitemap-article-2024-02-3.xml"", ""https://www.24h.com.vn/sitemap-article-2024-01-0.xml"", ""https://www.24h.com.vn/sitemap-article-2024-01-1.xml"", ""https://www.24h.com.vn/sitemap-article-2024-01-2.xml"", ""https://www.24h.com.vn/sitemap-article-2024-01-3.xml""]",120,200,"Tin tức bóng đá, thể thao, giải trí | Đọc tin tức 24h mới nhất",19307,435,True,2360,False,True,True,True,sitemap_then_article_extract,medium,active,,2026-05-17 19:03:13.309740
abc_net_au,https://www.abc.net.au/news/,https://www.abc.net.au/news,abc.net.au,https,https://www.abc.net.au/news,https://www.abc.net.au/robots.txt,True,"[""https://www.abc.net.au/sitemaps/sitemap-index.xml.gz""]",True,True,False,,,False,[],0,True,"[""https://www.abc.net.au/sitemaps/sitemap-index.xml.gz"", ""https://www.abc.net.au/sitemaps/sitemap-Gardening Australia-0.xml.gz"", ""https://www.abc.net.au/sitemaps/sitemap-abc-international-development-0.xml.gz"", ""https://www.abc.net.au/sitemaps/sitemap-abc-kids-voice-app-0.xml.gz"", ""https://www.abc.net.au/sitemaps/sitemap-abckids-0.xml.gz"", ""https://www.abc.net.au/sitemaps/sitemap-abckidsvoiceapp-0.xml.gz"", ""https://www.abc.net.au/sitemaps/sitemap-abcme-0.xml.gz"", ""https://www.abc.net.au/sitemaps/sitemap-about-0.xml.gz"", ""https://www.abc.net.au/sitemaps/sitemap-adelaide-0.xml.gz"", ""https://www.abc.net.au/sitemaps/sitemap-alicesprings-0.xml.gz"", ""https://www.abc.net.au/sitemaps/sitemap-asia-0.xml.gz"", ""https://www.abc.net.au/sitemaps/sitemap-ballarat-0.xml.gz"", ""https://www.abc.net.au/sitemaps/sitemap-brisbane-0.xml.gz"", ""https://www.abc.net.au/sitemaps/sitemap-brokenhill-0.xml.gz"", ""https://www.abc.net.au/sitemaps/sitemap-btn-0.xml.gz"", ""https://www.abc.net.au/sitemaps/sitemap-canberra-0.xml.gz"", ""https://www.abc.net.au/sitemaps/sitemap-capricornia-0.xml.gz"", ""https://www.abc.net.au/sitemaps/sitemap-careers-0.xml.gz"", ""https://www.abc.net.au/sitemaps/sitemap-catalyst-0.xml.gz"", ""https://www.abc.net.au/sitemaps/sitemap-centralcoast-0.xml.gz"", ""https://www.abc.net.au/sitemaps/sitemap-centralvic-0.xml.gz"", ""https://www.abc.net.au/sitemaps/sitemap-centralwest-0.xml.gz"", ""https://www.abc.net.au/sitemaps/sitemap-chinese-0.xml.gz"", ""https://www.abc.net.au/sitemaps/sitemap-classic-0.xml.gz"", ""https://www.abc.net.au/sitemaps/sitemap-coffscoast-0.xml.gz"", ""https://www.abc.net.au/sitemaps/sitemap-commercial-0.xml.gz"", ""https://www.abc.net.au/sitemaps/sitemap-contentsales-0.xml.gz"", ""https://www.abc.net.au/sitemaps/sitemap-country-0.xml.gz"", ""https://www.abc.net.au/sitemaps/sitemap-darwin-0.xml.gz"", ""https://www.abc.net.au/sitemaps/sitemap-digital-product-0.xml.gz"", ""https://www.abc.net.au/sitemaps/sitemap-doublej-0.xml.gz"", ""https://www.abc.net.au/sitemaps/sitemap-education-0.xml.gz"", ""https://www.abc.net.au/sitemaps/sitemap-emergency-0.xml.gz"", ""https://www.abc.net.au/sitemaps/sitemap-esperance-0.xml.gz"", ""https://www.abc.net.au/sitemaps/sitemap-events-0.xml.gz"", ""https://www.abc.net.au/sitemaps/sitemap-everyday-0.xml.gz"", ""https://www.abc.net.au/sitemaps/sitemap-eyre-0.xml.gz"", ""https://www.abc.net.au/sitemaps/sitemap-farnorth-0.xml.gz"", ""https://www.abc.net.au/sitemaps/sitemap-future-0.xml.gz"", ""https://www.abc.net.au/sitemaps/sitemap-gippsland-0.xml.gz"", ""https://www.abc.net.au/sitemaps/sitemap-goldcoast-0.xml.gz"", ""https://www.abc.net.au/sitemaps/sitemap-goldfields-0.xml.gz"", ""https://www.abc.net.au/sitemaps/sitemap-goodgamesp-0.xml.gz"", ""https://www.abc.net.au/sitemaps/sitemap-goulburnmurray-0.xml.gz"", ""https://www.abc.net.au/sitemaps/sitemap-greatsouthern-0.xml.gz"", ""https://www.abc.net.au/sitemaps/sitemap-heywire-0.xml.gz"", ""https://www.abc.net.au/sitemaps/sitemap-hobart-0.xml.gz"", ""https://www.abc.net.au/sitemaps/sitemap-illawarra-0.xml.gz"", ""https://www.abc.net.au/sitemaps/sitemap-independent-0.xml.gz"", ""https://www.abc.net.au/sitemaps/sitemap-indigenous-0.xml.gz"", ""https://www.abc.net.au/sitemaps/sitemap-indonesian-0.xml.gz"", ""https://www.abc.net.au/sitemaps/sitemap-insidebusiness-0.xml.gz"", ""https://www.abc.net.au/sitemaps/sitemap-jazz-0.xml.gz"", ""https://www.abc.net.au/sitemaps/sitemap-kidslisten-0.xml.gz"", ""https://www.abc.net.au/sitemaps/sitemap-kimberley-0.xml.gz"", ""https://www.abc.net.au/sitemaps/sitemap-landline-0.xml.gz"", ""https://www.abc.net.au/sitemaps/sitemap-lateline-0.xml.gz"", ""https://www.abc.net.au/sitemaps/sitemap-library-sales-0.xml.gz"", ""https://www.abc.net.au/sitemaps/sitemap-life-0.xml.gz"", ""https://www.abc.net.au/sitemaps/sitemap-listen-0.xml.gz"", ""https://www.abc.net.au/sitemaps/sitemap-mediawatch-0.xml.gz"", ""https://www.abc.net.au/sitemaps/sitemap-melbourne-0.xml.gz"", ""https://www.abc.net.au/sitemaps/sitemap-midnorthcoast-0.xml.gz"", ""https://www.abc.net.au/sitemaps/sitemap-milduraswanhill-0.xml.gz"", ""https://www.abc.net.au/sitemaps/sitemap-newcastle-0.xml.gz"", ""https://www.abc.net.au/sitemaps/sitemap-newengland-0.xml.gz"", ""https://www.abc.net.au/sitemaps/sitemap-news-0.xml.gz"", ""https://www.abc.net.au/sitemaps/sitemap-newssyndication-0.xml.gz"", ""https://www.abc.net.au/sitemaps/sitemap-northandwest-0.xml.gz"", ""https://www.abc.net.au/sitemaps/sitemap-northcoast-0.xml.gz"", ""https://www.abc.net.au/sitemaps/sitemap-northqld-0.xml.gz"", ""https://www.abc.net.au/sitemaps/sitemap-northtas-0.xml.gz"", ""https://www.abc.net.au/sitemaps/sitemap-northwest-0.xml.gz"", ""https://www.abc.net.au/sitemaps/sitemap-pacific-0.xml.gz"", ""https://www.abc.net.au/sitemaps/sitemap-perth-0.xml.gz"", ""https://www.abc.net.au/sitemaps/sitemap-pilbara-0.xml.gz"", ""https://www.abc.net.au/sitemaps/sitemap-radio-0.xml.gz"", ""https://www.abc.net.au/sitemaps/sitemap-radio-australia-0.xml.gz"", ""https://www.abc.net.au/sitemaps/sitemap-radionational-0.xml.gz"", ""https://www.abc.net.au/sitemaps/sitemap-rage-0.xml.gz"", ""https://www.abc.net.au/sitemaps/sitemap-reception-0.xml.gz"", ""https://www.abc.net.au/sitemaps/sitemap-religion-0.xml.gz"", ""https://www.abc.net.au/sitemaps/sitemap-riverina-0.xml.gz"", ""https://www.abc.net.au/sitemaps/sitemap-riverland-0.xml.gz"", ""https://www.abc.net.au/sitemaps/sitemap-science-0.xml.gz"", ""https://www.abc.net.au/sitemaps/sitemap-shepparton-0.xml.gz"", ""https://www.abc.net.au/sitemaps/sitemap-southeastnsw-0.xml.gz"", ""https://www.abc.net.au/sitemaps/sitemap-southeastsa-0.xml.gz"", ""https://www.abc.net.au/sitemaps/sitemap-southqld-0.xml.gz"", ""https://www.abc.net.au/sitemaps/sitemap-southwestvic-0.xml.gz"", ""https://www.abc.net.au/sitemaps/sitemap-southwestwa-0.xml.gz"", ""https://www.abc.net.au/sitemaps/sitemap-sport-0.xml.gz"", ""https://www.abc.net.au/sitemaps/sitemap-stateline-0.xml.gz"", ""https://www.abc.net.au/sitemaps/sitemap-sunshine-0.xml.gz"", ""https://www.abc.net.au/sitemaps/sitemap-sydney-0.xml.gz"", ""https://www.abc.net.au/sitemaps/sitemap-takeover-0.xml.gz"", ""https://www.abc.net.au/sitemaps/sitemap-tok-pisin-0.xml.gz"", ""https://www.abc.net.au/sitemaps/sitemap-triplej-0.xml.gz"", ""https://www.abc.net.au/sitemaps/sitemap-triplejunearthed-0.xml.gz"", ""https://www.abc.net.au/sitemaps/sitemap-tropic-0.xml.gz"", ""https://www.abc.net.au/sitemaps/sitemap-upperhunter-0.xml.gz"", ""https://www.abc.net.au/sitemaps/sitemap-westernplains-0.xml.gz"", ""https://www.abc.net.au/sitemaps/sitemap-westqld-0.xml.gz"", ""https://www.abc.net.au/sitemaps/sitemap-wheatbelt-0.xml.gz"", ""https://www.abc.net.au/sitemaps/sitemap-widebay-0.xml.gz"", ""https://www.abc.net.au/sitemaps/sitemap-wimmera-0.xml.gz""]",106,200,ABC News & Headlines – Australian Broadcasting Corporation,17814,402,True,1783,True,True,False,True,sitemap_then_article_extract,medium,active,,2026-05-17 19:12:55.950563
abs_gov_au,https://www.abs.gov.au/,https://www.abs.gov.au/,abs.gov.au,https,https://www.abs.gov.au/,https://www.abs.gov.au/robots.txt,True,"[""https://www.abs.gov.au/sitemap.xml""]",True,True,False,,,False,[],0,True,"[""https://www.abs.gov.au/sitemap.xml"", ""https://www.abs.gov.au/sitemap.xml?page=1"", ""https://www.abs.gov.au/sitemap.xml?page=2"", ""https://www.abs.gov.au/sitemap.xml?page=3"", ""https://www.abs.gov.au/sitemap.xml?page=4"", ""https://www.abs.gov.au/sitemap.xml?page=5"", ""https://www.abs.gov.au/sitemap.xml?page=6"", ""https://www.abs.gov.au/sitemap.xml?page=7"", ""https://www.abs.gov.au/sitemap.xml?page=8""]",9,200,Australian Bureau of Statistics,4535,72,True,260,False,False,False,True,sitemap_then_article_extract,medium,active,,2026-05-17 19:13:24.724072
adb_org,https://www.adb.org/,https://www.adb.org/,adb.org,https,https://www.adb.org/,https://www.adb.org/robots.txt,True,[],True,True,False,,,True,"[""https://www.adb.org/rss.xml""]",1,True,"[""https://www.adb.org/sitemap.xml"", ""https://www.adb.org/sitemap.xml?page=1"", ""https://www.adb.org/sitemap.xml?page=2"", ""https://www.adb.org/sitemap.xml?page=3"", ""https://www.adb.org/sitemap.xml?page=4"", ""https://www.adb.org/sitemap.xml?page=5"", ""https://www.adb.org/sitemap.xml?page=6"", ""https://www.adb.org/sitemap.xml?page=7""]",8,200,Asian Development Bank,16963,359,True,11111,False,True,False,False,rss_then_article_extract,medium,active,,2026-05-17 19:11:26.294412
afdb_org,https://www.afdb.org/,https://www.afdb.org/,afdb.org,https,https://www.afdb.org/,https://www.afdb.org/robots.txt,True,[],False,True,False,,,False,[],0,False,[],0,403,,0,0,False,0,True,True,False,False,playwright_fallback,medium,active_candidate,,2026-05-17 19:15:11.608246
afr_com,https://www.afr.com/,https://www.afr.com/,afr.com,https,https://www.afr.com/,https://www.afr.com/robots.txt,True,"[""https://www.afr.com/sitemaps/news/brands/afr"", ""https://www.afr.com/sitemaps/afr-sitemaps-articles.xml"", ""https://www.afr.com/sitemaps/afr-sitemaps-videos.xml""]",True,True,False,,,False,[],0,True,"[""https://www.afr.com/sitemaps/news/brands/afr"", ""https://www.afr.com/sitemaps/afr-sitemaps-articles.xml"", ""https://www.afr.com/sitemaps/afr-articles-20260516.xml"", ""https://www.afr.com/sitemaps/afr-articles-20260515.xml"", ""https://www.afr.com/sitemaps/afr-articles-20260514.xml"", ""https://www.afr.com/sitemaps/afr-articles-20260513.xml"", ""https://www.afr.com/sitemaps/afr-articles-20260512.xml"", ""https://www.afr.com/sitemaps/afr-articles-20260511.xml"", ""https://www.afr.com/sitemaps/afr-articles-20260510.xml"", ""https://www.afr.com/sitemaps/afr-articles-20260509.xml"", ""https://www.afr.com/sitemaps/afr-articles-20260508.xml"", ""https://www.afr.com/sitemaps/afr-articles-20260507.xml"", ""https://www.afr.com/sitemaps/afr-articles-20260506.xml"", ""https://www.afr.com/sitemaps/afr-articles-20260505.xml"", ""https://www.afr.com/sitemaps/afr-articles-20260504.xml"", ""https://www.afr.com/sitemaps/afr-articles-20260503.xml"", ""https://www.afr.com/sitemaps/afr-articles-20260502.xml"", ""https://www.afr.com/sitemaps/afr-articles-20260501.xml"", ""https://www.afr.com/sitemaps/afr-articles-20260430.xml"", ""https://www.afr.com/sitemaps/afr-articles-20260429.xml"", ""https://www.afr.com/sitemaps/afr-articles-20260428.xml"", ""https://www.afr.com/sitemaps/afr-articles-20260427.xml"", ""https://www.afr.com/sitemaps/afr-articles-20260426.xml"", ""https://www.afr.com/sitemaps/afr-articles-20260425.xml"", ""https://www.afr.com/sitemaps/afr-articles-20260424.xml"", ""https://www.afr.com/sitemaps/afr-articles-20260423.xml"", ""https://www.afr.com/sitemaps/afr-articles-20260422.xml"", ""https://www.afr.com/sitemaps/afr-articles-20260421.xml"", ""https://www.afr.com/sitemaps/afr-articles-20260420.xml"", ""https://www.afr.com/sitemaps/afr-articles-20260419.xml"", ""https://www.afr.com/sitemaps/afr-articles-20260418.xml"", ""https://www.afr.com/sitemaps/afr-articles-20260417.xml"", ""https://www.afr.com/sitemaps/afr-articles-20260416.xml"", ""https://www.afr.com/sitemaps/afr-articles-20260415.xml"", ""https://www.afr.com/sitemaps/afr-articles-20260414.xml"", ""https://www.afr.com/sitemaps/afr-articles-20260413.xml"", ""https://www.afr.com/sitemaps/afr-articles-20260412.xml"", ""https://www.afr.com/sitemaps/afr-articles-20260411.xml"", ""https://www.afr.com/sitemaps/afr-articles-20260410.xml"", ""https://www.afr.com/sitemaps/afr-articles-20260409.xml"", ""https://www.afr.com/sitemaps/afr-articles-20260408.xml"", ""https://www.afr.com/sitemaps/afr-articles-20260407.xml"", ""https://www.afr.com/sitemaps/afr-articles-20260406.xml"", ""https://www.afr.com/sitemaps/afr-articles-20260405.xml"", ""https://www.afr.com/sitemaps/afr-articles-20260404.xml"", ""https://www.afr.com/sitemaps/afr-articles-20260403.xml"", ""https://www.afr.com/sitemaps/afr-articles-20260402.xml"", ""https://www.afr.com/sitemaps/afr-articles-20260401.xml"", ""https://www.afr.com/sitemaps/afr-articles-20260331.xml"", ""https://www.afr.com/sitemaps/afr-articles-20260330.xml"", ""https://www.afr.com/sitemaps/afr-articles-20260329.xml"", ""https://www.afr.com/sitemaps/afr-articles-20260328.xml"", ""https://www.afr.com/sitemaps/afr-articles-20260327.xml"", ""https://www.afr.com/sitemaps/afr-articles-20260326.xml"", ""https://www.afr.com/sitemaps/afr-articles-20260325.xml"", ""https://www.afr.com/sitemaps/afr-articles-20260324.xml"", ""https://www.afr.com/sitemaps/afr-articles-20260323.xml"", ""https://www.afr.com/sitemaps/afr-articles-20260322.xml"", ""https://www.afr.com/sitemaps/afr-articles-20260321.xml"", ""https://www.afr.com/sitemaps/afr-articles-20260320.xml"", ""https://www.afr.com/sitemaps/afr-articles-20260319.xml"", ""https://www.afr.com/sitemaps/afr-articles-20260318.xml"", ""https://www.afr.com/sitemaps/afr-articles-20260317.xml"", ""https://www.afr.com/sitemaps/afr-articles-20260316.xml"", ""https://www.afr.com/sitemaps/afr-articles-20260315.xml"", ""https://www.afr.com/sitemaps/afr-articles-20260314.xml"", ""https://www.afr.com/sitemaps/afr-articles-20260313.xml"", ""https://www.afr.com/sitemaps/afr-articles-20260312.xml"", ""https://www.afr.com/sitemaps/afr-articles-20260311.xml"", ""https://www.afr.com/sitemaps/afr-articles-20260310.xml"", ""https://www.afr.com/sitemaps/afr-articles-20260309.xml"", ""https://www.afr.com/sitemaps/afr-articles-20260308.xml"", ""https://www.afr.com/sitemaps/afr-articles-20260307.xml"", ""https://www.afr.com/sitemaps/afr-articles-20260306.xml"", ""https://www.afr.com/sitemaps/afr-articles-20260305.xml"", ""https://www.afr.com/sitemaps/afr-articles-20260304.xml"", ""https://www.afr.com/sitemaps/afr-articles-20260303.xml"", ""https://www.afr.com/sitemaps/afr-articles-20260302.xml"", ""https://www.afr.com/sitemaps/afr-articles-20260301.xml"", ""https://www.afr.com/sitemaps/afr-articles-20260228.xml"", ""https://www.afr.com/sitemaps/afr-articles-20260227.xml"", ""https://www.afr.com/sitemaps/afr-articles-20260226.xml"", ""https://www.afr.com/sitemaps/afr-articles-20260225.xml"", ""https://www.afr.com/sitemaps/afr-articles-20260224.xml"", ""https://www.afr.com/sitemaps/afr-articles-20260223.xml"", ""https://www.afr.com/sitemaps/afr-articles-20260222.xml"", ""https://www.afr.com/sitemaps/afr-articles-20260221.xml"", ""https://www.afr.com/sitemaps/afr-articles-20260220.xml"", ""https://www.afr.com/sitemaps/afr-articles-20260219.xml"", ""https://www.afr.com/sitemaps/afr-articles-20260218.xml"", ""https://www.afr.com/sitemaps/afr-articles-20260217.xml"", ""https://www.afr.com/sitemaps/afr-articles-20260216.xml"", ""https://www.afr.com/sitemaps/afr-articles-20260215.xml"", ""https://www.afr.com/sitemaps/afr-articles-20260214.xml"", ""https://www.afr.com/sitemaps/afr-articles-20260213.xml"", ""https://www.afr.com/sitemaps/afr-articles-20260212.xml"", ""https://www.afr.com/sitemaps/afr-articles-20260211.xml"", ""https://www.afr.com/sitemaps/afr-articles-20260210.xml"", ""https://www.afr.com/sitemaps/afr-articles-20260209.xml"", ""https://www.afr.com/sitemaps/afr-articles-20260208.xml"", ""https://www.afr.com/sitemaps/afr-articles-20260207.xml"", ""https://www.afr.com/sitemaps/afr-articles-20260206.xml"", ""https://www.afr.com/sitemaps/afr-articles-20260205.xml"", ""https://www.afr.com/sitemaps/afr-articles-20260204.xml"", ""https://www.afr.com/sitemaps/afr-articles-20260203.xml"", ""https://www.afr.com/sitemaps/afr-articles-20260202.xml"", ""https://www.afr.com/sitemaps/afr-articles-20260201.xml"", ""https://www.afr.com/sitemaps/afr-articles-20260131.xml"", ""https://www.afr.com/sitemaps/afr-articles-20260130.xml"", ""https://www.afr.com/sitemaps/afr-articles-20260129.xml"", ""https://www.afr.com/sitemaps/afr-articles-20260128.xml"", ""https://www.afr.com/sitemaps/afr-articles-20260127.xml"", ""https://www.afr.com/sitemaps/afr-articles-20260126.xml"", ""https://www.afr.com/sitemaps/afr-articles-20260125.xml"", ""https://www.afr.com/sitemaps/afr-articles-20260124.xml"", ""https://www.afr.com/sitemaps/afr-articles-20260123.xml"", ""https://www.afr.com/sitemaps/afr-articles-20260122.xml"", ""https://www.afr.com/sitemaps/afr-articles-20260121.xml"", ""https://www.afr.com/sitemaps/afr-articles-20260120.xml"", ""https://www.afr.com/sitemaps/afr-articles-20260119.xml""]",120,200,"Financial Review - Business, Finance and Investment News | afr.com",19308,426,True,2208,False,True,False,True,sitemap_then_article_extract,medium,active,,2026-05-17 19:13:03.424052
agenciadenoticias_ibge_gov_br,https://agenciadenoticias.ibge.gov.br/en,https://agenciadenoticias.ibge.gov.br/en,agenciadenoticias.ibge.gov.br,https,https://agenciadenoticias.ibge.gov.br/en,https://agenciadenoticias.ibge.gov.br/robots.txt,True,[],True,True,False,,,False,[],0,False,[],0,200,Home | News Agency,1539,48,True,378,False,True,False,False,html_then_trafilatura,medium,active_candidate,,2026-05-17 19:14:52.531897
aljazeera_com,https://www.aljazeera.com/,https://www.aljazeera.com/,aljazeera.com,https,https://www.aljazeera.com/,https://www.aljazeera.com/robots.txt,True,"[""https://www.aljazeera.com/news-sitemap.xml"", ""https://www.aljazeera.com/sitemaps/article-archive.xml"", ""https://www.aljazeera.com/sitemaps/article-new.xml"", ""https://www.aljazeera.com/sitemaps/video-archive.xml"", ""https://www.aljazeera.com/sitemaps/video-new.xml""]",True,True,False,,,True,"[""https://www.aljazeera.com/xml/rss/all.xml""]",1,True,"[""https://www.aljazeera.com/news-sitemap.xml"", ""https://www.aljazeera.com/sitemaps/article-archive.xml"", ""https://www.aljazeera.com/sitemaps/article-archive/2025/12.xml"", ""https://www.aljazeera.com/sitemaps/article-archive/2025/11.xml"", ""https://www.aljazeera.com/sitemaps/article-archive/2025/10.xml"", ""https://www.aljazeera.com/sitemaps/article-archive/2025/09.xml"", ""https://www.aljazeera.com/sitemaps/article-archive/2025/08.xml"", ""https://www.aljazeera.com/sitemaps/article-archive/2025/07.xml"", ""https://www.aljazeera.com/sitemaps/article-archive/2025/06.xml"", ""https://www.aljazeera.com/sitemaps/article-archive/2025/05.xml"", ""https://www.aljazeera.com/sitemaps/article-archive/2025/04.xml"", ""https://www.aljazeera.com/sitemaps/article-archive/2025/03.xml"", ""https://www.aljazeera.com/sitemaps/article-archive/2025/02.xml"", ""https://www.aljazeera.com/sitemaps/article-archive/2025/01.xml"", ""https://www.aljazeera.com/sitemaps/article-archive/2024/12.xml"", ""https://www.aljazeera.com/sitemaps/article-archive/2024/11.xml"", ""https://www.aljazeera.com/sitemaps/article-archive/2024/10.xml"", ""https://www.aljazeera.com/sitemaps/article-archive/2024/09.xml"", ""https://www.aljazeera.com/sitemaps/article-archive/2024/08.xml"", ""https://www.aljazeera.com/sitemaps/article-archive/2024/07.xml"", ""https://www.aljazeera.com/sitemaps/article-archive/2024/06.xml"", ""https://www.aljazeera.com/sitemaps/article-archive/2024/05.xml"", ""https://www.aljazeera.com/sitemaps/article-archive/2024/04.xml"", ""https://www.aljazeera.com/sitemaps/article-archive/2024/03.xml"", ""https://www.aljazeera.com/sitemaps/article-archive/2024/02.xml"", ""https://www.aljazeera.com/sitemaps/article-archive/2024/01.xml"", ""https://www.aljazeera.com/sitemaps/article-archive/2023/12.xml"", ""https://www.aljazeera.com/sitemaps/article-archive/2023/11.xml"", ""https://www.aljazeera.com/sitemaps/article-archive/2023/10.xml"", ""https://www.aljazeera.com/sitemaps/article-archive/2023/09.xml"", ""https://www.aljazeera.com/sitemaps/article-archive/2023/08.xml"", ""https://www.aljazeera.com/sitemaps/article-archive/2023/07.xml"", ""https://www.aljazeera.com/sitemaps/article-archive/2023/06.xml"", ""https://www.aljazeera.com/sitemaps/article-archive/2023/05.xml"", ""https://www.aljazeera.com/sitemaps/article-archive/2023/04.xml"", ""https://www.aljazeera.com/sitemaps/article-archive/2023/03.xml"", ""https://www.aljazeera.com/sitemaps/article-archive/2023/02.xml"", ""https://www.aljazeera.com/sitemaps/article-archive/2023/01.xml"", ""https://www.aljazeera.com/sitemaps/article-archive/2022/12.xml"", ""https://www.aljazeera.com/sitemaps/article-archive/2022/11.xml"", ""https://www.aljazeera.com/sitemaps/article-archive/2022/10.xml"", ""https://www.aljazeera.com/sitemaps/article-archive/2022/09.xml"", ""https://www.aljazeera.com/sitemaps/article-archive/2022/08.xml"", ""https://www.aljazeera.com/sitemaps/article-archive/2022/07.xml"", ""https://www.aljazeera.com/sitemaps/article-archive/2022/06.xml"", ""https://www.aljazeera.com/sitemaps/article-archive/2022/05.xml"", ""https://www.aljazeera.com/sitemaps/article-archive/2022/04.xml"", ""https://www.aljazeera.com/sitemaps/article-archive/2022/03.xml"", ""https://www.aljazeera.com/sitemaps/article-archive/2022/02.xml"", ""https://www.aljazeera.com/sitemaps/article-archive/2022/01.xml"", ""https://www.aljazeera.com/sitemaps/article-archive/2021/12.xml"", ""https://www.aljazeera.com/sitemaps/article-archive/2021/11.xml"", ""https://www.aljazeera.com/sitemaps/article-archive/2021/10.xml"", ""https://www.aljazeera.com/sitemaps/article-archive/2021/09.xml"", ""https://www.aljazeera.com/sitemaps/article-archive/2021/08.xml"", ""https://www.aljazeera.com/sitemaps/article-archive/2021/07.xml"", ""https://www.aljazeera.com/sitemaps/article-archive/2021/06.xml"", ""https://www.aljazeera.com/sitemaps/article-archive/2021/05.xml"", ""https://www.aljazeera.com/sitemaps/article-archive/2021/04.xml"", ""https://www.aljazeera.com/sitemaps/article-archive/2021/03.xml"", ""https://www.aljazeera.com/sitemaps/article-archive/2021/02.xml"", ""https://www.aljazeera.com/sitemaps/article-archive/2021/01.xml"", ""https://www.aljazeera.com/sitemaps/article-archive/2020/12.xml"", ""https://www.aljazeera.com/sitemaps/article-archive/2020/11.xml"", ""https://www.aljazeera.com/sitemaps/article-archive/2020/10.xml"", ""https://www.aljazeera.com/sitemaps/article-archive/2020/09.xml"", ""https://www.aljazeera.com/sitemaps/article-archive/2020/08.xml"", ""https://www.aljazeera.com/sitemaps/article-archive/2020/07.xml"", ""https://www.aljazeera.com/sitemaps/article-archive/2020/06.xml"", ""https://www.aljazeera.com/sitemaps/article-archive/2020/05.xml"", ""https://www.aljazeera.com/sitemaps/article-archive/2020/04.xml"", ""https://www.aljazeera.com/sitemaps/article-archive/2020/03.xml"", ""https://www.aljazeera.com/sitemaps/article-archive/2020/02.xml"", ""https://www.aljazeera.com/sitemaps/article-archive/2020/01.xml"", ""https://www.aljazeera.com/sitemaps/article-archive/2019/12.xml"", ""https://www.aljazeera.com/sitemaps/article-archive/2019/11.xml"", ""https://www.aljazeera.com/sitemaps/article-archive/2019/10.xml"", ""https://www.aljazeera.com/sitemaps/article-archive/2019/09.xml"", ""https://www.aljazeera.com/sitemaps/article-archive/2019/08.xml"", ""https://www.aljazeera.com/sitemaps/article-archive/2019/07.xml"", ""https://www.aljazeera.com/sitemaps/article-archive/2019/06.xml"", ""https://www.aljazeera.com/sitemaps/article-archive/2019/05.xml"", ""https://www.aljazeera.com/sitemaps/article-archive/2019/04.xml"", ""https://www.aljazeera.com/sitemaps/article-archive/2019/03.xml"", ""https://www.aljazeera.com/sitemaps/article-archive/2019/02.xml"", ""https://www.aljazeera.com/sitemaps/article-archive/2019/01.xml"", ""https://www.aljazeera.com/sitemaps/article-archive/2018/12.xml"", ""https://www.aljazeera.com/sitemaps/article-archive/2018/11.xml"", ""https://www.aljazeera.com/sitemaps/article-archive/2018/10.xml"", ""https://www.aljazeera.com/sitemaps/article-archive/2018/09.xml"", ""https://www.aljazeera.com/sitemaps/article-archive/2018/08.xml"", ""https://www.aljazeera.com/sitemaps/article-archive/2018/07.xml"", ""https://www.aljazeera.com/sitemaps/article-archive/2018/06.xml"", ""https://www.aljazeera.com/sitemaps/article-archive/2018/05.xml"", ""https://www.aljazeera.com/sitemaps/article-archive/2018/04.xml"", ""https://www.aljazeera.com/sitemaps/article-archive/2018/03.xml"", ""https://www.aljazeera.com/sitemaps/article-archive/2018/02.xml"", ""https://www.aljazeera.com/sitemaps/article-archive/2018/01.xml"", ""https://www.aljazeera.com/sitemaps/article-archive/2017/12.xml"", ""https://www.aljazeera.com/sitemaps/article-archive/2017/11.xml"", ""https://www.aljazeera.com/sitemaps/article-archive/2017/10.xml"", ""https://www.aljazeera.com/sitemaps/article-archive/2017/09.xml"", ""https://www.aljazeera.com/sitemaps/article-archive/2017/08.xml"", ""https://www.aljazeera.com/sitemaps/article-archive/2017/07.xml"", ""https://www.aljazeera.com/sitemaps/article-archive/2017/06.xml"", ""https://www.aljazeera.com/sitemaps/article-archive/2017/05.xml"", ""https://www.aljazeera.com/sitemaps/article-archive/2017/04.xml"", ""https://www.aljazeera.com/sitemaps/article-archive/2017/03.xml"", ""https://www.aljazeera.com/sitemaps/article-archive/2017/02.xml"", ""https://www.aljazeera.com/sitemaps/article-archive/2017/01.xml"", ""https://www.aljazeera.com/sitemaps/article-archive/2016/12.xml"", ""https://www.aljazeera.com/sitemaps/article-archive/2016/11.xml"", ""https://www.aljazeera.com/sitemaps/article-archive/2016/10.xml"", ""https://www.aljazeera.com/sitemaps/article-archive/2016/09.xml"", ""https://www.aljazeera.com/sitemaps/article-archive/2016/08.xml"", ""https://www.aljazeera.com/sitemaps/article-archive/2016/07.xml"", ""https://www.aljazeera.com/sitemaps/article-archive/2016/06.xml"", ""https://www.aljazeera.com/sitemaps/article-archive/2016/05.xml"", ""https://www.aljazeera.com/sitemaps/article-archive/2016/04.xml"", ""https://www.aljazeera.com/sitemaps/article-archive/2016/03.xml""]",120,200,"Breaking News, World News and Video from Al Jazeera",6081,121,True,757,True,False,False,True,rss_then_article_extract,medium,active,,2026-05-17 19:02:02.920906
almasryalyoum_com,https://www.almasryalyoum.com/,https://www.almasryalyoum.com/,almasryalyoum.com,https,https://www.almasryalyoum.com/,https://www.almasryalyoum.com/robots.txt,True,"[""https://www.almasryalyoum.com/sitemap.xml""]",True,True,False,,,False,[],0,False,[],0,200,المصري اليوم,7799,343,True,481,False,True,True,True,html_then_trafilatura,medium,active_candidate,,2026-05-17 19:15:31.001638
apnews_com,https://apnews.com/,https://apnews.com/,apnews.com,https,https://apnews.com/,https://apnews.com/robots.txt,True,"[""https://apnews.com/ap-sitemap.xml"", ""https://apnews.com/news-sitemap-content.xml"", ""https://apnews.com/hubs-sitemap-content.xml"", ""https://apnews.com/video-sitemap.xml"", ""https://apnews.com/projects/elections-2026/sitemap-index.xml""]",True,True,False,,,False,[],0,True,"[""https://apnews.com/ap-sitemap.xml"", ""https://apnews.com/ap-sitemap-200602.xml"", ""https://apnews.com/ap-sitemap-200610.xml"", ""https://apnews.com/ap-sitemap-200706.xml"", ""https://apnews.com/ap-sitemap-200707.xml"", ""https://apnews.com/ap-sitemap-200708.xml"", ""https://apnews.com/ap-sitemap-200709.xml"", ""https://apnews.com/ap-sitemap-200710.xml"", ""https://apnews.com/ap-sitemap-200711.xml"", ""https://apnews.com/ap-sitemap-200712.xml"", ""https://apnews.com/ap-sitemap-200801.xml"", ""https://apnews.com/ap-sitemap-200802.xml"", ""https://apnews.com/ap-sitemap-200803.xml"", ""https://apnews.com/ap-sitemap-200804.xml"", ""https://apnews.com/ap-sitemap-200805.xml"", ""https://apnews.com/ap-sitemap-200806.xml"", ""https://apnews.com/ap-sitemap-200807.xml"", ""https://apnews.com/ap-sitemap-200808.xml"", ""https://apnews.com/ap-sitemap-200809.xml"", ""https://apnews.com/ap-sitemap-200810.xml"", ""https://apnews.com/ap-sitemap-200811.xml"", ""https://apnews.com/ap-sitemap-200901.xml"", ""https://apnews.com/ap-sitemap-200902.xml"", ""https://apnews.com/ap-sitemap-200903.xml"", ""https://apnews.com/ap-sitemap-200905.xml"", ""https://apnews.com/ap-sitemap-200906.xml"", ""https://apnews.com/ap-sitemap-200907.xml"", ""https://apnews.com/ap-sitemap-200910.xml"", ""https://apnews.com/ap-sitemap-200911.xml"", ""https://apnews.com/ap-sitemap-200912.xml"", ""https://apnews.com/ap-sitemap-201002.xml"", ""https://apnews.com/ap-sitemap-201003.xml"", ""https://apnews.com/ap-sitemap-201004.xml"", ""https://apnews.com/ap-sitemap-201005.xml"", ""https://apnews.com/ap-sitemap-201006.xml"", ""https://apnews.com/ap-sitemap-201007.xml"", ""https://apnews.com/ap-sitemap-201008.xml"", ""https://apnews.com/ap-sitemap-201009.xml"", ""https://apnews.com/ap-sitemap-201010.xml"", ""https://apnews.com/ap-sitemap-201011.xml"", ""https://apnews.com/ap-sitemap-201012.xml"", ""https://apnews.com/ap-sitemap-201101.xml"", ""https://apnews.com/ap-sitemap-201102.xml"", ""https://apnews.com/ap-sitemap-201103.xml"", ""https://apnews.com/ap-sitemap-201104.xml"", ""https://apnews.com/ap-sitemap-201105.xml"", ""https://apnews.com/ap-sitemap-201106.xml"", ""https://apnews.com/ap-sitemap-201107.xml"", ""https://apnews.com/ap-sitemap-201108.xml"", ""https://apnews.com/ap-sitemap-201109.xml"", ""https://apnews.com/ap-sitemap-201110.xml"", ""https://apnews.com/ap-sitemap-201111.xml"", ""https://apnews.com/ap-sitemap-201112.xml"", ""https://apnews.com/ap-sitemap-201201.xml"", ""https://apnews.com/ap-sitemap-201202.xml"", ""https://apnews.com/ap-sitemap-201203.xml"", ""https://apnews.com/ap-sitemap-201204.xml"", ""https://apnews.com/ap-sitemap-201205.xml"", ""https://apnews.com/ap-sitemap-201206.xml"", ""https://apnews.com/ap-sitemap-201207.xml"", ""https://apnews.com/ap-sitemap-201208.xml"", ""https://apnews.com/ap-sitemap-201209.xml"", ""https://apnews.com/ap-sitemap-201210.xml"", ""https://apnews.com/ap-sitemap-201211.xml"", ""https://apnews.com/ap-sitemap-201212.xml"", ""https://apnews.com/ap-sitemap-201301.xml"", ""https://apnews.com/ap-sitemap-201302.xml"", ""https://apnews.com/ap-sitemap-201303.xml"", ""https://apnews.com/ap-sitemap-201304.xml"", ""https://apnews.com/ap-sitemap-201305.xml"", ""https://apnews.com/ap-sitemap-201306.xml"", ""https://apnews.com/ap-sitemap-201307.xml"", ""https://apnews.com/ap-sitemap-201308.xml"", ""https://apnews.com/ap-sitemap-201309.xml"", ""https://apnews.com/ap-sitemap-201310.xml"", ""https://apnews.com/ap-sitemap-201311.xml"", ""https://apnews.com/ap-sitemap-201312.xml"", ""https://apnews.com/ap-sitemap-201401.xml"", ""https://apnews.com/ap-sitemap-201402.xml"", ""https://apnews.com/ap-sitemap-201403.xml"", ""https://apnews.com/ap-sitemap-201404.xml"", ""https://apnews.com/ap-sitemap-201405.xml"", ""https://apnews.com/ap-sitemap-201406.xml"", ""https://apnews.com/ap-sitemap-201407.xml"", ""https://apnews.com/ap-sitemap-201408.xml"", ""https://apnews.com/ap-sitemap-201409.xml"", ""https://apnews.com/ap-sitemap-201410.xml"", ""https://apnews.com/ap-sitemap-201411.xml"", ""https://apnews.com/ap-sitemap-201412.xml"", ""https://apnews.com/ap-sitemap-201501.xml"", ""https://apnews.com/ap-sitemap-201502.xml"", ""https://apnews.com/ap-sitemap-201503.xml"", ""https://apnews.com/ap-sitemap-201504.xml"", ""https://apnews.com/ap-sitemap-201505.xml"", ""https://apnews.com/ap-sitemap-201506.xml"", ""https://apnews.com/ap-sitemap-201507.xml"", ""https://apnews.com/ap-sitemap-201508.xml"", ""https://apnews.com/ap-sitemap-201509.xml"", ""https://apnews.com/ap-sitemap-201510.xml"", ""https://apnews.com/ap-sitemap-201511.xml"", ""https://apnews.com/ap-sitemap-201512.xml"", ""https://apnews.com/ap-sitemap-201601.xml"", ""https://apnews.com/ap-sitemap-201602.xml"", ""https://apnews.com/ap-sitemap-201603.xml"", ""https://apnews.com/ap-sitemap-201604.xml"", ""https://apnews.com/ap-sitemap-201605.xml"", ""https://apnews.com/ap-sitemap-201606.xml"", ""https://apnews.com/ap-sitemap-201607.xml"", ""https://apnews.com/ap-sitemap-201608.xml"", ""https://apnews.com/ap-sitemap-201609.xml"", ""https://apnews.com/ap-sitemap-201610.xml"", ""https://apnews.com/ap-sitemap-201611.xml"", ""https://apnews.com/ap-sitemap-201612.xml"", ""https://apnews.com/ap-sitemap-201701.xml"", ""https://apnews.com/ap-sitemap-201702.xml"", ""https://apnews.com/ap-sitemap-201703.xml"", ""https://apnews.com/ap-sitemap-201704.xml"", ""https://apnews.com/ap-sitemap-201705.xml"", ""https://apnews.com/ap-sitemap-201706.xml"", ""https://apnews.com/ap-sitemap-201707.xml""]",120,200,"Associated Press News: Breaking News, Latest Headlines and Videos  | AP News",53818,1608,True,2687,False,True,True,True,sitemap_then_article_extract,medium,active,,2026-05-17 19:02:02.920906
arabnews_com,https://www.arabnews.com/,https://www.arabnews.com/,arabnews.com,https,https://www.arabnews.com/,https://www.arabnews.com/robots.txt,True,"[""https://www.arabnews.com/sitemap.xml"", ""https://www.arabnews.com/googlenews.xml""]",True,True,False,,,True,"[""https://www.arabnews.com/rss.xml""]",1,True,"[""https://www.arabnews.com/sitemap.xml"", ""https://www.arabnews.com/sitemap.xml?page=1"", ""https://www.arabnews.com/sitemap.xml?page=2"", ""https://www.arabnews.com/sitemap.xml?page=3"", ""https://www.arabnews.com/sitemap.xml?page=4"", ""https://www.arabnews.com/sitemap.xml?page=5"", ""https://www.arabnews.com/sitemap.xml?page=6"", ""https://www.arabnews.com/sitemap.xml?page=7"", ""https://www.arabnews.com/sitemap.xml?page=8"", ""https://www.arabnews.com/sitemap.xml?page=9"", ""https://www.arabnews.com/sitemap.xml?page=10"", ""https://www.arabnews.com/sitemap.xml?page=11"", ""https://www.arabnews.com/sitemap.xml?page=12"", ""https://www.arabnews.com/sitemap.xml?page=13"", ""https://www.arabnews.com/sitemap.xml?page=14"", ""https://www.arabnews.com/sitemap.xml?page=15"", ""https://www.arabnews.com/sitemap.xml?page=16"", ""https://www.arabnews.com/sitemap.xml?page=17"", ""https://www.arabnews.com/sitemap.xml?page=18"", ""https://www.arabnews.com/sitemap.xml?page=19"", ""https://www.arabnews.com/sitemap.xml?page=20"", ""https://www.arabnews.com/sitemap.xml?page=21"", ""https://www.arabnews.com/sitemap.xml?page=22"", ""https://www.arabnews.com/sitemap.xml?page=23"", ""https://www.arabnews.com/sitemap.xml?page=24"", ""https://www.arabnews.com/sitemap.xml?page=25"", ""https://www.arabnews.com/sitemap.xml?page=26"", ""https://www.arabnews.com/sitemap.xml?page=27"", ""https://www.arabnews.com/sitemap.xml?page=28"", ""https://www.arabnews.com/sitemap.xml?page=29"", ""https://www.arabnews.com/sitemap.xml?page=30"", ""https://www.arabnews.com/sitemap.xml?page=31"", ""https://www.arabnews.com/sitemap.xml?page=32"", ""https://www.arabnews.com/sitemap.xml?page=33"", ""https://www.arabnews.com/sitemap.xml?page=34"", ""https://www.arabnews.com/sitemap.xml?page=35"", ""https://www.arabnews.com/sitemap.xml?page=36"", ""https://www.arabnews.com/sitemap.xml?page=37"", ""https://www.arabnews.com/sitemap.xml?page=38"", ""https://www.arabnews.com/sitemap.xml?page=39"", ""https://www.arabnews.com/sitemap.xml?page=40"", ""https://www.arabnews.com/sitemap.xml?page=41"", ""https://www.arabnews.com/sitemap.xml?page=42"", ""https://www.arabnews.com/sitemap.xml?page=43"", ""https://www.arabnews.com/sitemap.xml?page=44"", ""https://www.arabnews.com/sitemap.xml?page=45"", ""https://www.arabnews.com/sitemap.xml?page=46"", ""https://www.arabnews.com/sitemap.xml?page=47"", ""https://www.arabnews.com/sitemap.xml?page=48"", ""https://www.arabnews.com/sitemap.xml?page=49"", ""https://www.arabnews.com/sitemap.xml?page=50"", ""https://www.arabnews.com/sitemap.xml?page=51"", ""https://www.arabnews.com/sitemap.xml?page=52"", ""https://www.arabnews.com/sitemap.xml?page=53"", ""https://www.arabnews.com/sitemap.xml?page=54"", ""https://www.arabnews.com/sitemap.xml?page=55"", ""https://www.arabnews.com/sitemap.xml?page=56"", ""https://www.arabnews.com/sitemap.xml?page=57"", ""https://www.arabnews.com/sitemap.xml?page=58"", ""https://www.arabnews.com/sitemap.xml?page=59"", ""https://www.arabnews.com/sitemap.xml?page=60"", ""https://www.arabnews.com/sitemap.xml?page=61"", ""https://www.arabnews.com/sitemap.xml?page=62"", ""https://www.arabnews.com/sitemap.xml?page=63"", ""https://www.arabnews.com/sitemap.xml?page=64"", ""https://www.arabnews.com/sitemap.xml?page=65"", ""https://www.arabnews.com/sitemap.xml?page=66"", ""https://www.arabnews.com/sitemap.xml?page=67"", ""https://www.arabnews.com/sitemap.xml?page=68"", ""https://www.arabnews.com/sitemap.xml?page=69"", ""https://www.arabnews.com/sitemap.xml?page=70"", ""https://www.arabnews.com/sitemap.xml?page=71"", ""https://www.arabnews.com/sitemap.xml?page=72"", ""https://www.arabnews.com/sitemap.xml?page=73"", ""https://www.arabnews.com/sitemap.xml?page=74"", ""https://www.arabnews.com/sitemap.xml?page=75"", ""https://www.arabnews.com/sitemap.xml?page=76"", ""https://www.arabnews.com/sitemap.xml?page=77"", ""https://www.arabnews.com/sitemap.xml?page=78"", ""https://www.arabnews.com/sitemap.xml?page=79"", ""https://www.arabnews.com/sitemap.xml?page=80"", ""https://www.arabnews.com/sitemap.xml?page=81"", ""https://www.arabnews.com/sitemap.xml?page=82"", ""https://www.arabnews.com/sitemap.xml?page=83"", ""https://www.arabnews.com/sitemap.xml?page=84"", ""https://www.arabnews.com/sitemap.xml?page=85"", ""https://www.arabnews.com/sitemap.xml?page=86"", ""https://www.arabnews.com/sitemap.xml?page=87"", ""https://www.arabnews.com/sitemap.xml?page=88"", ""https://www.arabnews.com/sitemap.xml?page=89"", ""https://www.arabnews.com/sitemap.xml?page=90"", ""https://www.arabnews.com/sitemap.xml?page=91"", ""https://www.arabnews.com/sitemap.xml?page=92"", ""https://www.arabnews.com/sitemap.xml?page=93"", ""https://www.arabnews.com/sitemap.xml?page=94"", ""https://www.arabnews.com/sitemap.xml?page=95"", ""https://www.arabnews.com/sitemap.xml?page=96"", ""https://www.arabnews.com/sitemap.xml?page=97"", ""https://www.arabnews.com/sitemap.xml?page=98"", ""https://www.arabnews.com/sitemap.xml?page=99"", ""https://www.arabnews.com/sitemap.xml?page=100"", ""https://www.arabnews.com/sitemap.xml?page=101"", ""https://www.arabnews.com/sitemap.xml?page=102"", ""https://www.arabnews.com/sitemap.xml?page=103"", ""https://www.arabnews.com/sitemap.xml?page=104"", ""https://www.arabnews.com/sitemap.xml?page=105"", ""https://www.arabnews.com/sitemap.xml?page=106"", ""https://www.arabnews.com/sitemap.xml?page=107"", ""https://www.arabnews.com/sitemap.xml?page=108"", ""https://www.arabnews.com/sitemap.xml?page=109"", ""https://www.arabnews.com/sitemap.xml?page=110"", ""https://www.arabnews.com/sitemap.xml?page=111"", ""https://www.arabnews.com/sitemap.xml?page=112"", ""https://www.arabnews.com/sitemap.xml?page=113"", ""https://www.arabnews.com/sitemap.xml?page=114"", ""https://www.arabnews.com/sitemap.xml?page=115"", ""https://www.arabnews.com/googlenews.xml""]",117,200,"Arab News | Worldwide News, Latest Breaking News & Updates",11018,396,True,1217,False,True,False,False,rss_then_article_extract,medium,active,,2026-05-17 19:11:40.376467
arxiv_org,https://arxiv.org/,https://arxiv.org/,arxiv.org,https,https://arxiv.org/,https://arxiv.org/robots.txt,True,[],True,True,True,arxiv_collector,http://export.arxiv.org/api/query,False,[],0,False,[],0,200,arXiv.org e-Print archive,6242,259,True,5120,False,True,False,True,api_first,low,active,,2026-05-17 19:02:02.931456
asia_nikkei_com,https://asia.nikkei.com/,https://asia.nikkei.com/,asia.nikkei.com,https,https://asia.nikkei.com/,https://asia.nikkei.com/robots.txt,True,"[""https://asia.nikkei.com/sitemap.xml"", ""https://asia.nikkei.com/sitemap_news.xml""]",True,True,False,,,False,[],0,True,"[""https://asia.nikkei.com/sitemap.xml"", ""https://asia.nikkei.com/sitemap_news.xml"", ""https://asia.nikkei.com/news_sitemap.xml?date=20260517""]",3,200,"Nikkei Asia - Business, Politics, Economy and Tech News & Analysis",13036,485,True,973,True,True,False,True,sitemap_then_article_extract,medium,active,,2026-05-17 19:08:53.274172
bangkokpost_com,https://www.bangkokpost.com/,https://www.bangkokpost.com/,bangkokpost.com,https,https://www.bangkokpost.com/,https://www.bangkokpost.com/robots.txt,True,"[""https://www.bangkokpost.com/sitemap.xml"", ""https://www.bangkokpost.com/sitemap_news.xml""]",True,True,False,,,False,[],0,True,"[""https://www.bangkokpost.com/sitemap.xml"", ""https://www.bangkokpost.com/sitemap/sitemap_thailand.xml"", ""https://www.bangkokpost.com/sitemap/sitemap_world.xml"", ""https://www.bangkokpost.com/sitemap/sitemap_business.xml"", ""https://www.bangkokpost.com/sitemap/sitemap_opinion.xml"", ""https://www.bangkokpost.com/sitemap/sitemap_life.xml"", ""https://www.bangkokpost.com/sitemap/sitemap_sports.xml"", ""https://www.bangkokpost.com/sitemap/sitemap_property.xml"", ""https://www.bangkokpost.com/sitemap/sitemap_video.xml"", ""https://www.bangkokpost.com/sitemap/sitemap_photos.xml"", ""https://www.bangkokpost.com/sitemap/sitemap_learning.xml"", ""https://www.bangkokpost.com/sitemap/sitemap_podcast.xml"", ""https://www.bangkokpost.com/sitemap/sitemap_sustainability.xml"", ""https://www.bangkokpost.com/sitemap_news.xml"", ""https://www.bangkokpost.com/sitemap_index.xml"", ""https://www.bangkokpost.com/sitemap/sitemap_thailand.xml.gz"", ""https://www.bangkokpost.com/sitemap/sitemap_world.xml.gz"", ""https://www.bangkokpost.com/sitemap/sitemap_business.xml.gz"", ""https://www.bangkokpost.com/sitemap/sitemap_opinion.xml.gz"", ""https://www.bangkokpost.com/sitemap/sitemap_sports.xml.gz"", ""https://www.bangkokpost.com/sitemap/sitemap_life.xml.gz"", ""https://www.bangkokpost.com/sitemap/sitemap_learning.xml.gz"", ""https://www.bangkokpost.com/sitemap/sitemap_video.xml.gz"", ""https://www.bangkokpost.com/sitemap/sitemap_property.xml.gz"", ""https://www.bangkokpost.com/sitemap/sitemap_photos.xml.gz""]",25,200,"Bangkok Post - The world’s window in Thailand | Breaking news, Thailand news, Latest news, World news",10712,416,True,169,False,True,False,True,sitemap_then_article_extract,medium,active,,2026-05-17 19:11:27.528421
bankofcanada_ca,https://www.bankofcanada.ca/,https://www.bankofcanada.ca/,bankofcanada.ca,https,https://www.bankofcanada.ca/,https://www.bankofcanada.ca/robots.txt,True,"[""https://www.bankofcanada.ca/wp-sitemap.xml""]",True,True,False,,,True,"[""https://www.bankofcanada.ca/feed/?content_type=sparks-at-bank-article&post_type[0]=post""]",1,True,"[""https://www.bankofcanada.ca/wp-sitemap.xml"", ""https://www.bankofcanada.ca/wp-sitemap-posts-post-1.xml"", ""https://www.bankofcanada.ca/wp-sitemap-posts-post-2.xml"", ""https://www.bankofcanada.ca/wp-sitemap-posts-post-3.xml"", ""https://www.bankofcanada.ca/wp-sitemap-posts-post-4.xml"", ""https://www.bankofcanada.ca/wp-sitemap-posts-page-1.xml"", ""https://www.bankofcanada.ca/wp-sitemap-posts-hidden-1.xml"", ""https://www.bankofcanada.ca/wp-sitemap-posts-profile-1.xml"", ""https://www.bankofcanada.ca/wp-sitemap-posts-multimedia-1.xml"", ""https://www.bankofcanada.ca/wp-sitemap-taxonomies-category-1.xml"", ""https://www.bankofcanada.ca/wp-sitemap-taxonomies-content_type-1.xml"", ""https://www.bankofcanada.ca/wp-sitemap-taxonomies-utility-1.xml"", ""https://www.bankofcanada.ca/wp-sitemap-taxonomies-jel-1.xml"", ""https://www.bankofcanada.ca/wp-sitemap-taxonomies-location-1.xml"", ""https://www.bankofcanada.ca/wp-sitemap-taxonomies-type_of_people-1.xml"", ""https://www.bankofcanada.ca/wp-sitemap-taxonomies-department-1.xml"", ""https://www.bankofcanada.ca/wp-sitemap-taxonomies-profile_post-1.xml"", ""https://www.bankofcanada.ca/wp-sitemap-taxonomies-media_type-1.xml"", ""https://www.bankofcanada.ca/wp-sitemap-taxonomies-section-1.xml"", ""https://www.bankofcanada.ca/wp-sitemap-taxonomies-alma_mater-1.xml"", ""https://www.bankofcanada.ca/wp-sitemap-taxonomies-research_field-1.xml"", ""https://www.bankofcanada.ca/wp-sitemap-taxonomies-source-1.xml"", ""https://www.bankofcanada.ca/wp-sitemap-taxonomies-statuses-1.xml"", ""https://www.bankofcanada.ca/wp-sitemap-taxonomies-subject-1.xml"", ""https://www.bankofcanada.ca/wp-sitemap-taxonomies-research_theme-1.xml"", ""https://www.bankofcanada.ca/wp-sitemap-taxonomies-ep_custom_result-1.xml"", ""https://www.bankofcanada.ca/sitemap.xml""]",27,200,Bank of Canada,12550,275,True,2025,False,True,True,False,rss_then_article_extract,medium,active,,2026-05-17 19:14:22.981479
bankofengland_co_uk,https://www.bankofengland.co.uk/,https://www.bankofengland.co.uk/,bankofengland.co.uk,https,https://www.bankofengland.co.uk/,https://www.bankofengland.co.uk/robots.txt,True,"[""https://www.bankofengland.co.uk/_api/sitemap/getsitemap""]",True,True,False,,,False,[],0,True,"[""https://www.bankofengland.co.uk/_api/sitemap/getsitemap""]",1,200,Home | Bank of England,7364,221,True,333,False,True,False,False,sitemap_then_article_extract,medium,active,,2026-05-17 19:04:27.086187
baochinhphu_vn,https://baochinhphu.vn/,https://baochinhphu.vn/,baochinhphu.vn,https,https://baochinhphu.vn/,https://baochinhphu.vn/robots.txt,True,[],False,True,False,,,True,"[""https://baochinhphu.vn/home.rss""]",1,False,[],0,200,.: VGP News :. BÁO ĐIỆN TỬ CHÍNH PHỦ NƯỚC CHXHCN VIỆT NAM,5547,111,True,1189,False,True,True,True,rss_then_article_extract,medium,active,,2026-05-17 19:03:22.711886
bbc_co_uk,https://www.bbc.co.uk/news,https://www.bbc.co.uk/news,bbc.co.uk,https,https://www.bbc.co.uk/news,https://www.bbc.co.uk/robots.txt,True,"[""https://www.bbc.co.uk/sitemap.xml"", ""https://www.bbc.co.uk/sitemaps/https-index-uk-archive.xml"", ""https://www.bbc.co.uk/sitemaps/https-index-uk-news.xml"", ""https://www.bbc.co.uk/food/sitemap.xml"", ""https://www.bbc.co.uk/bitesize/sitemap/sitemapindex.xml"", ""https://www.bbc.co.uk/teach/sitemap/sitemapindex.xml"", ""https://www.bbc.co.uk/sitemaps/https-index-uk-archive_video.xml"", ""https://www.bbc.co.uk/sitemaps/https-index-uk-video.xml"", ""https://www.bbc.co.uk/sitemaps/sitemap-uk-ws-topics.xml"", ""https://www.bbc.co.uk/sport/sitemap.xml"", ""https://www.bbc.co.uk/sitemaps/sitemap-uk-topics.xml"", ""https://www.bbc.co.uk/ideas/sitemap.xml"", ""https://www.bbc.co.uk/tiny-happy-people/sitemap/sitemapindex.xml""]",True,True,False,,,True,"[""https://feeds.bbci.co.uk/news/rss.xml""]",1,True,"[""https://www.bbc.co.uk/sitemap.xml"", ""https://www.bbc.co.uk/sport/sitemap.xml"", ""https://www.bbc.co.uk/news/localnews/locations/sitemap.xml"", ""https://www.bbc.co.uk/news/politics/eu-regions/vote2014_sitemap.xml"", ""https://www.bbc.co.uk/news/politics/councils/vote2014_sitemap.xml"", ""https://www.bbc.co.uk/learningenglish/sitemap.xml"", ""https://www.bbc.co.uk/sitemaps/https-index-uk-archive.xml"", ""https://www.bbc.co.uk/sitemaps/https-sitemap-uk-archive-1.xml"", ""https://www.bbc.co.uk/sitemaps/https-sitemap-uk-archive-2.xml"", ""https://www.bbc.co.uk/sitemaps/https-sitemap-uk-archive-3.xml"", ""https://www.bbc.co.uk/sitemaps/https-sitemap-uk-archive-4.xml"", ""https://www.bbc.co.uk/sitemaps/https-sitemap-uk-archive-5.xml"", ""https://www.bbc.co.uk/sitemaps/https-sitemap-uk-archive-6.xml"", ""https://www.bbc.co.uk/sitemaps/https-sitemap-uk-archive-7.xml"", ""https://www.bbc.co.uk/sitemaps/https-sitemap-uk-archive-8.xml"", ""https://www.bbc.co.uk/sitemaps/https-sitemap-uk-archive-9.xml"", ""https://www.bbc.co.uk/sitemaps/https-sitemap-uk-archive-10.xml"", ""https://www.bbc.co.uk/sitemaps/https-sitemap-uk-archive-11.xml"", ""https://www.bbc.co.uk/sitemaps/https-sitemap-uk-archive-12.xml"", ""https://www.bbc.co.uk/sitemaps/https-sitemap-uk-archive-13.xml"", ""https://www.bbc.co.uk/sitemaps/https-sitemap-uk-archive-14.xml"", ""https://www.bbc.co.uk/sitemaps/https-sitemap-uk-archive-15.xml"", ""https://www.bbc.co.uk/sitemaps/https-sitemap-uk-archive-16.xml"", ""https://www.bbc.co.uk/sitemaps/https-sitemap-uk-archive-17.xml"", ""https://www.bbc.co.uk/sitemaps/https-sitemap-uk-archive-18.xml"", ""https://www.bbc.co.uk/sitemaps/https-sitemap-uk-archive-19.xml"", ""https://www.bbc.co.uk/sitemaps/https-sitemap-uk-archive-20.xml"", ""https://www.bbc.co.uk/sitemaps/https-sitemap-uk-archive-21.xml"", ""https://www.bbc.co.uk/sitemaps/https-sitemap-uk-archive-22.xml"", ""https://www.bbc.co.uk/sitemaps/https-sitemap-uk-archive-23.xml"", ""https://www.bbc.co.uk/sitemaps/https-sitemap-uk-archive-24.xml"", ""https://www.bbc.co.uk/sitemaps/https-sitemap-uk-archive-25.xml"", ""https://www.bbc.co.uk/sitemaps/https-sitemap-uk-archive-26.xml"", ""https://www.bbc.co.uk/sitemaps/https-sitemap-uk-archive-27.xml"", ""https://www.bbc.co.uk/sitemaps/https-sitemap-uk-archive-28.xml"", ""https://www.bbc.co.uk/sitemaps/https-sitemap-uk-archive-29.xml"", ""https://www.bbc.co.uk/sitemaps/https-sitemap-uk-archive-30.xml"", ""https://www.bbc.co.uk/sitemaps/https-sitemap-uk-archive-31.xml"", ""https://www.bbc.co.uk/sitemaps/https-sitemap-uk-archive-32.xml"", ""https://www.bbc.co.uk/sitemaps/https-sitemap-uk-archive-33.xml"", ""https://www.bbc.co.uk/sitemaps/https-sitemap-uk-archive-34.xml"", ""https://www.bbc.co.uk/sitemaps/https-sitemap-uk-archive-35.xml"", ""https://www.bbc.co.uk/sitemaps/https-sitemap-uk-archive-36.xml"", ""https://www.bbc.co.uk/sitemaps/https-sitemap-uk-archive-37.xml"", ""https://www.bbc.co.uk/sitemaps/https-sitemap-uk-archive-38.xml"", ""https://www.bbc.co.uk/sitemaps/https-sitemap-uk-archive-39.xml"", ""https://www.bbc.co.uk/sitemaps/https-sitemap-uk-archive-40.xml"", ""https://www.bbc.co.uk/sitemaps/https-sitemap-uk-archive-41.xml"", ""https://www.bbc.co.uk/sitemaps/https-sitemap-uk-archive-42.xml"", ""https://www.bbc.co.uk/sitemaps/https-sitemap-uk-archive-43.xml"", ""https://www.bbc.co.uk/sitemaps/https-sitemap-uk-archive-44.xml"", ""https://www.bbc.co.uk/sitemaps/https-sitemap-uk-archive-45.xml"", ""https://www.bbc.co.uk/sitemaps/https-sitemap-uk-archive-46.xml"", ""https://www.bbc.co.uk/sitemaps/https-sitemap-uk-archive-47.xml"", ""https://www.bbc.co.uk/sitemaps/https-sitemap-uk-archive-48.xml"", ""https://www.bbc.co.uk/sitemaps/https-sitemap-uk-archive-49.xml"", ""https://www.bbc.co.uk/sitemaps/https-sitemap-uk-archive-50.xml"", ""https://www.bbc.co.uk/sitemaps/https-sitemap-uk-archive-51.xml"", ""https://www.bbc.co.uk/sitemaps/https-sitemap-uk-archive-52.xml"", ""https://www.bbc.co.uk/sitemaps/https-sitemap-uk-archive-53.xml"", ""https://www.bbc.co.uk/sitemaps/https-sitemap-uk-archive-54.xml"", ""https://www.bbc.co.uk/sitemaps/https-sitemap-uk-archive-55.xml"", ""https://www.bbc.co.uk/sitemaps/https-sitemap-uk-archive-56.xml"", ""https://www.bbc.co.uk/sitemaps/https-sitemap-uk-archive-57.xml"", ""https://www.bbc.co.uk/sitemaps/https-sitemap-uk-archive-58.xml"", ""https://www.bbc.co.uk/sitemaps/https-index-uk-news.xml"", ""https://www.bbc.co.uk/sitemaps/https-sitemap-uk-news-1.xml"", ""https://www.bbc.co.uk/sitemaps/https-sitemap-uk-news-2.xml"", ""https://www.bbc.co.uk/food/sitemap.xml"", ""https://www.bbc.co.uk/bitesize/sitemap/sitemapindex.xml"", ""https://www.bbc.co.uk/bitesize/sitemap/sitemapindex_part1.xml"", ""https://www.bbc.co.uk/bitesize/sitemap/sitemapindex_part2.xml"", ""https://www.bbc.co.uk/teach/sitemap/sitemapindex.xml"", ""https://www.bbc.co.uk/sitemaps/https-index-uk-archive_video.xml"", ""https://www.bbc.co.uk/sitemaps/https-sitemap-uk-archive_video-1.xml"", ""https://www.bbc.co.uk/sitemaps/https-sitemap-uk-archive_video-2.xml"", ""https://www.bbc.co.uk/sitemaps/https-index-uk-video.xml"", ""https://www.bbc.co.uk/sitemaps/https-sitemap-uk-video-1.xml"", ""https://www.bbc.co.uk/sitemaps/sitemap-uk-ws-topics.xml"", ""https://www.bbc.co.uk/sitemaps/sitemap-uk-topics.xml"", ""https://www.bbc.co.uk/tiny-happy-people/sitemap/sitemapindex.xml""]",81,200,Home - BBC News,16123,234,True,4052,True,True,False,True,rss_then_article_extract,medium,active,,2026-05-17 19:03:30.769151
bbc_com,https://www.bbc.com/news,https://www.bbc.com/news,bbc.com,https,https://www.bbc.com/news,https://www.bbc.com/robots.txt,True,"[""https://www.bbc.com/sitemaps/https-index-com-archive.xml"", ""https://www.bbc.com/sitemaps/https-index-com-news.xml"", ""https://www.bbc.com/sitemaps/https-index-com-archive_video.xml"", ""https://www.bbc.com/sitemaps/https-index-com-video.xml"", ""https://www.bbc.com/sitemaps/sitemap-com-ws-topics.xml"", ""https://www.bbc.com/sport/sitemap.xml"", ""https://www.bbc.com/sitemaps/sitemap-com-ws-topics.xml"", ""https://www.bbc.com/afrique/sitemap.xml"", ""https://www.bbc.com/arabic/sitemap.xml"", ""https://www.bbc.com/bengali/sitemap.xml"", ""https://www.bbc.com/burmese/sitemap.xml"", ""https://www.bbc.com/gahuza/sitemap.xml"", ""https://www.bbc.com/hausa/sitemap.xml"", ""https://www.bbc.com/hindi/sitemap.xml"", ""https://www.bbc.com/indonesia/sitemap.xml"", ""https://www.bbc.com/mundo/sitemap.xml"", ""https://www.bbc.com/pashto/sitemap.xml"", ""https://www.bbc.com/persian/sitemap.xml"", ""https://www.bbc.com/portuguese/sitemap.xml"", ""https://www.bbc.com/russian/sitemap.xml"", ""https://www.bbc.com/swahili/sitemap.xml"", ""https://www.bbc.com/tajik/sitemap.xml"", ""https://www.bbc.com/turkce/sitemap.xml"", ""https://www.bbc.com/ukchina/simp/sitemap.xml"", ""https://www.bbc.com/ukrainian/sitemap.xml"", ""https://www.bbc.com/urdu/sitemap.xml"", ""https://www.bbc.com/uzbek/sitemap.xml"", ""https://www.bbc.com/vietnamese/sitemap.xml"", ""https://www.bbc.com/zhongwen/simp/sitemap.xml"", ""https://www.bbc.com/zhongwen/trad/sitemap.xml"", ""https://www.bbc.com/bbcx/index_sitemap.xml"", ""https://www.bbc.com/bbcx/audio_archive_sitemap.xml"", ""https://www.bbc.com/bbcx/video_documentaries_sitemap.xml"", ""https://www.bbc.com/bbcx/content_index_sitemap.xml""]",True,True,False,,,False,[],0,True,"[""https://www.bbc.com/sitemaps/https-index-com-archive.xml"", ""https://www.bbc.com/sitemaps/https-sitemap-com-archive-1.xml"", ""https://www.bbc.com/sitemaps/https-sitemap-com-archive-2.xml"", ""https://www.bbc.com/sitemaps/https-sitemap-com-archive-3.xml"", ""https://www.bbc.com/sitemaps/https-sitemap-com-archive-4.xml"", ""https://www.bbc.com/sitemaps/https-sitemap-com-archive-5.xml"", ""https://www.bbc.com/sitemaps/https-sitemap-com-archive-6.xml"", ""https://www.bbc.com/sitemaps/https-sitemap-com-archive-7.xml"", ""https://www.bbc.com/sitemaps/https-sitemap-com-archive-8.xml"", ""https://www.bbc.com/sitemaps/https-sitemap-com-archive-9.xml"", ""https://www.bbc.com/sitemaps/https-sitemap-com-archive-10.xml"", ""https://www.bbc.com/sitemaps/https-sitemap-com-archive-11.xml"", ""https://www.bbc.com/sitemaps/https-sitemap-com-archive-12.xml"", ""https://www.bbc.com/sitemaps/https-sitemap-com-archive-13.xml"", ""https://www.bbc.com/sitemaps/https-sitemap-com-archive-14.xml"", ""https://www.bbc.com/sitemaps/https-sitemap-com-archive-15.xml"", ""https://www.bbc.com/sitemaps/https-sitemap-com-archive-16.xml"", ""https://www.bbc.com/sitemaps/https-sitemap-com-archive-17.xml"", ""https://www.bbc.com/sitemaps/https-sitemap-com-archive-18.xml"", ""https://www.bbc.com/sitemaps/https-sitemap-com-archive-19.xml"", ""https://www.bbc.com/sitemaps/https-sitemap-com-archive-20.xml"", ""https://www.bbc.com/sitemaps/https-sitemap-com-archive-21.xml"", ""https://www.bbc.com/sitemaps/https-sitemap-com-archive-22.xml"", ""https://www.bbc.com/sitemaps/https-sitemap-com-archive-23.xml"", ""https://www.bbc.com/sitemaps/https-sitemap-com-archive-24.xml"", ""https://www.bbc.com/sitemaps/https-sitemap-com-archive-25.xml"", ""https://www.bbc.com/sitemaps/https-sitemap-com-archive-26.xml"", ""https://www.bbc.com/sitemaps/https-sitemap-com-archive-27.xml"", ""https://www.bbc.com/sitemaps/https-sitemap-com-archive-28.xml"", ""https://www.bbc.com/sitemaps/https-sitemap-com-archive-29.xml"", ""https://www.bbc.com/sitemaps/https-sitemap-com-archive-30.xml"", ""https://www.bbc.com/sitemaps/https-sitemap-com-archive-31.xml"", ""https://www.bbc.com/sitemaps/https-sitemap-com-archive-32.xml"", ""https://www.bbc.com/sitemaps/https-sitemap-com-archive-33.xml"", ""https://www.bbc.com/sitemaps/https-sitemap-com-archive-34.xml"", ""https://www.bbc.com/sitemaps/https-sitemap-com-archive-35.xml"", ""https://www.bbc.com/sitemaps/https-sitemap-com-archive-36.xml"", ""https://www.bbc.com/sitemaps/https-sitemap-com-archive-37.xml"", ""https://www.bbc.com/sitemaps/https-sitemap-com-archive-38.xml"", ""https://www.bbc.com/sitemaps/https-sitemap-com-archive-39.xml"", ""https://www.bbc.com/sitemaps/https-sitemap-com-archive-40.xml"", ""https://www.bbc.com/sitemaps/https-sitemap-com-archive-41.xml"", ""https://www.bbc.com/sitemaps/https-sitemap-com-archive-42.xml"", ""https://www.bbc.com/sitemaps/https-sitemap-com-archive-43.xml"", ""https://www.bbc.com/sitemaps/https-sitemap-com-archive-44.xml"", ""https://www.bbc.com/sitemaps/https-sitemap-com-archive-45.xml"", ""https://www.bbc.com/sitemaps/https-sitemap-com-archive-46.xml"", ""https://www.bbc.com/sitemaps/https-sitemap-com-archive-47.xml"", ""https://www.bbc.com/sitemaps/https-sitemap-com-archive-48.xml"", ""https://www.bbc.com/sitemaps/https-sitemap-com-archive-49.xml"", ""https://www.bbc.com/sitemaps/https-sitemap-com-archive-50.xml"", ""https://www.bbc.com/sitemaps/https-sitemap-com-archive-51.xml"", ""https://www.bbc.com/sitemaps/https-sitemap-com-archive-52.xml"", ""https://www.bbc.com/sitemaps/https-sitemap-com-archive-53.xml"", ""https://www.bbc.com/sitemaps/https-sitemap-com-archive-54.xml"", ""https://www.bbc.com/sitemaps/https-sitemap-com-archive-55.xml"", ""https://www.bbc.com/sitemaps/https-sitemap-com-archive-56.xml"", ""https://www.bbc.com/sitemaps/https-sitemap-com-archive-57.xml"", ""https://www.bbc.com/sitemaps/https-sitemap-com-archive-58.xml"", ""https://www.bbc.com/sitemaps/https-sitemap-com-archive-59.xml"", ""https://www.bbc.com/sitemaps/https-sitemap-com-archive-60.xml"", ""https://www.bbc.com/sitemaps/https-sitemap-com-archive-61.xml"", ""https://www.bbc.com/sitemaps/https-sitemap-com-archive-62.xml"", ""https://www.bbc.com/sitemaps/https-sitemap-com-archive-63.xml"", ""https://www.bbc.com/sitemaps/https-sitemap-com-archive-64.xml"", ""https://www.bbc.com/sitemaps/https-sitemap-com-archive-65.xml"", ""https://www.bbc.com/sitemaps/https-sitemap-com-archive-66.xml"", ""https://www.bbc.com/sitemaps/https-sitemap-com-archive-67.xml"", ""https://www.bbc.com/sitemaps/https-sitemap-com-archive-68.xml"", ""https://www.bbc.com/sitemaps/https-sitemap-com-archive-69.xml"", ""https://www.bbc.com/sitemaps/https-sitemap-com-archive-70.xml"", ""https://www.bbc.com/sitemaps/https-sitemap-com-archive-71.xml"", ""https://www.bbc.com/sitemaps/https-sitemap-com-archive-72.xml"", ""https://www.bbc.com/sitemaps/https-sitemap-com-archive-73.xml"", ""https://www.bbc.com/sitemaps/https-sitemap-com-archive-74.xml"", ""https://www.bbc.com/sitemaps/https-sitemap-com-archive-75.xml"", ""https://www.bbc.com/sitemaps/https-sitemap-com-archive-76.xml"", ""https://www.bbc.com/sitemaps/https-sitemap-com-archive-77.xml"", ""https://www.bbc.com/sitemaps/https-sitemap-com-archive-78.xml"", ""https://www.bbc.com/sitemaps/https-sitemap-com-archive-79.xml"", ""https://www.bbc.com/sitemaps/https-sitemap-com-archive-80.xml"", ""https://www.bbc.com/sitemaps/https-sitemap-com-archive-81.xml"", ""https://www.bbc.com/sitemaps/https-sitemap-com-archive-82.xml"", ""https://www.bbc.com/sitemaps/https-sitemap-com-archive-83.xml"", ""https://www.bbc.com/sitemaps/https-sitemap-com-archive-84.xml"", ""https://www.bbc.com/sitemaps/https-sitemap-com-archive-85.xml"", ""https://www.bbc.com/sitemaps/https-sitemap-com-archive-86.xml"", ""https://www.bbc.com/sitemaps/https-sitemap-com-archive-87.xml"", ""https://www.bbc.com/sitemaps/https-sitemap-com-archive-88.xml"", ""https://www.bbc.com/sitemaps/https-sitemap-com-archive-89.xml"", ""https://www.bbc.com/sitemaps/https-sitemap-com-archive-90.xml"", ""https://www.bbc.com/sitemaps/https-sitemap-com-archive-91.xml"", ""https://www.bbc.com/sitemaps/https-sitemap-com-archive-92.xml"", ""https://www.bbc.com/sitemaps/https-sitemap-com-archive-93.xml"", ""https://www.bbc.com/sitemaps/https-sitemap-com-archive-94.xml"", ""https://www.bbc.com/sitemaps/https-sitemap-com-archive-95.xml"", ""https://www.bbc.com/sitemaps/https-sitemap-com-archive-96.xml"", ""https://www.bbc.com/sitemaps/https-sitemap-com-archive-97.xml"", ""https://www.bbc.com/sitemaps/https-sitemap-com-archive-98.xml"", ""https://www.bbc.com/sitemaps/https-sitemap-com-archive-99.xml"", ""https://www.bbc.com/sitemaps/https-sitemap-com-archive-100.xml"", ""https://www.bbc.com/sitemaps/https-sitemap-com-archive-101.xml"", ""https://www.bbc.com/sitemaps/https-sitemap-com-archive-102.xml"", ""https://www.bbc.com/sitemaps/https-sitemap-com-archive-103.xml"", ""https://www.bbc.com/sitemaps/https-sitemap-com-archive-104.xml"", ""https://www.bbc.com/sitemaps/https-sitemap-com-archive-105.xml"", ""https://www.bbc.com/sitemaps/https-sitemap-com-archive-106.xml"", ""https://www.bbc.com/sitemaps/https-sitemap-com-archive-107.xml"", ""https://www.bbc.com/sitemaps/https-sitemap-com-archive-108.xml"", ""https://www.bbc.com/sitemaps/https-sitemap-com-archive-109.xml"", ""https://www.bbc.com/sitemaps/https-sitemap-com-archive-110.xml"", ""https://www.bbc.com/sitemaps/https-sitemap-com-archive-111.xml"", ""https://www.bbc.com/sitemaps/https-sitemap-com-archive-112.xml"", ""https://www.bbc.com/sitemaps/https-sitemap-com-archive-113.xml"", ""https://www.bbc.com/sitemaps/https-sitemap-com-archive-114.xml"", ""https://www.bbc.com/sitemaps/https-sitemap-com-archive-115.xml"", ""https://www.bbc.com/sitemaps/https-sitemap-com-archive-116.xml"", ""https://www.bbc.com/sitemaps/https-sitemap-com-archive-117.xml"", ""https://www.bbc.com/sitemaps/https-sitemap-com-archive-118.xml"", ""https://www.bbc.com/sitemaps/https-sitemap-com-archive-119.xml""]",120,200,"BBC News - Breaking news, video and the latest top stories from the U.S. and around the world",9909,235,True,7079,False,True,False,False,sitemap_then_article_extract,medium,active,,2026-05-17 19:02:02.920906
bea_gov,https://www.bea.gov/,https://www.bea.gov/,bea.gov,https,https://www.bea.gov/,https://www.bea.gov/robots.txt,True,[],True,True,False,,,True,"[""https://www.bea.gov/rss""]",1,True,"[""https://www.bea.gov/sitemap.xml"", ""https://www.bea.gov/articles/sitemap.xml"", ""https://www.bea.gov/faq/sitemap.xml"", ""https://www.bea.gov/glossary/sitemap.xml"", ""https://www.bea.gov/methodology-papers/sitemap.xml"", ""https://www.bea.gov/pages/sitemap.xml"", ""https://www.bea.gov/papers/sitemap.xml"", ""https://www.bea.gov/products/sitemap.xml"", ""https://www.bea.gov/releases/sitemap.xml"", ""https://www.bea.gov/resources/sitemap.xml""]",10,200,U.S. Bureau of Economic Analysis (BEA),7968,126,True,5281,False,True,False,False,rss_then_article_extract,medium,active,,2026-05-17 19:02:14.699599
bls_gov,https://www.bls.gov/,https://www.bls.gov/,bls.gov,https,https://www.bls.gov/,https://www.bls.gov/robots.txt,True,"[""https://www.bls.gov/sitemap.xml""]",True,True,False,,,True,"[""https://www.bls.gov/feed/bls_latest.rss""]",1,True,"[""https://www.bls.gov/sitemap.xml"", ""https://www.bls.gov/advisory/sitemap-advisory.xml"", ""https://www.bls.gov/air/sitemap-air.xml"", ""https://www.bls.gov/audience/sitemap-audience.xml"", ""https://www.bls.gov/bdm/sitemap-bdm.xml"", ""https://www.bls.gov/beta/sitemap-beta.xml"", ""https://www.bls.gov/blog/sitemap-blog.xml"", ""https://www.bls.gov/bls/sitemap-bls.xml"", ""https://www.bls.gov/brs/sitemap-brs.xml"", ""https://www.bls.gov/californiafires/sitemap-californiafires.xml"", ""https://www.bls.gov/careeroutlook/sitemap-careeroutlook.xml"", ""https://www.bls.gov/ces/sitemap-ces.xml"", ""https://www.bls.gov/cew/sitemap-cew.xml"", ""https://www.bls.gov/cex/sitemap-cex.xml"", ""https://www.bls.gov/charts/sitemap-charts.xml"", ""https://www.bls.gov/covid19/sitemap-covid19.xml"", ""https://www.bls.gov/cpi/sitemap-cpi.xml"", ""https://www.bls.gov/cps/sitemap-cps.xml"", ""https://www.bls.gov/crp/sitemap-crp.xml"", ""https://www.bls.gov/data/sitemap-data.xml"", ""https://www.bls.gov/developers/sitemap-developers.xml"", ""https://www.bls.gov/ebs/sitemap-benefits.xml"", ""https://www.bls.gov/eci/sitemap-eci.xml"", ""https://www.bls.gov/dpr/sitemap-dpr.xml"", ""https://www.bls.gov/eag/sitemap-eag.xml"", ""https://www.bls.gov/emp/sitemap-emp.xml"", ""https://www.bls.gov/ept/sitemap-ept.xml"", ""https://www.bls.gov/ers/sitemap-ers.xml"", ""https://www.bls.gov/fls/sitemap-fls.xml"", ""https://www.bls.gov/fdi/sitemap-fdi.xml"", ""https://www.bls.gov/ggs/sitemap-ggs.xml"", ""https://www.bls.gov/ggsocc/sitemap-ggsocc.xml"", ""https://www.bls.gov/green/sitemap-green.xml"", ""https://www.bls.gov/gtp/sitemap-gtp.xml"", ""https://www.bls.gov/guide/sitemap-guide.xml"", ""https://www.bls.gov/help/sitemap-help.xml"", ""https://www.bls.gov/iag/sitemap-iag.xml"", ""https://www.bls.gov/iif/sitemap-iif.xml"", ""https://www.bls.gov/itc/sitemap-itc.xml"", ""https://www.bls.gov/jlt/sitemap-jlt.xml"", ""https://www.bls.gov/k12/sitemap-k12.xml"", ""https://www.bls.gov/katrina/sitemap-katrina.xml"", ""https://www.bls.gov/lau/sitemap-lau.xml"", ""https://www.bls.gov/mls/sitemap-mls.xml"", ""https://www.bls.gov/mwe/sitemap-mwe.xml"", ""https://www.bls.gov/mxp/sitemap-mxp.xml"", ""https://www.bls.gov/newsroom/sitemap-newsroom.xml"", ""https://www.bls.gov/nls/sitemap-nls.xml"", ""https://www.bls.gov/ocs/sitemap-ocs.xml"", ""https://www.bls.gov/oes/sitemap-oes.xml"", ""https://www.bls.gov/oes/2019/sitemap-oes-2019.xml"", ""https://www.bls.gov/oes/2020/sitemap-oes-2020.xml"", ""https://www.bls.gov/oes/2021/sitemap-oes-2021.xml"", ""https://www.bls.gov/oes/2022/sitemap-oes-2022.xml"", ""https://www.bls.gov/oes/2023/sitemap-oes-2023.xml"", ""https://www.bls.gov/oes/area_emp_chart/sitemap-oes-area_emp_chart.xml"", ""https://www.bls.gov/oes/area_lq_chart/sitemap-oes-area_lq_chart.xml"", ""https://www.bls.gov/oes/ind_emp_chart/sitemap-oes-ind_emp_chart.xml"", ""https://www.bls.gov/oes/maps/sitemap-oes-maps.xml"", ""https://www.bls.gov/oes/occ_area_emp_chart/sitemap-oes-occ_area_emp_chart.xml"", ""https://www.bls.gov/oes/occ_area_lq_chart/sitemap-oes-occ_area_lq_chart.xml"", ""https://www.bls.gov/oes/occ_ind_emp_chart/sitemap-oes-occ_ind_emp_chart.xml"", ""https://www.bls.gov/oes/occ_state_emp_chart/sitemap-oes-occ_state_emp_chart.xml"", ""https://www.bls.gov/oes/occ_state_lq_chart/sitemap-oes-occ_state_lq_chart.xml"", ""https://www.bls.gov/oes/special.requests/sitemap-oes-special.requests.xml"", ""https://www.bls.gov/ooh/sitemap-ooh.xml"", ""https://www.bls.gov/opub/blsupdate/sitemap-opub-blsupdate.xml"", ""https://www.bls.gov/opub/btn/sitemap-opub-btn.xml"", ""https://www.bls.gov/opub/ee/sitemap-opub-ee.xml"", ""https://www.bls.gov/opub/hom/sitemap-opub-hom.xml"", ""https://www.bls.gov/opub/mlr/sitemap-opub-mlr.xml"", ""https://www.bls.gov/opub/reports/sitemap-opub-reports.xml"", ""https://www.bls.gov/opub/ted/sitemap-opub-ted.xml"", ""https://www.bls.gov/opub/geographic-profile/sitemap-opub-geographic-profile.xml"", ""https://www.bls.gov/ors/sitemap-ors.xml"", ""https://www.bls.gov/osmr/sitemap-osmr.xml"", ""https://www.bls.gov/pir/sitemap-pir.xml"", ""https://www.bls.gov/ppi/sitemap-ppi.xml"", ""https://www.bls.gov/productivity/sitemap-productivity.xml"", ""https://www.bls.gov/rda/sitemap-rda.xml"", ""https://www.bls.gov/regions/mid-atlantic/sitemap-regions-mid-atlantic.xml"", ""https://www.bls.gov/regions/midwest/sitemap-regions-midwest.xml"", ""https://www.bls.gov/regions/mountain-plains/sitemap-regions-mountain-plains.xml"", ""https://www.bls.gov/regions/southeast/sitemap-regions-southeast.xml"", ""https://www.bls.gov/regions/southwest/sitemap-regions-southwest.xml"", ""https://www.bls.gov/regions/subjects/sitemap-regions-subjects.xml"", ""https://www.bls.gov/regions/west/sitemap-regions-west.xml"", ""https://www.bls.gov/respondents/sitemap-respondents.xml"", ""https://www.bls.gov/sae/sitemap-sae.xml"", ""https://www.bls.gov/schedule/sitemap-schedule.xml"", ""https://www.bls.gov/soc/sitemap-soc.xml"", ""https://www.bls.gov/spotlight/sitemap-spotlight.xml"", ""https://www.bls.gov/tus/sitemap-tus.xml"", ""https://www.bls.gov/video/sitemap-video.xml"", ""https://www.bls.gov/wsp/sitemap-wsp.xml""]",95,200,U.S. Bureau of Labor Statistics :  U.S. Bureau of Labor Statistics,8295,278,True,443,False,True,False,False,rss_then_article_extract,medium,active,,2026-05-17 19:02:14.343914
bok_or_kr,https://www.bok.or.kr/eng/,https://www.bok.or.kr/eng,bok.or.kr,https,https://www.bok.or.kr/eng,https://www.bok.or.kr/robots.txt,True,[],True,False,False,,,False,[],0,True,"[""https://www.bok.or.kr/sitemap.xml""]",1,403,,0,0,False,0,True,False,False,False,sitemap_then_article_extract,medium,active,,2026-05-17 19:09:50.304752
businesstimes_com_sg,https://www.businesstimes.com.sg/,https://www.businesstimes.com.sg/,businesstimes.com.sg,https,https://www.businesstimes.com.sg/,https://www.businesstimes.com.sg/robots.txt,True,"[""https://www.businesstimes.com.sg/googlenews.xml"", ""https://www.businesstimes.com.sg/sitemap.xml""]",False,True,False,,,True,"[""https://www.businesstimes.com.sg/rss.xml""]",1,True,"[""https://www.businesstimes.com.sg/googlenews.xml"", ""https://www.businesstimes.com.sg/sitemap.xml"", ""https://www.businesstimes.com.sg/sitemap/sections.xml"", ""https://www.businesstimes.com.sg/sitemap/keywords.xml"", ""https://www.businesstimes.com.sg/sitemap/story-threads.xml"", ""https://www.businesstimes.com.sg/sitemap/authors.xml"", ""https://www.businesstimes.com.sg/sitemap/contributors.xml"", ""https://www.businesstimes.com.sg/sitemap/static-pages.xml"", ""https://www.businesstimes.com.sg/sitemap/2026/05/feeds.xml"", ""https://www.businesstimes.com.sg/sitemap/2026/04/feeds.xml"", ""https://www.businesstimes.com.sg/sitemap/2026/03/feeds.xml"", ""https://www.businesstimes.com.sg/sitemap/2026/02/feeds.xml"", ""https://www.businesstimes.com.sg/sitemap/2026/01/feeds.xml"", ""https://www.businesstimes.com.sg/sitemap/2025/12/feeds.xml"", ""https://www.businesstimes.com.sg/sitemap/2025/11/feeds.xml"", ""https://www.businesstimes.com.sg/sitemap/2025/10/feeds.xml"", ""https://www.businesstimes.com.sg/sitemap/2025/09/feeds.xml"", ""https://www.businesstimes.com.sg/sitemap/2025/08/feeds.xml"", ""https://www.businesstimes.com.sg/sitemap/2025/07/feeds.xml"", ""https://www.businesstimes.com.sg/sitemap/2025/06/feeds.xml"", ""https://www.businesstimes.com.sg/sitemap/2025/05/feeds.xml"", ""https://www.businesstimes.com.sg/sitemap/2025/04/feeds.xml"", ""https://www.businesstimes.com.sg/sitemap/2025/03/feeds.xml"", ""https://www.businesstimes.com.sg/sitemap/2025/02/feeds.xml"", ""https://www.businesstimes.com.sg/sitemap/2025/01/feeds.xml"", ""https://www.businesstimes.com.sg/sitemap/2024/12/feeds.xml"", ""https://www.businesstimes.com.sg/sitemap/2024/11/feeds.xml"", ""https://www.businesstimes.com.sg/sitemap/2024/10/feeds.xml"", ""https://www.businesstimes.com.sg/sitemap/2024/09/feeds.xml"", ""https://www.businesstimes.com.sg/sitemap/2024/08/feeds.xml"", ""https://www.businesstimes.com.sg/sitemap/2024/07/feeds.xml"", ""https://www.businesstimes.com.sg/sitemap/2024/06/feeds.xml"", ""https://www.businesstimes.com.sg/sitemap/2024/05/feeds.xml"", ""https://www.businesstimes.com.sg/sitemap/2024/04/feeds.xml"", ""https://www.businesstimes.com.sg/sitemap/2024/03/feeds.xml"", ""https://www.businesstimes.com.sg/sitemap/2024/02/feeds.xml"", ""https://www.businesstimes.com.sg/sitemap/2024/01/feeds.xml"", ""https://www.businesstimes.com.sg/sitemap/2023/12/feeds.xml"", ""https://www.businesstimes.com.sg/sitemap/2023/11/feeds.xml"", ""https://www.businesstimes.com.sg/sitemap/2023/10/feeds.xml"", ""https://www.businesstimes.com.sg/sitemap/2023/09/feeds.xml"", ""https://www.businesstimes.com.sg/sitemap/2023/08/feeds.xml"", ""https://www.businesstimes.com.sg/sitemap/2023/07/feeds.xml"", ""https://www.businesstimes.com.sg/sitemap/2023/06/feeds.xml"", ""https://www.businesstimes.com.sg/sitemap/2023/05/feeds.xml"", ""https://www.businesstimes.com.sg/sitemap/2023/04/feeds.xml"", ""https://www.businesstimes.com.sg/sitemap/2023/03/feeds.xml"", ""https://www.businesstimes.com.sg/sitemap/2023/02/feeds.xml"", ""https://www.businesstimes.com.sg/sitemap/2023/01/feeds.xml"", ""https://www.businesstimes.com.sg/sitemap/2022/12/feeds.xml"", ""https://www.businesstimes.com.sg/sitemap/2022/11/feeds.xml"", ""https://www.businesstimes.com.sg/sitemap/2022/10/feeds.xml"", ""https://www.businesstimes.com.sg/sitemap/2022/09/feeds.xml"", ""https://www.businesstimes.com.sg/sitemap/2022/08/feeds.xml"", ""https://www.businesstimes.com.sg/sitemap/2022/07/feeds.xml"", ""https://www.businesstimes.com.sg/sitemap/2022/06/feeds.xml"", ""https://www.businesstimes.com.sg/sitemap/2022/05/feeds.xml"", ""https://www.businesstimes.com.sg/sitemap/2022/04/feeds.xml"", ""https://www.businesstimes.com.sg/sitemap/2022/03/feeds.xml"", ""https://www.businesstimes.com.sg/sitemap/2022/02/feeds.xml"", ""https://www.businesstimes.com.sg/sitemap/2022/01/feeds.xml"", ""https://www.businesstimes.com.sg/sitemap/2021/12/feeds.xml"", ""https://www.businesstimes.com.sg/sitemap/2021/11/feeds.xml"", ""https://www.businesstimes.com.sg/sitemap/2021/10/feeds.xml"", ""https://www.businesstimes.com.sg/sitemap/2021/09/feeds.xml"", ""https://www.businesstimes.com.sg/sitemap/2021/08/feeds.xml"", ""https://www.businesstimes.com.sg/sitemap/2021/07/feeds.xml"", ""https://www.businesstimes.com.sg/sitemap/2021/06/feeds.xml"", ""https://www.businesstimes.com.sg/sitemap/2021/05/feeds.xml"", ""https://www.businesstimes.com.sg/sitemap/2021/04/feeds.xml"", ""https://www.businesstimes.com.sg/sitemap/2021/03/feeds.xml"", ""https://www.businesstimes.com.sg/sitemap/2021/02/feeds.xml"", ""https://www.businesstimes.com.sg/sitemap/2021/01/feeds.xml"", ""https://www.businesstimes.com.sg/sitemap/2020/12/feeds.xml"", ""https://www.businesstimes.com.sg/sitemap/2020/11/feeds.xml"", ""https://www.businesstimes.com.sg/sitemap/2020/10/feeds.xml"", ""https://www.businesstimes.com.sg/sitemap/2020/09/feeds.xml"", ""https://www.businesstimes.com.sg/sitemap/2020/08/feeds.xml"", ""https://www.businesstimes.com.sg/sitemap/2020/07/feeds.xml"", ""https://www.businesstimes.com.sg/sitemap/2020/06/feeds.xml"", ""https://www.businesstimes.com.sg/sitemap/2020/05/feeds.xml"", ""https://www.businesstimes.com.sg/sitemap/2020/04/feeds.xml"", ""https://www.businesstimes.com.sg/sitemap/2020/03/feeds.xml"", ""https://www.businesstimes.com.sg/sitemap/2020/02/feeds.xml"", ""https://www.businesstimes.com.sg/sitemap/2020/01/feeds.xml"", ""https://www.businesstimes.com.sg/sitemap/2019/12/feeds.xml"", ""https://www.businesstimes.com.sg/sitemap/2019/11/feeds.xml"", ""https://www.businesstimes.com.sg/sitemap/2019/10/feeds.xml"", ""https://www.businesstimes.com.sg/sitemap/2019/09/feeds.xml"", ""https://www.businesstimes.com.sg/sitemap/2019/08/feeds.xml"", ""https://www.businesstimes.com.sg/sitemap/2019/07/feeds.xml"", ""https://www.businesstimes.com.sg/sitemap/2019/06/feeds.xml"", ""https://www.businesstimes.com.sg/sitemap/2019/05/feeds.xml"", ""https://www.businesstimes.com.sg/sitemap/2019/04/feeds.xml"", ""https://www.businesstimes.com.sg/sitemap/2019/03/feeds.xml"", ""https://www.businesstimes.com.sg/sitemap/2019/02/feeds.xml"", ""https://www.businesstimes.com.sg/sitemap/2019/01/feeds.xml"", ""https://www.businesstimes.com.sg/sitemap/2018/12/feeds.xml"", ""https://www.businesstimes.com.sg/sitemap/2018/11/feeds.xml"", ""https://www.businesstimes.com.sg/sitemap/2018/10/feeds.xml"", ""https://www.businesstimes.com.sg/sitemap/2018/09/feeds.xml"", ""https://www.businesstimes.com.sg/sitemap/2018/08/feeds.xml"", ""https://www.businesstimes.com.sg/sitemap/2018/07/feeds.xml"", ""https://www.businesstimes.com.sg/sitemap/2018/06/feeds.xml"", ""https://www.businesstimes.com.sg/sitemap/2018/05/feeds.xml"", ""https://www.businesstimes.com.sg/sitemap/2018/04/feeds.xml"", ""https://www.businesstimes.com.sg/sitemap/2018/03/feeds.xml"", ""https://www.businesstimes.com.sg/sitemap/2018/02/feeds.xml"", ""https://www.businesstimes.com.sg/sitemap/2018/01/feeds.xml"", ""https://www.businesstimes.com.sg/sitemap/2017/12/feeds.xml"", ""https://www.businesstimes.com.sg/sitemap/2017/11/feeds.xml"", ""https://www.businesstimes.com.sg/sitemap/2017/10/feeds.xml"", ""https://www.businesstimes.com.sg/sitemap/2017/09/feeds.xml"", ""https://www.businesstimes.com.sg/sitemap/2017/08/feeds.xml"", ""https://www.businesstimes.com.sg/sitemap/2017/07/feeds.xml"", ""https://www.businesstimes.com.sg/sitemap/2017/06/feeds.xml"", ""https://www.businesstimes.com.sg/sitemap/2017/05/feeds.xml"", ""https://www.businesstimes.com.sg/sitemap/2017/04/feeds.xml"", ""https://www.businesstimes.com.sg/sitemap/2017/03/feeds.xml"", ""https://www.businesstimes.com.sg/sitemap/2017/02/feeds.xml""]",120,200,The Business Times - Singapore Business News,9770,270,True,734,False,True,False,True,rss_then_article_extract,medium,active,,2026-05-17 19:11:03.262749
caixinglobal_com,https://www.caixinglobal.com/,https://www.caixinglobal.com/,caixinglobal.com,https,https://www.caixinglobal.com/,https://www.caixinglobal.com/robots.txt,True,[],True,True,False,,,False,[],0,True,"[""https://www.caixinglobal.com/sitemap.xml"", ""https://www.caixinglobal.com/news-sitemap.xml""]",2,200,"Caixin Global - Latest Business and Financial News on China, U.S. Trade War and Negotiations, Breaking News, Headlines and Developments",13473,271,True,3626,False,True,False,True,sitemap_then_article_extract,medium,active,,2026-05-17 19:02:17.323749
canada_ca,https://www.canada.ca/en/department-finance.html,https://www.canada.ca/en/department-finance.html,canada.ca,https,https://www.canada.ca/en/department-finance.html,https://www.canada.ca/robots.txt,True,[],True,True,False,,,False,[],0,True,"[""https://www.canada.ca/sitemap.xml"", ""https://www.canada.ca/en/impact-plus-chairs.sitemap.xml"", ""https://www.canada.ca/en/one-canadian-economy.sitemap.xml"", ""https://www.canada.ca/en/research-coordinating-committee.sitemap.xml"", ""https://www.canada.ca/en/accessibility-standards-canada.sitemap.xml"", ""https://www.canada.ca/en/intelligence-commissioner.sitemap.xml"", ""https://www.canada.ca/en/documentation-room.sitemap.xml"", ""https://www.canada.ca/en/independent-review-panel-defence-acquisition.sitemap.xml"", ""https://www.canada.ca/en/special-operations-forces-command.sitemap.xml"", ""https://www.canada.ca/en/info-share.sitemap.xml"", ""https://www.canada.ca/en/employment-social-development.sitemap.xml"", ""https://www.canada.ca/en/public-health.sitemap.xml"", ""https://www.canada.ca/en/national-seniors-council.sitemap.xml"", ""https://www.canada.ca/en/occupational-health-and-safety-tribunal-canada.sitemap.xml"", ""https://www.canada.ca/en/administrative-tribunals-support-service.sitemap.xml"", ""https://www.canada.ca/en/agriculture-agri-food.sitemap.xml"", ""https://www.canada.ca/en/atlantic-canada-opportunities.sitemap.xml"", ""https://www.canada.ca/en/canadian-coast-guard.sitemap.xml"", ""https://www.canada.ca/en/canadian-heritage.sitemap.xml"", ""https://www.canada.ca/en/civilian-review-complaints-rcmp.sitemap.xml"", ""https://www.canada.ca/en/contact.sitemap.xml"", ""https://www.canada.ca/en/correctional-service.sitemap.xml"", ""https://www.canada.ca/en/department-finance.sitemap.xml"", ""https://www.canada.ca/en/communications-security.sitemap.xml"", ""https://www.canada.ca/en/campaign.sitemap.xml"", ""https://www.canada.ca/en/department-national-defence.sitemap.xml"", ""https://www.canada.ca/en/economic-development-quebec-regions.sitemap.xml"", ""https://www.canada.ca/en/economic-development-southern-ontario.sitemap.xml"", ""https://www.canada.ca/en/farm-products-council.sitemap.xml"", ""https://www.canada.ca/en/financial-transactions-reports-analysis.sitemap.xml"", ""https://www.canada.ca/en/fisheries-oceans.sitemap.xml"", ""https://www.canada.ca/en/food-inspection-agency.sitemap.xml"", ""https://www.canada.ca/en/government.sitemap.xml"", ""https://www.canada.ca/en/grain-commission.sitemap.xml"", ""https://www.canada.ca/en/human-rights-commission.sitemap.xml"", ""https://www.canada.ca/en/immigration-refugee.sitemap.xml"", ""https://www.canada.ca/en/institutes-health-research.sitemap.xml"", ""https://www.canada.ca/en/loop11.sitemap.xml"", ""https://www.canada.ca/en/financial-consumer-agency.sitemap.xml"", ""https://www.canada.ca/en/military-grievances-external-review.sitemap.xml"", ""https://www.canada.ca/en/military-police-complaints.sitemap.xml"", ""https://www.canada.ca/en/mobile.sitemap.xml"", ""https://www.canada.ca/en/canada-energy-regulator.sitemap.xml"", ""https://www.canada.ca/en/national-film-board.sitemap.xml"", ""https://www.canada.ca/en/national-research-council.sitemap.xml"", ""https://www.canada.ca/en/natural-resources-canada.sitemap.xml"", ""https://www.canada.ca/en/library-archives.sitemap.xml"", ""https://www.canada.ca/en/northern-pipeline-agency.sitemap.xml"", ""https://www.canada.ca/en/office-communications-security-establishment-commissioner.sitemap.xml"", ""https://www.canada.ca/en/parks-canada.sitemap.xml"", ""https://www.canada.ca/en/parole-board.sitemap.xml"", ""https://www.canada.ca/en/patented-medicine-prices-review.sitemap.xml"", ""https://www.canada.ca/en/polar-knowledge.sitemap.xml"", ""https://www.canada.ca/en/privy-council.sitemap.xml"", ""https://www.canada.ca/en/procurement-ombudsman.sitemap.xml"", ""https://www.canada.ca/en/public-safety-canada.sitemap.xml"", ""https://www.canada.ca/en/public-service-commission.sitemap.xml"", ""https://www.canada.ca/en/rcmp-external-review-committee.sitemap.xml"", ""https://www.canada.ca/en/revenue-agency.sitemap.xml"", ""https://www.canada.ca/en/school-public-service.sitemap.xml"", ""https://www.canada.ca/en/science-engineering-research.sitemap.xml"", ""https://www.canada.ca/en/services.sitemap.xml"", ""https://www.canada.ca/en/shared-services.sitemap.xml"", ""https://www.canada.ca/en/social.sitemap.xml"", ""https://www.canada.ca/en/social-sciences-humanities-research.sitemap.xml"", ""https://www.canada.ca/en/space-agency.sitemap.xml"", ""https://www.canada.ca/en/statistics-canada.sitemap.xml"", ""https://www.canada.ca/en/women-gender-equality.sitemap.xml"", ""https://www.canada.ca/en/transparency.sitemap.xml"", ""https://www.canada.ca/en/transport-canada.sitemap.xml"", ""https://www.canada.ca/en/transportation-agency.sitemap.xml"", ""https://www.canada.ca/en/transportation-safety-board.sitemap.xml"", ""https://www.canada.ca/en/treasury-board-secretariat.sitemap.xml"", ""https://www.canada.ca/en/veterans-affairs-canada.sitemap.xml"", ""https://www.canada.ca/en/veterans-review-appeal-board.sitemap.xml"", ""https://www.canada.ca/en/western-economic-diversification.sitemap.xml"", ""https://www.canada.ca/en/errors.sitemap.xml"", ""https://www.canada.ca/en/activities.sitemap.xml"", ""https://www.canada.ca/en/indigenous-northern-affairs.sitemap.xml"", ""https://www.canada.ca/en/innovation-science-economic-development.sitemap.xml"", ""https://www.canada.ca/en/public-services-procurement.sitemap.xml"", ""https://www.canada.ca/en/environment-climate-change.sitemap.xml"", ""https://www.canada.ca/en/defence-research-development.sitemap.xml"", ""https://www.canada.ca/en/report-problem.sitemap.xml"", ""https://www.canada.ca/en/news.sitemap.xml"", ""https://www.canada.ca/en/health-canada.sitemap.xml"", ""https://www.canada.ca/en/intergovernmental-affairs.sitemap.xml"", ""https://www.canada.ca/en/youth.sitemap.xml"", ""https://www.canada.ca/en/immigration-refugees-citizenship.sitemap.xml"", ""https://www.canada.ca/en/global-affairs.sitemap.xml"", ""https://www.canada.ca/en/radio-television-telecommunications.sitemap.xml"", ""https://www.canada.ca/en/northern-economic-development.sitemap.xml"", ""https://www.canada.ca/en/nuclear-safety-commission.sitemap.xml"", ""https://www.canada.ca/en/national-battlefields-commission.sitemap.xml"", ""https://www.canada.ca/en/border-services-agency.sitemap.xml"", ""https://www.canada.ca/en/centre-occupational-health-safety.sitemap.xml"", ""https://www.canada.ca/en/competition-bureau.sitemap.xml"", ""https://www.canada.ca/en/international-trade-tribunal.sitemap.xml"", ""https://www.canada.ca/en/judicial-compensation-benefits-commission.sitemap.xml"", ""https://www.canada.ca/en/labour-program.sitemap.xml"", ""https://www.canada.ca/en/fednor.sitemap.xml"", ""https://www.canada.ca/en/democratic-institutions.sitemap.xml"", ""https://www.canada.ca/en/leader-government-house-commons.sitemap.xml"", ""https://www.canada.ca/en/security-intelligence-review.sitemap.xml"", ""https://www.canada.ca/en/research-chairs.sitemap.xml"", ""https://www.canada.ca/en/intergovernmental-conference-secretariat.sitemap.xml"", ""https://www.canada.ca/en/security-intelligence-service.sitemap.xml"", ""https://www.canada.ca/en/copyright-board.sitemap.xml"", ""https://www.canada.ca/en/correctional-investigator.sitemap.xml"", ""https://www.canada.ca/en/taxpayers-ombudsperson.sitemap.xml"", ""https://www.canada.ca/en/public-prosecution.sitemap.xml"", ""https://www.canada.ca/en/royal-canadian-mounted-police.sitemap.xml"", ""https://www.canada.ca/en/intellectual-property-office.sitemap.xml"", ""https://www.canada.ca/en/air-force.sitemap.xml"", ""https://www.canada.ca/en/measurement-canada.sitemap.xml"", ""https://www.canada.ca/en/superintendent-bankruptcy.sitemap.xml"", ""https://www.canada.ca/en/industrial-technologies.sitemap.xml"", ""https://www.canada.ca/en/ombudsman-national-defence-forces.sitemap.xml"", ""https://www.canada.ca/en/navy.sitemap.xml"", ""https://www.canada.ca/en/army.sitemap.xml""]",120,200,Department of Finance Canada - Canada.ca,4548,83,True,1660,False,True,False,False,sitemap_then_article_extract,medium,active,,2026-05-17 19:14:38.871662
cbc_ca,https://www.cbc.ca/news,https://www.cbc.ca/news,cbc.ca,https,https://www.cbc.ca/news,https://www.cbc.ca/robots.txt,False,[],False,True,False,,,False,[],0,False,[],0,0,,0,0,False,0,False,False,False,False,manual_review,unknown,review,"Server disconnected without sending a response.
Traceback (most recent call last):
  File ""C:\Users\lehoa\AppData\Roaming\Python\Python312\site-packages\httpx\_transports\default.py"", line 101, in map_httpcore_exceptions
    yield
  File ""C:\Users\lehoa\AppData\Roaming\Python\Python312\site-packages\httpx\_transports\default.py"", line 250, in handle_request
    resp = self._pool.handle_request(req)
           ^^^^^^^^^^^^^^^^^^^^^^^^^^^^^^
  File ""C:\Users\lehoa\AppData\Roaming\Python\Python312\site-packages\httpcore\_sync\connection_pool.py"", line 256, in handle_request
    raise exc from None
  File ""C:\Users\lehoa\AppData\Roaming\Python\Python312\site-packages\httpcore\_sync\connection_pool.py"", line 236, in handle_request
    response = connection.handle_request(
               ^^^^^^^^^^^^^^^^^^^^^^^^^^
  File ""C:\Users\lehoa\AppData\Roaming\Python\Python312\site-packages\httpcore\_sync\connection.py"", line 103, in handle_request
    return self._connection.handle_request(request)
           ^^^^^^^^^^^^^^^^^^^^^^^^^^^^^^^^^^^^^^^^
httpcore.RemoteProtocolError: Server disconnected without sending a response.

The above exception was the direct cause of the following exception:

Traceback (most recent call last):
  File ""D:\cursor\LEONCODE\CRAWL WEB\leon_web_intel\src\profiler\source_profiler.py"", line 281, in profile_source
    probe = run_html_probe(norm, homepage_url, self.rules, self._fetch_text, self.raw_store)
            ^^^^^^^^^^^^^^^^^^^^^^^^^^^^^^^^^^^^^^^^^^^^^^^^^^^^^^^^^^^^^^^^^^^^^^^^^^^^^^^^
  File ""D:\cursor\LEONCODE\CRAWL WEB\leon_web_intel\src\profiler\html_probe.py"", line 38, in run_html_probe
    status, html = fetch_text(homepage_url)
                   ^^^^^^^^^^^^^^^^^^^^^^^^
  File ""D:\cursor\LEONCODE\CRAWL WEB\leon_web_intel\src\profiler\source_profiler.py"", line 211, in _fetch_text
    return self.http.get_text(url)
           ^^^^^^^^^^^^^^^^^^^^^^^
  File ""D:\cursor\LEONCODE\CRAWL WEB\leon_web_intel\src\utils\cache.py"", line 152, in get_text
    entry = self.get(url)
            ^^^^^^^^^^^^^
  File ""D:\cursor\LEONCODE\CRAWL WEB\leon_web_intel\src\utils\cache.py"", line 142, in get
    entry = self._fetch_uncached(url)
            ^^^^^^^^^^^^^^^^^^^^^^^^^
httpx.RemoteProtocolError: Server disconnected without sending a response.
",2026-05-17 19:13:45.116472
centralbank_ae,https://www.centralbank.ae/,https://www.centralbank.ae/,centralbank.ae,https,https://www.centralbank.ae/,https://www.centralbank.ae/robots.txt,True,[],True,True,False,,,False,[],0,False,[],0,403,,0,0,False,0,True,True,False,False,playwright_fallback,medium,active_candidate,,2026-05-17 19:12:06.916293
channelnewsasia_com,https://www.channelnewsasia.com/,https://www.channelnewsasia.com/,channelnewsasia.com,https,https://www.channelnewsasia.com/,https://www.channelnewsasia.com/robots.txt,True,"[""https://www.channelnewsasia.com/api/v1/sitemap-news-feed?_format=xml"", ""https://www.channelnewsasia.com/api/v1/sitemap-video-feed?_format=xml"", ""https://www.channelnewsasia.com/api/v1/sitemap-image-feed?_format=xml"", ""https://www.channelnewsasia.com/api/v1/google-audio-news-feed""]",True,True,False,,,False,[],0,True,"[""https://www.channelnewsasia.com/api/v1/sitemap-news-feed?_format=xml"", ""https://www.channelnewsasia.com/api/v1/sitemap-video-feed?_format=xml"", ""https://www.channelnewsasia.com/api/v1/sitemap-image-feed?_format=xml""]",3,200,Breaking News and Analysis on Asia and the World | Real-Time Coverage out of Asia and Singapore - CNA,18390,589,True,1302,False,True,False,True,sitemap_then_article_extract,medium,active,,2026-05-17 19:10:54.675635
chinadaily_com_cn,https://www.chinadaily.com.cn/,https://www.chinadaily.com.cn/,chinadaily.com.cn,https,https://www.chinadaily.com.cn/,https://www.chinadaily.com.cn/robots.txt,True,[],False,True,False,,,False,[],0,True,"[""https://www.chinadaily.com.cn/sitemap.xml""]",1,200,China Daily Website - Connecting China Connecting the World,7789,367,True,455,False,True,False,True,sitemap_then_article_extract,medium,active,,2026-05-17 19:02:15.515238
chosun_com,https://www.chosun.com/english/,https://www.chosun.com/english,chosun.com,https,https://www.chosun.com/english,https://www.chosun.com/robots.txt,True,"[""https://www.chosun.com/arc/outboundfeeds/news-sitemap/?outputType=xml"", ""https://www.chosun.com/arc/outboundfeeds/sitemap/section/index/?outputType=xml""]",True,True,False,,,False,[],0,True,"[""https://www.chosun.com/arc/outboundfeeds/news-sitemap/?outputType=xml"", ""https://www.chosun.com/arc/outboundfeeds/sitemap/section/index/?outputType=xml"", ""https://www.chosun.com/arc/outboundfeeds/news-sitemap/category/economy/?outputType=xml"", ""https://www.chosun.com/arc/outboundfeeds/news-sitemap/category/opinion/?outputType=xml"", ""https://www.chosun.com/arc/outboundfeeds/news-sitemap/category/politics/?outputType=xml"", ""https://www.chosun.com/arc/outboundfeeds/news-sitemap/category/national/?outputType=xml"", ""https://www.chosun.com/arc/outboundfeeds/news-sitemap/category/international/?outputType=xml"", ""https://www.chosun.com/arc/outboundfeeds/news-sitemap/category/medical/?outputType=xml"", ""https://www.chosun.com/arc/outboundfeeds/news-sitemap/category/sports/?outputType=xml""]",9,200,English News - The Chosun Daily,11183,229,True,4373,False,True,False,False,sitemap_then_article_extract,medium,active,,2026-05-17 19:09:44.495619
clinicaltrials_gov,https://www.clinicaltrials.gov/,https://www.clinicaltrials.gov/,clinicaltrials.gov,https,https://www.clinicaltrials.gov/,https://www.clinicaltrials.gov/robots.txt,True,[],False,True,False,,,False,[],0,False,[],0,403,,0,0,False,0,True,True,False,False,playwright_fallback,medium,active_candidate,,2026-05-17 19:02:02.946067
cna_com_tw,https://www.cna.com.tw/,https://www.cna.com.tw/,cna.com.tw,https,https://www.cna.com.tw/,https://www.cna.com.tw/robots.txt,True,"[""https://www.cna.com.tw/atomfeed_cfp.xml"", ""https://www.cna.com.tw/sitemap_fromRemote_cfp.xml"", ""https://www.cna.com.tw/GoogleNewsSitemap_fromRemote_cfp.xml""]",True,True,False,,,False,[],0,True,"[""https://www.cna.com.tw/sitemap_fromRemote_cfp.xml"", ""https://www.cna.com.tw/GoogleNewsSitemap_fromRemote_cfp.xml""]",2,200,中央社 CNA,7900,419,True,7529,False,True,False,False,sitemap_then_article_extract,medium,active,,2026-05-17 19:10:30.815142
cnbc_com,https://www.cnbc.com/,https://www.cnbc.com/,cnbc.com,https,https://www.cnbc.com/,https://www.cnbc.com/robots.txt,True,"[""https://www.cnbc.com/sitemapAll.xml"", ""https://www.cnbc.com/sitemap_news.xml"", ""https://www.cnbc.com/sitemapvideoAll.xml"", ""https://www.cnbc.com/SitemapQuotes.xml"", ""https://www.cnbc.com/sitemapSelectAll.xml"", ""https://www.cnbc.com/sitemapproAll.xml"", ""https://www.cnbc.com/sitemapprovideoAll.xml"", ""https://www.cnbc.com/sitemapinvestingclubAll.xml"", ""https://www.cnbc.com/sitemapicvideoprodAll.xml""]",True,True,False,,,False,[],0,True,"[""https://www.cnbc.com/sitemapAll.xml"", ""https://www.cnbc.com/CNBCsitemapAll13.xml"", ""https://www.cnbc.com/CNBCsitemapAll12.xml"", ""https://www.cnbc.com/CNBCsitemapAll11.xml"", ""https://www.cnbc.com/CNBCsitemapAll10.xml"", ""https://www.cnbc.com/CNBCsitemapAll9.xml"", ""https://www.cnbc.com/CNBCsitemapAll8.xml"", ""https://www.cnbc.com/CNBCsitemapAll7.xml"", ""https://www.cnbc.com/CNBCsitemapAll6.xml"", ""https://www.cnbc.com/CNBCsitemapAll5.xml"", ""https://www.cnbc.com/CNBCsitemapAll4.xml"", ""https://www.cnbc.com/CNBCsitemapAll3.xml"", ""https://www.cnbc.com/CNBCsitemapAll2.xml"", ""https://www.cnbc.com/CNBCsitemapAll1.xml"", ""https://www.cnbc.com/sitemap_news.xml"", ""https://www.cnbc.com/sitemapvideoAll.xml"", ""https://www.cnbc.com/CNBCsitemapvideoAll16.xml"", ""https://www.cnbc.com/CNBCsitemapvideoAll15.xml"", ""https://www.cnbc.com/CNBCsitemapvideoAll14.xml"", ""https://www.cnbc.com/CNBCsitemapvideoAll13.xml"", ""https://www.cnbc.com/CNBCsitemapvideoAll12.xml"", ""https://www.cnbc.com/CNBCsitemapvideoAll11.xml"", ""https://www.cnbc.com/CNBCsitemapvideoAll10.xml"", ""https://www.cnbc.com/CNBCsitemapvideoAll9.xml"", ""https://www.cnbc.com/CNBCsitemapvideoAll8.xml"", ""https://www.cnbc.com/CNBCsitemapvideoAll7.xml"", ""https://www.cnbc.com/CNBCsitemapvideoAll6.xml"", ""https://www.cnbc.com/CNBCsitemapvideoAll5.xml"", ""https://www.cnbc.com/CNBCsitemapvideoAll4.xml"", ""https://www.cnbc.com/CNBCsitemapvideoAll3.xml"", ""https://www.cnbc.com/CNBCsitemapvideoAll2.xml"", ""https://www.cnbc.com/CNBCsitemapvideoAll1.xml"", ""https://www.cnbc.com/SitemapQuotes.xml"", ""https://www.cnbc.com/QuoteSitemap3.xml"", ""https://www.cnbc.com/QuoteSitemap2.xml"", ""https://www.cnbc.com/QuoteSitemap1.xml"", ""https://www.cnbc.com/sitemapSelectAll.xml"", ""https://www.cnbc.com/sitemapSelect1.xml"", ""https://www.cnbc.com/sitemapproAll.xml"", ""https://www.cnbc.com/sitemappro2.xml"", ""https://www.cnbc.com/sitemappro1.xml"", ""https://www.cnbc.com/sitemapprovideoAll.xml"", ""https://www.cnbc.com/CNBCsitemapprovideoAll1.xml"", ""https://www.cnbc.com/sitemapinvestingclubAll.xml"", ""https://www.cnbc.com/sitemapinvestingclub1.xml"", ""https://www.cnbc.com/sitemapicvideoprodAll.xml"", ""https://www.cnbc.com/sitemapicvideoprod1.xml""]",47,200,"International Business, World News & Global Stock Market Analysis",11901,417,True,10952,False,True,True,True,sitemap_then_article_extract,medium,active,,2026-05-17 19:02:13.057692
cnn_com,https://www.cnn.com/,https://www.cnn.com/,cnn.com,https,https://www.cnn.com/,https://www.cnn.com/robots.txt,True,"[""https://www.cnn.com/sitemap/news.xml"", ""https://www.cnn.com/sitemaps/sitemap-section.xml"", ""https://www.cnn.com/sitemaps/sitemap-interactive.xml"", ""https://www.cnn.com/sitemap/article/cnn-underscored.xml"", ""https://www.cnn.com/sitemap/section/cnn-underscored.xml"", ""https://www.cnn.com/sitemap/section/politics.xml"", ""https://www.cnn.com/sitemap/article/opinions.xml"", ""https://www.cnn.com/sitemap/article.xml"", ""https://www.cnn.com/sitemap/section.xml"", ""https://www.cnn.com/sitemap/video.xml"", ""https://www.cnn.com/sitemap/gallery.xml"", ""https://www.cnn.com/sitemap/markets/stocks.xml"", ""https://www.cnn.com/sitemap/live-story.xml"", ""https://www.cnn.com/sitemap/election-center/politics.xml"", ""https://www.cnn.com/sitemap/tve.xml""]",True,True,False,,,False,[],0,True,"[""https://www.cnn.com/sitemap/news.xml"", ""https://www.cnn.com/sitemaps/sitemap-section.xml"", ""https://www.cnn.com/sitemaps/sitemap-interactive.xml"", ""https://www.cnn.com/sitemap/article/cnn-underscored.xml"", ""https://www.cnn.com/sitemap/article/cnn-underscored/2021/07.xml"", ""https://www.cnn.com/sitemap/article/cnn-underscored/2023/11.xml"", ""https://www.cnn.com/sitemap/article/cnn-underscored/2026/05.xml"", ""https://www.cnn.com/sitemap/article/cnn-underscored/2026/04.xml"", ""https://www.cnn.com/sitemap/article/cnn-underscored/2021/09.xml"", ""https://www.cnn.com/sitemap/article/cnn-underscored/2025/05.xml"", ""https://www.cnn.com/sitemap/article/cnn-underscored/2026/01.xml"", ""https://www.cnn.com/sitemap/article/cnn-underscored/2025/12.xml"", ""https://www.cnn.com/sitemap/article/cnn-underscored/2024/08.xml"", ""https://www.cnn.com/sitemap/article/cnn-underscored/2025/11.xml"", ""https://www.cnn.com/sitemap/article/cnn-underscored/2022/07.xml"", ""https://www.cnn.com/sitemap/article/cnn-underscored/2020/12.xml"", ""https://www.cnn.com/sitemap/article/cnn-underscored/2022/05.xml"", ""https://www.cnn.com/sitemap/article/cnn-underscored/2023/05.xml"", ""https://www.cnn.com/sitemap/article/cnn-underscored/2026/03.xml"", ""https://www.cnn.com/sitemap/article/cnn-underscored/2024/09.xml"", ""https://www.cnn.com/sitemap/article/cnn-underscored/2023/07.xml"", ""https://www.cnn.com/sitemap/article/cnn-underscored/2023/08.xml"", ""https://www.cnn.com/sitemap/article/cnn-underscored/2025/10.xml"", ""https://www.cnn.com/sitemap/article/cnn-underscored/2025/07.xml"", ""https://www.cnn.com/sitemap/article/cnn-underscored/2025/09.xml"", ""https://www.cnn.com/sitemap/article/cnn-underscored/2025/08.xml"", ""https://www.cnn.com/sitemap/article/cnn-underscored/2025/06.xml"", ""https://www.cnn.com/sitemap/article/cnn-underscored/2021/01.xml"", ""https://www.cnn.com/sitemap/article/cnn-underscored/2025/04.xml"", ""https://www.cnn.com/sitemap/article/cnn-underscored/2022/09.xml"", ""https://www.cnn.com/sitemap/article/cnn-underscored/2022/01.xml"", ""https://www.cnn.com/sitemap/article/cnn-underscored/2021/08.xml"", ""https://www.cnn.com/sitemap/article/cnn-underscored/2024/04.xml"", ""https://www.cnn.com/sitemap/article/cnn-underscored/2022/12.xml"", ""https://www.cnn.com/sitemap/article/cnn-underscored/2025/02.xml"", ""https://www.cnn.com/sitemap/article/cnn-underscored/2024/06.xml"", ""https://www.cnn.com/sitemap/article/cnn-underscored/2025/03.xml"", ""https://www.cnn.com/sitemap/article/cnn-underscored/2026/02.xml"", ""https://www.cnn.com/sitemap/article/cnn-underscored/2023/03.xml"", ""https://www.cnn.com/sitemap/article/cnn-underscored/2022/02.xml"", ""https://www.cnn.com/sitemap/article/cnn-underscored/2025/01.xml"", ""https://www.cnn.com/sitemap/article/cnn-underscored/2021/05.xml"", ""https://www.cnn.com/sitemap/article/cnn-underscored/2024/07.xml"", ""https://www.cnn.com/sitemap/article/cnn-underscored/2021/11.xml"", ""https://www.cnn.com/sitemap/article/cnn-underscored/2024/12.xml"", ""https://www.cnn.com/sitemap/article/cnn-underscored/2022/04.xml"", ""https://www.cnn.com/sitemap/article/cnn-underscored/2022/06.xml"", ""https://www.cnn.com/sitemap/article/cnn-underscored/2022/08.xml"", ""https://www.cnn.com/sitemap/article/cnn-underscored/2021/12.xml"", ""https://www.cnn.com/sitemap/article/cnn-underscored/2022/03.xml"", ""https://www.cnn.com/sitemap/article/cnn-underscored/2022/10.xml"", ""https://www.cnn.com/sitemap/article/cnn-underscored/2024/03.xml"", ""https://www.cnn.com/sitemap/article/cnn-underscored/2024/11.xml"", ""https://www.cnn.com/sitemap/article/cnn-underscored/2024/05.xml"", ""https://www.cnn.com/sitemap/article/cnn-underscored/2021/10.xml"", ""https://www.cnn.com/sitemap/article/cnn-underscored/2024/10.xml"", ""https://www.cnn.com/sitemap/article/cnn-underscored/2024/01.xml"", ""https://www.cnn.com/sitemap/article/cnn-underscored/2023/12.xml"", ""https://www.cnn.com/sitemap/article/cnn-underscored/2024/02.xml"", ""https://www.cnn.com/sitemap/article/cnn-underscored/2022/11.xml"", ""https://www.cnn.com/sitemap/article/cnn-underscored/2023/10.xml"", ""https://www.cnn.com/sitemap/article/cnn-underscored/2021/03.xml"", ""https://www.cnn.com/sitemap/article/cnn-underscored/2021/02.xml"", ""https://www.cnn.com/sitemap/article/cnn-underscored/2023/02.xml"", ""https://www.cnn.com/sitemap/article/cnn-underscored/2023/09.xml"", ""https://www.cnn.com/sitemap/article/cnn-underscored/2023/01.xml"", ""https://www.cnn.com/sitemap/article/cnn-underscored/2021/04.xml"", ""https://www.cnn.com/sitemap/article/cnn-underscored/2023/04.xml"", ""https://www.cnn.com/sitemap/article/cnn-underscored/2020/09.xml"", ""https://www.cnn.com/sitemap/article/cnn-underscored/2023/06.xml"", ""https://www.cnn.com/sitemap/article/cnn-underscored/2020/10.xml"", ""https://www.cnn.com/sitemap/article/cnn-underscored/2020/04.xml"", ""https://www.cnn.com/sitemap/article/cnn-underscored/2021/06.xml"", ""https://www.cnn.com/sitemap/article/cnn-underscored/2020/07.xml"", ""https://www.cnn.com/sitemap/article/cnn-underscored/2020/01.xml"", ""https://www.cnn.com/sitemap/article/cnn-underscored/2019/12.xml"", ""https://www.cnn.com/sitemap/article/cnn-underscored/2020/11.xml"", ""https://www.cnn.com/sitemap/article/cnn-underscored/2020/03.xml"", ""https://www.cnn.com/sitemap/article/cnn-underscored/2019/10.xml"", ""https://www.cnn.com/sitemap/article/cnn-underscored/2020/06.xml"", ""https://www.cnn.com/sitemap/article/cnn-underscored/2020/02.xml"", ""https://www.cnn.com/sitemap/article/cnn-underscored/2020/08.xml"", ""https://www.cnn.com/sitemap/article/cnn-underscored/2018/03.xml"", ""https://www.cnn.com/sitemap/article/cnn-underscored/2019/11.xml"", ""https://www.cnn.com/sitemap/article/cnn-underscored/2019/09.xml"", ""https://www.cnn.com/sitemap/article/cnn-underscored/2018/05.xml"", ""https://www.cnn.com/sitemap/article/cnn-underscored/2020/05.xml"", ""https://www.cnn.com/sitemap/article/cnn-underscored/2019/03.xml"", ""https://www.cnn.com/sitemap/article/cnn-underscored/2019/05.xml"", ""https://www.cnn.com/sitemap/article/cnn-underscored/2019/07.xml"", ""https://www.cnn.com/sitemap/article/cnn-underscored/2017/11.xml"", ""https://www.cnn.com/sitemap/article/cnn-underscored/2019/06.xml"", ""https://www.cnn.com/sitemap/article/cnn-underscored/2019/02.xml"", ""https://www.cnn.com/sitemap/article/cnn-underscored/2019/01.xml"", ""https://www.cnn.com/sitemap/article/cnn-underscored/2019/08.xml"", ""https://www.cnn.com/sitemap/article/cnn-underscored/2018/06.xml"", ""https://www.cnn.com/sitemap/article/cnn-underscored/2018/04.xml"", ""https://www.cnn.com/sitemap/article/cnn-underscored/2018/02.xml"", ""https://www.cnn.com/sitemap/article/cnn-underscored/2018/11.xml"", ""https://www.cnn.com/sitemap/article/cnn-underscored/2019/04.xml"", ""https://www.cnn.com/sitemap/article/cnn-underscored/2018/01.xml"", ""https://www.cnn.com/sitemap/article/cnn-underscored/2018/08.xml"", ""https://www.cnn.com/sitemap/article/cnn-underscored/2018/07.xml"", ""https://www.cnn.com/sitemap/article/cnn-underscored/2018/12.xml"", ""https://www.cnn.com/sitemap/article/cnn-underscored/2018/10.xml"", ""https://www.cnn.com/sitemap/article/cnn-underscored/2017/12.xml"", ""https://www.cnn.com/sitemap/article/cnn-underscored/2018/09.xml"", ""https://www.cnn.com/sitemap/article/cnn-underscored/2017/10.xml"", ""https://www.cnn.com/sitemap/section/cnn-underscored.xml"", ""https://www.cnn.com/sitemap/section/cnn-underscored/2022/04.xml"", ""https://www.cnn.com/sitemap/section/cnn-underscored/2021/07.xml"", ""https://www.cnn.com/sitemap/section/cnn-underscored/2026/04.xml"", ""https://www.cnn.com/sitemap/section/cnn-underscored/2022/07.xml"", ""https://www.cnn.com/sitemap/section/cnn-underscored/2023/05.xml"", ""https://www.cnn.com/sitemap/section/cnn-underscored/2025/02.xml"", ""https://www.cnn.com/sitemap/section/cnn-underscored/2025/05.xml"", ""https://www.cnn.com/sitemap/section/cnn-underscored/2022/10.xml"", ""https://www.cnn.com/sitemap/section/cnn-underscored/2024/01.xml"", ""https://www.cnn.com/sitemap/section/cnn-underscored/2026/01.xml"", ""https://www.cnn.com/sitemap/section/cnn-underscored/2023/01.xml""]",120,200,"Breaking News, Latest News and Videos | CNN",8316,428,True,1790,False,True,False,True,sitemap_then_article_extract,medium,active,,2026-05-17 19:02:13.646161
consilium_europa_eu,https://www.consilium.europa.eu/en/press/,https://www.consilium.europa.eu/en/press,consilium.europa.eu,https,https://www.consilium.europa.eu/en/press,https://www.consilium.europa.eu/robots.txt,True,[],False,True,False,,,False,[],0,False,[],0,403,,0,0,False,0,True,False,False,False,playwright_fallback,medium,active_candidate,,2026-05-17 19:06:39.898248
crossref_org,https://www.crossref.org/,https://www.crossref.org/,crossref.org,https,https://www.crossref.org/,https://www.crossref.org/robots.txt,True,[],True,True,True,crossref_collector,https://api.crossref.org/,True,"[""https://www.crossref.org//blog/index.xml""]",1,True,"[""https://www.crossref.org/sitemap.xml""]",1,200,You are Crossref - Crossref,4459,105,True,507,False,True,False,False,api_first,low,active,,2026-05-17 19:02:02.931456
ctvnews_ca,https://www.ctvnews.ca/,https://www.ctvnews.ca/,ctvnews.ca,https,https://www.ctvnews.ca/,https://www.ctvnews.ca/robots.txt,True,"[""https://www.ctvnews.ca/arc/outboundfeeds/sitemap-index/"", ""https://www.ctvnews.ca/arc/outboundfeeds/sitemap-news-index/"", ""https://www.ctvnews.ca/arc/outboundfeeds/sitemap-video-index/""]",True,True,False,,,False,[],0,True,"[""https://www.ctvnews.ca/arc/outboundfeeds/sitemap-index/"", ""https://www.ctvnews.ca/arc/outboundfeeds/sitemap/latest/?outputType=xml"", ""https://www.ctvnews.ca/arc/outboundfeeds/sitemap/2026-05-16/?outputType=xml"", ""https://www.ctvnews.ca/arc/outboundfeeds/sitemap-news-index/"", ""https://www.ctvnews.ca/arc/outboundfeeds/sitemap-news/latest/"", ""https://www.ctvnews.ca/arc/outboundfeeds/sitemap-news/2026-05-16/"", ""https://www.ctvnews.ca/arc/outboundfeeds/sitemap-video-index/"", ""https://www.ctvnews.ca/arc/outboundfeeds/sitemap/latest/"", ""https://www.ctvnews.ca/arc/outboundfeeds/sitemap-video-by-day/2026-05-16/"", ""https://www.ctvnews.ca/arc/outboundfeeds/sitemap-video-by-day/2026-05-15/"", ""https://www.ctvnews.ca/arc/outboundfeeds/sitemap-video-by-day/2026-05-14/"", ""https://www.ctvnews.ca/arc/outboundfeeds/sitemap-video-by-day/2026-05-13/"", ""https://www.ctvnews.ca/arc/outboundfeeds/sitemap-video-by-day/2026-05-12/"", ""https://www.ctvnews.ca/arc/outboundfeeds/sitemap-video-by-day/2026-05-11/"", ""https://www.ctvnews.ca/arc/outboundfeeds/sitemap-video-by-day/2026-05-10/"", ""https://www.ctvnews.ca/arc/outboundfeeds/sitemap-video-by-day/2026-05-09/"", ""https://www.ctvnews.ca/arc/outboundfeeds/sitemap-video-by-day/2026-05-08/"", ""https://www.ctvnews.ca/arc/outboundfeeds/sitemap-video-by-day/2026-05-07/"", ""https://www.ctvnews.ca/arc/outboundfeeds/sitemap-video-by-day/2026-05-06/"", ""https://www.ctvnews.ca/arc/outboundfeeds/sitemap-video-by-day/2026-05-05/"", ""https://www.ctvnews.ca/arc/outboundfeeds/sitemap-video-by-day/2026-05-04/"", ""https://www.ctvnews.ca/arc/outboundfeeds/sitemap-video-by-day/2026-05-03/"", ""https://www.ctvnews.ca/arc/outboundfeeds/sitemap-video-by-day/2026-05-02/"", ""https://www.ctvnews.ca/arc/outboundfeeds/sitemap-video-by-day/2026-05-01/"", ""https://www.ctvnews.ca/arc/outboundfeeds/sitemap-video-by-day/2026-04-30/"", ""https://www.ctvnews.ca/arc/outboundfeeds/sitemap-video-by-day/2026-04-29/"", ""https://www.ctvnews.ca/arc/outboundfeeds/sitemap-video-by-day/2026-04-28/"", ""https://www.ctvnews.ca/arc/outboundfeeds/sitemap-video-by-day/2026-04-27/"", ""https://www.ctvnews.ca/arc/outboundfeeds/sitemap-video-by-day/2026-04-26/"", ""https://www.ctvnews.ca/arc/outboundfeeds/sitemap-video-by-day/2026-04-25/"", ""https://www.ctvnews.ca/arc/outboundfeeds/sitemap-video-by-day/2026-04-24/"", ""https://www.ctvnews.ca/arc/outboundfeeds/sitemap-video-by-day/2026-04-23/"", ""https://www.ctvnews.ca/arc/outboundfeeds/sitemap-video-by-day/2026-04-22/"", ""https://www.ctvnews.ca/arc/outboundfeeds/sitemap-video-by-day/2026-04-21/"", ""https://www.ctvnews.ca/arc/outboundfeeds/sitemap-video-by-day/2026-04-20/"", ""https://www.ctvnews.ca/arc/outboundfeeds/sitemap-video-by-day/2026-04-19/"", ""https://www.ctvnews.ca/arc/outboundfeeds/sitemap-video-by-day/2026-04-18/"", ""https://www.ctvnews.ca/arc/outboundfeeds/sitemap-video-by-day/2026-04-17/"", ""https://www.ctvnews.ca/arc/outboundfeeds/sitemap-video-by-day/2026-04-16/"", ""https://www.ctvnews.ca/arc/outboundfeeds/sitemap-video-by-day/2026-04-15/"", ""https://www.ctvnews.ca/arc/outboundfeeds/sitemap-video-by-day/2026-04-14/"", ""https://www.ctvnews.ca/arc/outboundfeeds/sitemap-video-by-day/2026-04-13/"", ""https://www.ctvnews.ca/arc/outboundfeeds/sitemap-video-by-day/2026-04-12/"", ""https://www.ctvnews.ca/arc/outboundfeeds/sitemap-video-by-day/2026-04-11/"", ""https://www.ctvnews.ca/arc/outboundfeeds/sitemap-video-by-day/2026-04-10/"", ""https://www.ctvnews.ca/arc/outboundfeeds/sitemap-video-by-day/2026-04-09/"", ""https://www.ctvnews.ca/arc/outboundfeeds/sitemap-video-by-day/2026-04-08/"", ""https://www.ctvnews.ca/arc/outboundfeeds/sitemap-video-by-day/2026-04-07/"", ""https://www.ctvnews.ca/arc/outboundfeeds/sitemap-video-by-day/2026-04-06/"", ""https://www.ctvnews.ca/arc/outboundfeeds/sitemap-video-by-day/2026-04-05/"", ""https://www.ctvnews.ca/arc/outboundfeeds/sitemap-video-by-day/2026-04-04/"", ""https://www.ctvnews.ca/arc/outboundfeeds/sitemap-video-by-day/2026-04-03/"", ""https://www.ctvnews.ca/arc/outboundfeeds/sitemap-video-by-day/2026-04-02/"", ""https://www.ctvnews.ca/arc/outboundfeeds/sitemap-video-by-day/2026-04-01/"", ""https://www.ctvnews.ca/arc/outboundfeeds/sitemap-video-by-day/2026-03-31/"", ""https://www.ctvnews.ca/arc/outboundfeeds/sitemap-video-by-day/2026-03-30/"", ""https://www.ctvnews.ca/arc/outboundfeeds/sitemap-video-by-day/2026-03-29/"", ""https://www.ctvnews.ca/arc/outboundfeeds/sitemap-video-by-day/2026-03-28/"", ""https://www.ctvnews.ca/arc/outboundfeeds/sitemap-video-by-day/2026-03-27/"", ""https://www.ctvnews.ca/arc/outboundfeeds/sitemap-video-by-day/2026-03-26/"", ""https://www.ctvnews.ca/arc/outboundfeeds/sitemap-video-by-day/2026-03-25/"", ""https://www.ctvnews.ca/arc/outboundfeeds/sitemap-video-by-day/2026-03-24/"", ""https://www.ctvnews.ca/arc/outboundfeeds/sitemap-video-by-day/2026-03-23/"", ""https://www.ctvnews.ca/arc/outboundfeeds/sitemap-video-by-day/2026-03-22/"", ""https://www.ctvnews.ca/arc/outboundfeeds/sitemap-video-by-day/2026-03-21/"", ""https://www.ctvnews.ca/arc/outboundfeeds/sitemap-video-by-day/2026-03-20/"", ""https://www.ctvnews.ca/arc/outboundfeeds/sitemap-video-by-day/2026-03-19/""]",67,200,"CTV News – Breaking News and Video, Canada News Today",13346,347,True,287,False,True,False,True,sitemap_then_article_extract,medium,active,,2026-05-17 19:14:10.259738
dailymaverick_co_za,https://www.dailymaverick.co.za/,https://www.dailymaverick.co.za/,dailymaverick.co.za,https,https://www.dailymaverick.co.za/,https://www.dailymaverick.co.za/robots.txt,True,"[""https://www.dailymaverick.co.za/sitemap_index.xml""]",True,True,False,,,True,"[""https://www.dailymaverick.co.za/rss""]",1,True,"[""https://www.dailymaverick.co.za/sitemap_index.xml"", ""https://www.dailymaverick.co.za/article-sitemap1.xml"", ""https://www.dailymaverick.co.za/article-sitemap2.xml"", ""https://www.dailymaverick.co.za/article-sitemap3.xml"", ""https://www.dailymaverick.co.za/article-sitemap4.xml"", ""https://www.dailymaverick.co.za/article-sitemap5.xml"", ""https://www.dailymaverick.co.za/article-sitemap6.xml"", ""https://www.dailymaverick.co.za/article-sitemap7.xml"", ""https://www.dailymaverick.co.za/article-sitemap8.xml"", ""https://www.dailymaverick.co.za/article-sitemap9.xml"", ""https://www.dailymaverick.co.za/article-sitemap10.xml"", ""https://www.dailymaverick.co.za/article-sitemap11.xml"", ""https://www.dailymaverick.co.za/article-sitemap12.xml"", ""https://www.dailymaverick.co.za/article-sitemap13.xml"", ""https://www.dailymaverick.co.za/article-sitemap14.xml"", ""https://www.dailymaverick.co.za/article-sitemap15.xml"", ""https://www.dailymaverick.co.za/article-sitemap16.xml"", ""https://www.dailymaverick.co.za/article-sitemap17.xml"", ""https://www.dailymaverick.co.za/article-sitemap18.xml"", ""https://www.dailymaverick.co.za/article-sitemap19.xml"", ""https://www.dailymaverick.co.za/article-sitemap20.xml"", ""https://www.dailymaverick.co.za/article-sitemap21.xml"", ""https://www.dailymaverick.co.za/article-sitemap22.xml"", ""https://www.dailymaverick.co.za/article-sitemap23.xml"", ""https://www.dailymaverick.co.za/article-sitemap24.xml"", ""https://www.dailymaverick.co.za/article-sitemap25.xml"", ""https://www.dailymaverick.co.za/article-sitemap26.xml"", ""https://www.dailymaverick.co.za/article-sitemap27.xml"", ""https://www.dailymaverick.co.za/article-sitemap28.xml"", ""https://www.dailymaverick.co.za/article-sitemap29.xml"", ""https://www.dailymaverick.co.za/article-sitemap30.xml"", ""https://www.dailymaverick.co.za/article-sitemap31.xml"", ""https://www.dailymaverick.co.za/article-sitemap32.xml"", ""https://www.dailymaverick.co.za/article-sitemap33.xml"", ""https://www.dailymaverick.co.za/article-sitemap34.xml"", ""https://www.dailymaverick.co.za/article-sitemap35.xml"", ""https://www.dailymaverick.co.za/article-sitemap36.xml"", ""https://www.dailymaverick.co.za/article-sitemap37.xml"", ""https://www.dailymaverick.co.za/article-sitemap38.xml"", ""https://www.dailymaverick.co.za/article-sitemap39.xml"", ""https://www.dailymaverick.co.za/article-sitemap40.xml"", ""https://www.dailymaverick.co.za/article-sitemap41.xml"", ""https://www.dailymaverick.co.za/article-sitemap42.xml"", ""https://www.dailymaverick.co.za/article-sitemap43.xml"", ""https://www.dailymaverick.co.za/article-sitemap44.xml"", ""https://www.dailymaverick.co.za/article-sitemap45.xml"", ""https://www.dailymaverick.co.za/article-sitemap46.xml"", ""https://www.dailymaverick.co.za/article-sitemap47.xml"", ""https://www.dailymaverick.co.za/article-sitemap48.xml"", ""https://www.dailymaverick.co.za/article-sitemap49.xml"", ""https://www.dailymaverick.co.za/article-sitemap50.xml"", ""https://www.dailymaverick.co.za/article-sitemap51.xml"", ""https://www.dailymaverick.co.za/article-sitemap52.xml"", ""https://www.dailymaverick.co.za/article-sitemap53.xml"", ""https://www.dailymaverick.co.za/article-sitemap54.xml"", ""https://www.dailymaverick.co.za/article-sitemap55.xml"", ""https://www.dailymaverick.co.za/article-sitemap56.xml"", ""https://www.dailymaverick.co.za/article-sitemap57.xml"", ""https://www.dailymaverick.co.za/article-sitemap58.xml"", ""https://www.dailymaverick.co.za/article-sitemap59.xml"", ""https://www.dailymaverick.co.za/article-sitemap60.xml"", ""https://www.dailymaverick.co.za/article-sitemap61.xml"", ""https://www.dailymaverick.co.za/article-sitemap62.xml"", ""https://www.dailymaverick.co.za/article-sitemap63.xml"", ""https://www.dailymaverick.co.za/article-sitemap64.xml"", ""https://www.dailymaverick.co.za/article-sitemap65.xml"", ""https://www.dailymaverick.co.za/article-sitemap66.xml"", ""https://www.dailymaverick.co.za/article-sitemap67.xml"", ""https://www.dailymaverick.co.za/article-sitemap68.xml"", ""https://www.dailymaverick.co.za/article-sitemap69.xml"", ""https://www.dailymaverick.co.za/article-sitemap70.xml"", ""https://www.dailymaverick.co.za/article-sitemap71.xml"", ""https://www.dailymaverick.co.za/article-sitemap72.xml"", ""https://www.dailymaverick.co.za/article-sitemap73.xml"", ""https://www.dailymaverick.co.za/article-sitemap74.xml"", ""https://www.dailymaverick.co.za/article-sitemap75.xml"", ""https://www.dailymaverick.co.za/article-sitemap76.xml"", ""https://www.dailymaverick.co.za/article-sitemap77.xml"", ""https://www.dailymaverick.co.za/article-sitemap78.xml"", ""https://www.dailymaverick.co.za/article-sitemap79.xml"", ""https://www.dailymaverick.co.za/article-sitemap80.xml"", ""https://www.dailymaverick.co.za/article-sitemap81.xml"", ""https://www.dailymaverick.co.za/article-sitemap82.xml"", ""https://www.dailymaverick.co.za/article-sitemap83.xml"", ""https://www.dailymaverick.co.za/article-sitemap84.xml"", ""https://www.dailymaverick.co.za/article-sitemap85.xml"", ""https://www.dailymaverick.co.za/article-sitemap86.xml"", ""https://www.dailymaverick.co.za/article-sitemap87.xml"", ""https://www.dailymaverick.co.za/article-sitemap88.xml"", ""https://www.dailymaverick.co.za/article-sitemap89.xml"", ""https://www.dailymaverick.co.za/article-sitemap90.xml"", ""https://www.dailymaverick.co.za/article-sitemap91.xml"", ""https://www.dailymaverick.co.za/article-sitemap92.xml"", ""https://www.dailymaverick.co.za/article-sitemap93.xml"", ""https://www.dailymaverick.co.za/article-sitemap94.xml"", ""https://www.dailymaverick.co.za/article-sitemap95.xml"", ""https://www.dailymaverick.co.za/article-sitemap96.xml"", ""https://www.dailymaverick.co.za/article-sitemap97.xml"", ""https://www.dailymaverick.co.za/article-sitemap98.xml"", ""https://www.dailymaverick.co.za/article-sitemap99.xml"", ""https://www.dailymaverick.co.za/article-sitemap100.xml"", ""https://www.dailymaverick.co.za/article-sitemap101.xml"", ""https://www.dailymaverick.co.za/article-sitemap102.xml"", ""https://www.dailymaverick.co.za/article-sitemap103.xml"", ""https://www.dailymaverick.co.za/article-sitemap104.xml"", ""https://www.dailymaverick.co.za/article-sitemap105.xml"", ""https://www.dailymaverick.co.za/article-sitemap106.xml"", ""https://www.dailymaverick.co.za/article-sitemap107.xml"", ""https://www.dailymaverick.co.za/article-sitemap108.xml"", ""https://www.dailymaverick.co.za/article-sitemap109.xml"", ""https://www.dailymaverick.co.za/article-sitemap110.xml"", ""https://www.dailymaverick.co.za/article-sitemap111.xml"", ""https://www.dailymaverick.co.za/article-sitemap112.xml"", ""https://www.dailymaverick.co.za/article-sitemap113.xml"", ""https://www.dailymaverick.co.za/article-sitemap114.xml"", ""https://www.dailymaverick.co.za/article-sitemap115.xml"", ""https://www.dailymaverick.co.za/article-sitemap116.xml"", ""https://www.dailymaverick.co.za/article-sitemap117.xml"", ""https://www.dailymaverick.co.za/article-sitemap118.xml"", ""https://www.dailymaverick.co.za/article-sitemap119.xml""]",120,200,Daily Maverick,13723,198,True,7743,False,True,False,True,rss_then_article_extract,medium,active,,2026-05-17 19:15:23.030980
dantri_com_vn,https://dantri.com.vn/,https://dantri.com.vn/,dantri.com.vn,https,https://dantri.com.vn/,https://dantri.com.vn/robots.txt,True,"[""https://dantri.com.vn/sitemaps/category-sitemap.xml"", ""https://dantri.com.vn/sitemaps/articles.xml"", ""https://dantri.com.vn/sitemaps/Videos.xml"", ""https://dantri.com.vn/google-news-sitemap.xml"", ""https://dantri.com.vn/sitemaps/collection-sitemap.xml""]",True,True,False,,,True,"[""https://dantri.com.vn/rss/home.rss""]",1,True,"[""https://dantri.com.vn/sitemaps/category-sitemap.xml"", ""https://dantri.com.vn/sitemaps/articles.xml"", ""https://dantri.com.vn/sitemaps/Article-2026-01-01.xml"", ""https://dantri.com.vn/sitemaps/Article-2025-12-01.xml"", ""https://dantri.com.vn/sitemaps/Article-2025-11-01.xml"", ""https://dantri.com.vn/sitemaps/Article-2025-10-01.xml"", ""https://dantri.com.vn/sitemaps/Article-2025-09-01.xml"", ""https://dantri.com.vn/sitemaps/Article-2025-08-01.xml"", ""https://dantri.com.vn/sitemaps/Article-2025-07-01.xml"", ""https://dantri.com.vn/sitemaps/Article-2025-06-01.xml"", ""https://dantri.com.vn/sitemaps/Article-2025-05-01.xml"", ""https://dantri.com.vn/sitemaps/Article-2025-04-01.xml"", ""https://dantri.com.vn/sitemaps/Article-2025-03-01.xml"", ""https://dantri.com.vn/sitemaps/Article-2025-02-01.xml"", ""https://dantri.com.vn/sitemaps/Article-2025-01-01.xml"", ""https://dantri.com.vn/sitemaps/Article-2024-12-01.xml"", ""https://dantri.com.vn/sitemaps/Article-2024-11-01.xml"", ""https://dantri.com.vn/sitemaps/Article-2024-10-01.xml"", ""https://dantri.com.vn/sitemaps/Article-2024-09-01.xml"", ""https://dantri.com.vn/sitemaps/Article-2024-08-01.xml"", ""https://dantri.com.vn/sitemaps/Article-2024-07-01.xml"", ""https://dantri.com.vn/sitemaps/Article-2024-06-01.xml"", ""https://dantri.com.vn/sitemaps/Article-2024-05-01.xml"", ""https://dantri.com.vn/sitemaps/Article-2024-04-01.xml"", ""https://dantri.com.vn/sitemaps/Article-2024-03-01.xml"", ""https://dantri.com.vn/sitemaps/Article-2024-02-01.xml"", ""https://dantri.com.vn/sitemaps/Article-2024-01-01.xml"", ""https://dantri.com.vn/sitemaps/Article-2023-12-01.xml"", ""https://dantri.com.vn/sitemaps/Article-2023-11-01.xml"", ""https://dantri.com.vn/sitemaps/Article-2023-10-01.xml"", ""https://dantri.com.vn/sitemaps/Article-2023-09-01.xml"", ""https://dantri.com.vn/sitemaps/Article-2023-08-01.xml"", ""https://dantri.com.vn/sitemaps/Article-2023-07-01.xml"", ""https://dantri.com.vn/sitemaps/Article-2023-06-01.xml"", ""https://dantri.com.vn/sitemaps/Article-2023-05-01.xml"", ""https://dantri.com.vn/sitemaps/Article-2023-04-01.xml"", ""https://dantri.com.vn/sitemaps/Article-2023-03-01.xml"", ""https://dantri.com.vn/sitemaps/Article-2023-02-01.xml"", ""https://dantri.com.vn/sitemaps/Article-2023-01-01.xml"", ""https://dantri.com.vn/sitemaps/Article-2022-12-01.xml"", ""https://dantri.com.vn/sitemaps/Article-2022-11-01.xml"", ""https://dantri.com.vn/sitemaps/Article-2022-10-01.xml"", ""https://dantri.com.vn/sitemaps/Article-2022-09-01.xml"", ""https://dantri.com.vn/sitemaps/Article-2022-08-01.xml"", ""https://dantri.com.vn/sitemaps/Article-2022-07-01.xml"", ""https://dantri.com.vn/sitemaps/Article-2022-06-01.xml"", ""https://dantri.com.vn/sitemaps/Article-2022-05-01.xml"", ""https://dantri.com.vn/sitemaps/Article-2022-04-01.xml"", ""https://dantri.com.vn/sitemaps/Article-2022-03-01.xml"", ""https://dantri.com.vn/sitemaps/Article-2022-02-01.xml"", ""https://dantri.com.vn/sitemaps/Article-2022-01-01.xml"", ""https://dantri.com.vn/sitemaps/Article-2021-12-01.xml"", ""https://dantri.com.vn/sitemaps/Article-2021-11-01.xml"", ""https://dantri.com.vn/sitemaps/Article-2021-10-01.xml"", ""https://dantri.com.vn/sitemaps/Article-2021-09-01.xml"", ""https://dantri.com.vn/sitemaps/Article-2021-08-01.xml"", ""https://dantri.com.vn/sitemaps/Article-2021-07-01.xml"", ""https://dantri.com.vn/sitemaps/Article-2021-06-01.xml"", ""https://dantri.com.vn/sitemaps/Article-2021-05-01.xml"", ""https://dantri.com.vn/sitemaps/Article-2021-04-01.xml"", ""https://dantri.com.vn/sitemaps/Article-2021-03-01.xml"", ""https://dantri.com.vn/sitemaps/Article-2021-02-01.xml"", ""https://dantri.com.vn/sitemaps/Article-2021-01-01.xml"", ""https://dantri.com.vn/sitemaps/Article-2020-12-01.xml"", ""https://dantri.com.vn/sitemaps/Article-2020-11-01.xml"", ""https://dantri.com.vn/sitemaps/Article-2020-10-01.xml"", ""https://dantri.com.vn/sitemaps/Article-2020-09-01.xml"", ""https://dantri.com.vn/sitemaps/Article-2020-08-01.xml"", ""https://dantri.com.vn/sitemaps/Article-2020-07-01.xml"", ""https://dantri.com.vn/sitemaps/Article-2020-06-01.xml"", ""https://dantri.com.vn/sitemaps/Article-2020-05-01.xml"", ""https://dantri.com.vn/sitemaps/Article-2020-04-01.xml"", ""https://dantri.com.vn/sitemaps/Article-2020-03-01.xml"", ""https://dantri.com.vn/sitemaps/Article-2020-02-01.xml"", ""https://dantri.com.vn/sitemaps/Article-2020-01-01.xml"", ""https://dantri.com.vn/sitemaps/Article-2019-12-01.xml"", ""https://dantri.com.vn/sitemaps/Article-2019-11-01.xml"", ""https://dantri.com.vn/sitemaps/Article-2019-10-01.xml"", ""https://dantri.com.vn/sitemaps/Article-2019-09-01.xml"", ""https://dantri.com.vn/sitemaps/Article-2019-08-01.xml"", ""https://dantri.com.vn/sitemaps/Article-2019-07-01.xml"", ""https://dantri.com.vn/sitemaps/Article-2019-06-01.xml"", ""https://dantri.com.vn/sitemaps/Article-2019-05-01.xml"", ""https://dantri.com.vn/sitemaps/Article-2019-04-01.xml"", ""https://dantri.com.vn/sitemaps/Article-2019-03-01.xml"", ""https://dantri.com.vn/sitemaps/Article-2019-02-01.xml"", ""https://dantri.com.vn/sitemaps/Article-2019-01-01.xml"", ""https://dantri.com.vn/sitemaps/Article-2018-12-01.xml"", ""https://dantri.com.vn/sitemaps/Article-2018-11-01.xml"", ""https://dantri.com.vn/sitemaps/Article-2018-10-01.xml"", ""https://dantri.com.vn/sitemaps/Article-2018-09-01.xml"", ""https://dantri.com.vn/sitemaps/Article-2018-08-01.xml"", ""https://dantri.com.vn/sitemaps/Article-2018-07-01.xml"", ""https://dantri.com.vn/sitemaps/Article-2018-06-01.xml"", ""https://dantri.com.vn/sitemaps/Article-2018-05-01.xml"", ""https://dantri.com.vn/sitemaps/Article-2018-04-01.xml"", ""https://dantri.com.vn/sitemaps/Article-2018-03-01.xml"", ""https://dantri.com.vn/sitemaps/Article-2018-02-01.xml"", ""https://dantri.com.vn/sitemaps/Article-2018-01-01.xml"", ""https://dantri.com.vn/sitemaps/Article-2017-12-01.xml"", ""https://dantri.com.vn/sitemaps/Article-2017-11-01.xml"", ""https://dantri.com.vn/sitemaps/Article-2017-10-01.xml"", ""https://dantri.com.vn/sitemaps/Article-2017-09-01.xml"", ""https://dantri.com.vn/sitemaps/Article-2017-08-01.xml"", ""https://dantri.com.vn/sitemaps/Article-2017-07-01.xml"", ""https://dantri.com.vn/sitemaps/Article-2017-06-01.xml"", ""https://dantri.com.vn/sitemaps/Article-2017-05-01.xml"", ""https://dantri.com.vn/sitemaps/Article-2017-04-01.xml"", ""https://dantri.com.vn/sitemaps/Article-2017-03-01.xml"", ""https://dantri.com.vn/sitemaps/Article-2017-02-01.xml"", ""https://dantri.com.vn/sitemaps/Article-2017-01-01.xml"", ""https://dantri.com.vn/sitemaps/Article-2016-12-01.xml"", ""https://dantri.com.vn/sitemaps/Article-2016-11-01.xml"", ""https://dantri.com.vn/sitemaps/Article-2016-10-01.xml"", ""https://dantri.com.vn/sitemaps/Article-2016-09-01.xml"", ""https://dantri.com.vn/sitemaps/Article-2016-08-01.xml"", ""https://dantri.com.vn/sitemaps/Article-2016-07-01.xml"", ""https://dantri.com.vn/sitemaps/Article-2016-06-01.xml"", ""https://dantri.com.vn/sitemaps/Article-2016-05-01.xml"", ""https://dantri.com.vn/sitemaps/Article-2016-04-01.xml""]",120,200,"Tin tức Việt Nam và quốc tế nóng, nhanh, cập nhật 24h | Báo Dân trí",20320,746,True,1908,False,True,True,False,rss_then_article_extract,medium,active,,2026-05-17 19:03:03.657777
data_aseanstats_org,https://data.aseanstats.org/,https://data.aseanstats.org/,data.aseanstats.org,https,https://data.aseanstats.org/,https://data.aseanstats.org/robots.txt,True,[],False,True,False,,,False,[],0,False,[],0,200,Indicators | ASEANStatsDataPortal,2716,42,True,835,False,True,True,False,html_then_trafilatura,medium,active_candidate,,2026-05-17 19:11:25.208672
data_gov,https://data.gov/,https://data.gov/,data.gov,https,https://data.gov/,https://data.gov/robots.txt,True,"[""https://data.gov/sitemap.xml""]",False,True,False,,,False,[],0,True,"[""https://data.gov/sitemap.xml""]",1,200,Data.gov Home - Data.gov,2295,47,True,1087,False,False,False,True,sitemap_then_article_extract,medium,active,,2026-05-17 19:02:02.946067
dw_com,https://www.dw.com/,https://www.dw.com/,dw.com,https,https://www.dw.com/,https://www.dw.com/robots.txt,True,"[""https://www.dw.com/sitemap.xml""]",True,True,False,,,False,[],0,True,"[""https://www.dw.com/sitemap.xml"", ""https://www.dw.com/de/auto-topic-sitemap.xml"", ""https://www.dw.com/de/person-sitemap.xml"", ""https://www.dw.com/de/video-sitemap.xml"", ""https://www.dw.com/de/news-sitemap.xml"", ""https://www.dw.com/de/article-sitemap.xml"", ""https://www.dw.com/de/gallery-sitemap.xml"", ""https://www.dw.com/de/navigation-sitemap.xml"", ""https://www.dw.com/en/auto-topic-sitemap.xml"", ""https://www.dw.com/en/person-sitemap.xml"", ""https://www.dw.com/en/video-sitemap.xml"", ""https://www.dw.com/en/news-sitemap.xml"", ""https://www.dw.com/en/article-sitemap.xml"", ""https://www.dw.com/en/gallery-sitemap.xml"", ""https://www.dw.com/en/navigation-sitemap.xml"", ""https://www.dw.com/ru/auto-topic-sitemap.xml"", ""https://www.dw.com/ru/person-sitemap.xml"", ""https://www.dw.com/ru/video-sitemap.xml"", ""https://www.dw.com/ru/news-sitemap.xml"", ""https://www.dw.com/ru/article-sitemap.xml"", ""https://www.dw.com/ru/gallery-sitemap.xml"", ""https://www.dw.com/ru/navigation-sitemap.xml"", ""https://www.dw.com/zh/auto-topic-sitemap.xml"", ""https://www.dw.com/zh/person-sitemap.xml"", ""https://www.dw.com/zh/video-sitemap.xml"", ""https://www.dw.com/zh/news-sitemap.xml"", ""https://www.dw.com/zh/article-sitemap.xml"", ""https://www.dw.com/zh/gallery-sitemap.xml"", ""https://www.dw.com/zh/navigation-sitemap.xml"", ""https://www.dw.com/zh-hant/auto-topic-sitemap.xml"", ""https://www.dw.com/zh-hant/person-sitemap.xml"", ""https://www.dw.com/zh-hant/video-sitemap.xml"", ""https://www.dw.com/zh-hant/news-sitemap.xml"", ""https://www.dw.com/zh-hant/article-sitemap.xml"", ""https://www.dw.com/zh-hant/gallery-sitemap.xml"", ""https://www.dw.com/zh-hant/navigation-sitemap.xml"", ""https://www.dw.com/pt-br/auto-topic-sitemap.xml"", ""https://www.dw.com/pt-br/person-sitemap.xml"", ""https://www.dw.com/pt-br/video-sitemap.xml"", ""https://www.dw.com/pt-br/news-sitemap.xml"", ""https://www.dw.com/pt-br/article-sitemap.xml"", ""https://www.dw.com/pt-br/gallery-sitemap.xml"", ""https://www.dw.com/pt-br/navigation-sitemap.xml"", ""https://www.dw.com/sq/auto-topic-sitemap.xml"", ""https://www.dw.com/sq/person-sitemap.xml"", ""https://www.dw.com/sq/video-sitemap.xml"", ""https://www.dw.com/sq/news-sitemap.xml"", ""https://www.dw.com/sq/article-sitemap.xml"", ""https://www.dw.com/sq/navigation-sitemap.xml"", ""https://www.dw.com/am/auto-topic-sitemap.xml"", ""https://www.dw.com/am/person-sitemap.xml"", ""https://www.dw.com/am/video-sitemap.xml"", ""https://www.dw.com/am/news-sitemap.xml"", ""https://www.dw.com/am/article-sitemap.xml"", ""https://www.dw.com/am/navigation-sitemap.xml"", ""https://www.dw.com/ar/auto-topic-sitemap.xml"", ""https://www.dw.com/ar/person-sitemap.xml"", ""https://www.dw.com/ar/video-sitemap.xml"", ""https://www.dw.com/ar/news-sitemap.xml"", ""https://www.dw.com/ar/article-sitemap.xml"", ""https://www.dw.com/ar/gallery-sitemap.xml"", ""https://www.dw.com/ar/navigation-sitemap.xml"", ""https://www.dw.com/bn/auto-topic-sitemap.xml"", ""https://www.dw.com/bn/person-sitemap.xml"", ""https://www.dw.com/bn/video-sitemap.xml"", ""https://www.dw.com/bn/news-sitemap.xml"", ""https://www.dw.com/bn/article-sitemap.xml"", ""https://www.dw.com/bn/navigation-sitemap.xml"", ""https://www.dw.com/bs/auto-topic-sitemap.xml"", ""https://www.dw.com/bs/person-sitemap.xml"", ""https://www.dw.com/bs/video-sitemap.xml"", ""https://www.dw.com/bs/news-sitemap.xml"", ""https://www.dw.com/bs/article-sitemap.xml"", ""https://www.dw.com/bs/gallery-sitemap.xml"", ""https://www.dw.com/bs/navigation-sitemap.xml"", ""https://www.dw.com/bg/auto-topic-sitemap.xml"", ""https://www.dw.com/bg/person-sitemap.xml"", ""https://www.dw.com/bg/video-sitemap.xml"", ""https://www.dw.com/bg/news-sitemap.xml"", ""https://www.dw.com/bg/article-sitemap.xml"", ""https://www.dw.com/bg/gallery-sitemap.xml"", ""https://www.dw.com/bg/navigation-sitemap.xml"", ""https://www.dw.com/fa-af/auto-topic-sitemap.xml"", ""https://www.dw.com/fa-af/person-sitemap.xml"", ""https://www.dw.com/fa-af/video-sitemap.xml"", ""https://www.dw.com/fa-af/news-sitemap.xml"", ""https://www.dw.com/fa-af/article-sitemap.xml"", ""https://www.dw.com/fa-af/gallery-sitemap.xml"", ""https://www.dw.com/fa-af/navigation-sitemap.xml"", ""https://www.dw.com/fr/auto-topic-sitemap.xml"", ""https://www.dw.com/fr/person-sitemap.xml"", ""https://www.dw.com/fr/video-sitemap.xml"", ""https://www.dw.com/fr/news-sitemap.xml"", ""https://www.dw.com/fr/article-sitemap.xml"", ""https://www.dw.com/fr/gallery-sitemap.xml"", ""https://www.dw.com/fr/navigation-sitemap.xml"", ""https://www.dw.com/el/auto-topic-sitemap.xml"", ""https://www.dw.com/el/person-sitemap.xml"", ""https://www.dw.com/el/video-sitemap.xml"", ""https://www.dw.com/el/news-sitemap.xml"", ""https://www.dw.com/el/article-sitemap.xml"", ""https://www.dw.com/el/navigation-sitemap.xml"", ""https://www.dw.com/ha/auto-topic-sitemap.xml"", ""https://www.dw.com/ha/person-sitemap.xml"", ""https://www.dw.com/ha/video-sitemap.xml"", ""https://www.dw.com/ha/news-sitemap.xml"", ""https://www.dw.com/ha/article-sitemap.xml"", ""https://www.dw.com/ha/gallery-sitemap.xml"", ""https://www.dw.com/ha/navigation-sitemap.xml"", ""https://www.dw.com/hi/auto-topic-sitemap.xml"", ""https://www.dw.com/hi/person-sitemap.xml"", ""https://www.dw.com/hi/video-sitemap.xml"", ""https://www.dw.com/hi/news-sitemap.xml"", ""https://www.dw.com/hi/article-sitemap.xml"", ""https://www.dw.com/hi/gallery-sitemap.xml"", ""https://www.dw.com/hi/navigation-sitemap.xml"", ""https://www.dw.com/id/auto-topic-sitemap.xml"", ""https://www.dw.com/id/person-sitemap.xml"", ""https://www.dw.com/id/video-sitemap.xml"", ""https://www.dw.com/id/news-sitemap.xml""]",120,200,,46,0,False,46,True,True,False,False,sitemap_then_article_extract,medium,active,,2026-05-17 19:02:02.920906
ec_europa_eu,https://ec.europa.eu/eurostat,https://ec.europa.eu/eurostat,ec.europa.eu,https,https://ec.europa.eu/eurostat,https://ec.europa.eu/robots.txt,True,[],True,True,False,,,False,[],0,True,"[""https://ec.europa.eu/sitemap.xml"", ""https://ec.europa.eu/eurostat/sitemap.xml"", ""https://ec.europa.eu/trade/sitemap.xml""]",3,200,Home - Eurostat,5097,154,True,1204,False,False,False,True,sitemap_then_article_extract,medium,active,,2026-05-17 19:02:02.931456
ecb_europa_eu,https://www.ecb.europa.eu/,https://www.ecb.europa.eu/,ecb.europa.eu,https,https://www.ecb.europa.eu/,https://www.ecb.europa.eu/robots.txt,True,"[""https://www.ecb.europa.eu/sitemap.xml""]",True,True,False,,,False,[],0,True,"[""https://www.ecb.europa.eu/sitemap.xml""]",1,200,European Central Bank,49074,870,True,1112,False,True,False,False,sitemap_then_article_extract,medium,active,,2026-05-17 19:07:00.105762
economictimes_indiatimes_com,https://economictimes.indiatimes.com/,https://economictimes.indiatimes.com/,economictimes.indiatimes.com,https,https://economictimes.indiatimes.com/,https://economictimes.indiatimes.com/robots.txt,True,"[""https://economictimes.indiatimes.com/companylisting.cms"", ""https://economictimes.indiatimes.com/etstatic/sitemaps/et/news/sitemap-index.xml"", ""https://economictimes.indiatimes.com/sitemapxml.cms"", ""https://economictimes.indiatimes.com/etstatic/sitemaps/et/video/sitemap-index.xml"", ""https://economictimes.indiatimes.com/etstatic/sitemaps/et/news/sitemap-today.xml"", ""https://economictimes.indiatimes.com/etstatic/sitemaps/et/news/sitemap-yesterday.xml"", ""https://economictimes.indiatimes.com/companylisting.cms"", ""https://economictimes.indiatimes.com/etstatic/sitemaps/et/news/sitemap-index.xml"", ""https://economictimes.indiatimes.com/sitemapxml.cms"", ""https://economictimes.indiatimes.com/etstatic/sitemaps/et/video/sitemap-index.xml"", ""https://economictimes.indiatimes.com/etstatic/sitemaps/et/news/sitemap-today.xml"", ""https://economictimes.indiatimes.com/etstatic/sitemaps/et/news/sitemap-yesterday.xml""]",True,True,False,,,False,[],0,True,"[""https://economictimes.indiatimes.com/etstatic/sitemaps/et/news/sitemap-index.xml"", ""https://economictimes.indiatimes.com/etstatic/sitemaps/et/news/2026-May-1.xml"", ""https://economictimes.indiatimes.com/etstatic/sitemaps/et/news/2026-April-1.xml"", ""https://economictimes.indiatimes.com/etstatic/sitemaps/et/news/2026-April-2.xml"", ""https://economictimes.indiatimes.com/etstatic/sitemaps/et/news/2026-March-1.xml"", ""https://economictimes.indiatimes.com/etstatic/sitemaps/et/news/2026-March-2.xml"", ""https://economictimes.indiatimes.com/etstatic/sitemaps/et/news/2026-February-1.xml"", ""https://economictimes.indiatimes.com/etstatic/sitemaps/et/news/2026-February-2.xml"", ""https://economictimes.indiatimes.com/etstatic/sitemaps/et/news/2026-January-1.xml"", ""https://economictimes.indiatimes.com/etstatic/sitemaps/et/news/2026-January-2.xml"", ""https://economictimes.indiatimes.com/etstatic/sitemaps/et/news/2025-December-1.xml"", ""https://economictimes.indiatimes.com/etstatic/sitemaps/et/news/2025-December-2.xml"", ""https://economictimes.indiatimes.com/etstatic/sitemaps/et/news/2025-November-1.xml"", ""https://economictimes.indiatimes.com/etstatic/sitemaps/et/news/2025-November-2.xml"", ""https://economictimes.indiatimes.com/etstatic/sitemaps/et/news/2025-October-1.xml"", ""https://economictimes.indiatimes.com/etstatic/sitemaps/et/news/2025-October-2.xml"", ""https://economictimes.indiatimes.com/etstatic/sitemaps/et/news/2025-September-1.xml"", ""https://economictimes.indiatimes.com/etstatic/sitemaps/et/news/2025-September-2.xml"", ""https://economictimes.indiatimes.com/etstatic/sitemaps/et/news/2025-August-1.xml"", ""https://economictimes.indiatimes.com/etstatic/sitemaps/et/news/2025-August-2.xml"", ""https://economictimes.indiatimes.com/etstatic/sitemaps/et/news/2025-July-1.xml"", ""https://economictimes.indiatimes.com/etstatic/sitemaps/et/news/2025-July-2.xml"", ""https://economictimes.indiatimes.com/etstatic/sitemaps/et/news/2025-June-1.xml"", ""https://economictimes.indiatimes.com/etstatic/sitemaps/et/news/2025-June-2.xml"", ""https://economictimes.indiatimes.com/etstatic/sitemaps/et/news/2025-May-1.xml"", ""https://economictimes.indiatimes.com/etstatic/sitemaps/et/news/2025-May-2.xml"", ""https://economictimes.indiatimes.com/etstatic/sitemaps/et/news/2025-April-1.xml"", ""https://economictimes.indiatimes.com/etstatic/sitemaps/et/news/2025-April-2.xml"", ""https://economictimes.indiatimes.com/etstatic/sitemaps/et/news/2025-March-1.xml"", ""https://economictimes.indiatimes.com/etstatic/sitemaps/et/news/2025-March-2.xml"", ""https://economictimes.indiatimes.com/etstatic/sitemaps/et/news/2025-February-1.xml"", ""https://economictimes.indiatimes.com/etstatic/sitemaps/et/news/2025-February-2.xml"", ""https://economictimes.indiatimes.com/etstatic/sitemaps/et/news/2025-January-1.xml"", ""https://economictimes.indiatimes.com/etstatic/sitemaps/et/news/2025-January-2.xml"", ""https://economictimes.indiatimes.com/etstatic/sitemaps/et/news/2024-December-1.xml"", ""https://economictimes.indiatimes.com/etstatic/sitemaps/et/news/2024-December-2.xml"", ""https://economictimes.indiatimes.com/etstatic/sitemaps/et/news/2024-November-1.xml"", ""https://economictimes.indiatimes.com/etstatic/sitemaps/et/news/2024-November-2.xml"", ""https://economictimes.indiatimes.com/etstatic/sitemaps/et/news/2024-October-1.xml"", ""https://economictimes.indiatimes.com/etstatic/sitemaps/et/news/2024-October-2.xml"", ""https://economictimes.indiatimes.com/etstatic/sitemaps/et/news/2024-September-1.xml"", ""https://economictimes.indiatimes.com/etstatic/sitemaps/et/news/2024-September-2.xml"", ""https://economictimes.indiatimes.com/etstatic/sitemaps/et/news/2024-August-1.xml"", ""https://economictimes.indiatimes.com/etstatic/sitemaps/et/news/2024-August-2.xml"", ""https://economictimes.indiatimes.com/etstatic/sitemaps/et/news/2024-July-1.xml"", ""https://economictimes.indiatimes.com/etstatic/sitemaps/et/news/2024-July-2.xml"", ""https://economictimes.indiatimes.com/etstatic/sitemaps/et/news/2024-June-1.xml"", ""https://economictimes.indiatimes.com/etstatic/sitemaps/et/news/2024-June-2.xml"", ""https://economictimes.indiatimes.com/etstatic/sitemaps/et/news/2024-May-1.xml"", ""https://economictimes.indiatimes.com/etstatic/sitemaps/et/news/2024-May-2.xml"", ""https://economictimes.indiatimes.com/etstatic/sitemaps/et/news/2024-April-1.xml"", ""https://economictimes.indiatimes.com/etstatic/sitemaps/et/news/2024-April-2.xml"", ""https://economictimes.indiatimes.com/etstatic/sitemaps/et/news/2024-March-1.xml"", ""https://economictimes.indiatimes.com/etstatic/sitemaps/et/news/2024-March-2.xml"", ""https://economictimes.indiatimes.com/etstatic/sitemaps/et/news/2024-February-1.xml"", ""https://economictimes.indiatimes.com/etstatic/sitemaps/et/news/2024-February-2.xml"", ""https://economictimes.indiatimes.com/etstatic/sitemaps/et/news/2024-January-1.xml"", ""https://economictimes.indiatimes.com/etstatic/sitemaps/et/news/2024-January-2.xml"", ""https://economictimes.indiatimes.com/etstatic/sitemaps/et/news/2023-December-1.xml"", ""https://economictimes.indiatimes.com/etstatic/sitemaps/et/news/2023-December-2.xml"", ""https://economictimes.indiatimes.com/etstatic/sitemaps/et/news/2023-November-1.xml"", ""https://economictimes.indiatimes.com/etstatic/sitemaps/et/news/2023-November-2.xml"", ""https://economictimes.indiatimes.com/etstatic/sitemaps/et/news/2023-October-1.xml"", ""https://economictimes.indiatimes.com/etstatic/sitemaps/et/news/2023-October-2.xml"", ""https://economictimes.indiatimes.com/etstatic/sitemaps/et/news/2023-September-1.xml"", ""https://economictimes.indiatimes.com/etstatic/sitemaps/et/news/2023-September-2.xml"", ""https://economictimes.indiatimes.com/etstatic/sitemaps/et/news/2023-August-1.xml"", ""https://economictimes.indiatimes.com/etstatic/sitemaps/et/news/2023-August-2.xml"", ""https://economictimes.indiatimes.com/etstatic/sitemaps/et/news/2023-July-1.xml"", ""https://economictimes.indiatimes.com/etstatic/sitemaps/et/news/2023-July-2.xml"", ""https://economictimes.indiatimes.com/etstatic/sitemaps/et/news/2023-June-1.xml"", ""https://economictimes.indiatimes.com/etstatic/sitemaps/et/news/2023-June-2.xml"", ""https://economictimes.indiatimes.com/etstatic/sitemaps/et/news/2023-May-1.xml"", ""https://economictimes.indiatimes.com/etstatic/sitemaps/et/news/2023-May-2.xml"", ""https://economictimes.indiatimes.com/etstatic/sitemaps/et/news/2023-April-1.xml"", ""https://economictimes.indiatimes.com/etstatic/sitemaps/et/news/2023-April-2.xml"", ""https://economictimes.indiatimes.com/etstatic/sitemaps/et/news/2023-March-1.xml"", ""https://economictimes.indiatimes.com/etstatic/sitemaps/et/news/2023-March-2.xml"", ""https://economictimes.indiatimes.com/etstatic/sitemaps/et/news/2023-February-1.xml"", ""https://economictimes.indiatimes.com/etstatic/sitemaps/et/news/2023-February-2.xml"", ""https://economictimes.indiatimes.com/etstatic/sitemaps/et/news/2023-January-1.xml"", ""https://economictimes.indiatimes.com/etstatic/sitemaps/et/news/2023-January-2.xml"", ""https://economictimes.indiatimes.com/etstatic/sitemaps/et/news/2022-December-1.xml"", ""https://economictimes.indiatimes.com/etstatic/sitemaps/et/news/2022-December-2.xml"", ""https://economictimes.indiatimes.com/etstatic/sitemaps/et/news/2022-November-1.xml"", ""https://economictimes.indiatimes.com/etstatic/sitemaps/et/news/2022-November-2.xml"", ""https://economictimes.indiatimes.com/etstatic/sitemaps/et/news/2022-October-1.xml"", ""https://economictimes.indiatimes.com/etstatic/sitemaps/et/news/2022-October-2.xml"", ""https://economictimes.indiatimes.com/etstatic/sitemaps/et/news/2022-September-1.xml"", ""https://economictimes.indiatimes.com/etstatic/sitemaps/et/news/2022-September-2.xml"", ""https://economictimes.indiatimes.com/etstatic/sitemaps/et/news/2022-August-1.xml"", ""https://economictimes.indiatimes.com/etstatic/sitemaps/et/news/2022-August-2.xml"", ""https://economictimes.indiatimes.com/etstatic/sitemaps/et/news/2022-July-1.xml"", ""https://economictimes.indiatimes.com/etstatic/sitemaps/et/news/2022-July-2.xml"", ""https://economictimes.indiatimes.com/etstatic/sitemaps/et/news/2022-June-1.xml"", ""https://economictimes.indiatimes.com/etstatic/sitemaps/et/news/2022-June-2.xml"", ""https://economictimes.indiatimes.com/etstatic/sitemaps/et/news/2022-May-1.xml"", ""https://economictimes.indiatimes.com/etstatic/sitemaps/et/news/2022-May-2.xml"", ""https://economictimes.indiatimes.com/etstatic/sitemaps/et/news/2022-April-1.xml"", ""https://economictimes.indiatimes.com/etstatic/sitemaps/et/news/2022-April-2.xml"", ""https://economictimes.indiatimes.com/etstatic/sitemaps/et/news/2022-March-1.xml"", ""https://economictimes.indiatimes.com/etstatic/sitemaps/et/news/2022-March-2.xml"", ""https://economictimes.indiatimes.com/etstatic/sitemaps/et/news/2022-February-1.xml"", ""https://economictimes.indiatimes.com/etstatic/sitemaps/et/news/2022-February-2.xml"", ""https://economictimes.indiatimes.com/etstatic/sitemaps/et/news/2022-January-1.xml"", ""https://economictimes.indiatimes.com/etstatic/sitemaps/et/news/2022-January-2.xml"", ""https://economictimes.indiatimes.com/etstatic/sitemaps/et/news/2021-December-1.xml"", ""https://economictimes.indiatimes.com/etstatic/sitemaps/et/news/2021-December-2.xml"", ""https://economictimes.indiatimes.com/etstatic/sitemaps/et/news/2021-November-1.xml"", ""https://economictimes.indiatimes.com/etstatic/sitemaps/et/news/2021-November-2.xml"", ""https://economictimes.indiatimes.com/etstatic/sitemaps/et/news/2021-October-1.xml"", ""https://economictimes.indiatimes.com/etstatic/sitemaps/et/news/2021-October-2.xml"", ""https://economictimes.indiatimes.com/etstatic/sitemaps/et/news/2021-September-1.xml"", ""https://economictimes.indiatimes.com/etstatic/sitemaps/et/news/2021-August-1.xml"", ""https://economictimes.indiatimes.com/etstatic/sitemaps/et/news/2021-July-1.xml"", ""https://economictimes.indiatimes.com/etstatic/sitemaps/et/news/2021-June-1.xml"", ""https://economictimes.indiatimes.com/etstatic/sitemaps/et/news/2021-June-2.xml"", ""https://economictimes.indiatimes.com/etstatic/sitemaps/et/news/2021-May-1.xml"", ""https://economictimes.indiatimes.com/etstatic/sitemaps/et/news/2021-May-2.xml"", ""https://economictimes.indiatimes.com/etstatic/sitemaps/et/news/2021-April-1.xml""]",120,200,"Business News Live, Share Market News - Read Latest Finance News, IPO, Mutual Funds News - The Economic Times",44402,750,True,13994,False,True,False,True,sitemap_then_article_extract,medium,active,,2026-05-17 19:07:46.321852
eea_europa_eu,https://www.eea.europa.eu/,https://www.eea.europa.eu/,eea.europa.eu,https,https://www.eea.europa.eu/,https://www.eea.europa.eu/robots.txt,True,"[""https://www.eea.europa.eu/sitemap-index.xml""]",True,True,False,,,False,[],0,True,"[""https://www.eea.europa.eu/sitemap-index.xml"", ""https://www.eea.europa.eu/en/datahub/sitemap-data.xml"", ""https://www.eea.europa.eu/admin/portal_catalog/sitemap-by-type.xml?type=News%20Item"", ""https://www.eea.europa.eu/admin/portal_catalog/sitemap-by-type.xml?type=ims_indicator"", ""https://www.eea.europa.eu/admin/portal_catalog/sitemap-by-type.xml?type=topic_page"", ""https://www.eea.europa.eu/admin/portal_catalog/sitemap-by-type.xml?type=visualization"", ""https://www.eea.europa.eu/admin/portal_catalog/sitemap-by-type.xml?type=faq"", ""https://www.eea.europa.eu/admin/portal_catalog/sitemap-by-type.xml?type=briefing"", ""https://www.eea.europa.eu/admin/portal_catalog/sitemap-by-type.xml?type=report_pdf"", ""https://www.eea.europa.eu/admin/portal_catalog/sitemap-by-type.xml?type=web_report_page"", ""https://www.eea.europa.eu/admin/portal_catalog/sitemap-by-type.xml?type=Subsite"", ""https://www.eea.europa.eu/admin/portal_catalog/sitemap-reports-pdf.xml"", ""https://www.eea.europa.eu/admin/portal_catalog/sitemap-by-type.xml?type=web_report"", ""https://www.eea.europa.eu/admin/portal_catalog/sitemap-by-type.xml?type=Document"", ""https://www.eea.europa.eu/admin/portal_catalog/sitemap-by-type.xml?type=article"", ""https://www.eea.europa.eu/sitemap.xml.gz"", ""https://www.eea.europa.eu/sitemap1.xml.gz"", ""https://www.eea.europa.eu/sitemap2.xml.gz"", ""https://www.eea.europa.eu/sitemap3.xml.gz"", ""https://www.eea.europa.eu/sitemap4.xml.gz"", ""https://www.eea.europa.eu/sitemap5.xml.gz"", ""https://www.eea.europa.eu/sitemap6.xml.gz""]",22,200,European Environment Agency (EEA),4942,88,True,1263,False,True,False,True,sitemap_then_article_extract,medium,active,,2026-05-17 19:07:08.802847
egypttoday_com,https://www.egypttoday.com/,https://www.egypttoday.com/,egypttoday.com,https,https://www.egypttoday.com/,https://www.egypttoday.com/robots.txt,True,[],False,True,False,,,False,[],0,False,[],0,403,,0,0,False,0,True,True,True,False,playwright_fallback,medium,active_candidate,,2026-05-17 19:15:30.688737
eib_org,https://www.eib.org/en/press/all,https://www.eib.org/en/press/all,eib.org,https,https://www.eib.org/en/press/all,https://www.eib.org/robots.txt,True,"[""https://www.eib.org/sitemaps-en.xml"", ""https://www.eib.org/sitemaps-fr.xml"", ""https://www.eib.org/sitemaps-de.xml"", ""https://www.eib.org/sitemaps-file-pdf.xml""]",True,True,False,,,False,[],0,True,"[""https://www.eib.org/sitemaps-en.xml"", ""https://www.eib.org/en/sitemaps/dynamic/page/media/media/story.xml"", ""https://www.eib.org/en/sitemaps/dynamic/page/media/media/videoCampaigns.xml"", ""https://www.eib.org/en/sitemaps/dynamic/page/media/project/region.xml"", ""https://www.eib.org/en/sitemaps/dynamic/page/media/publication/generic.xml"", ""https://www.eib.org/en/sitemaps/dynamic/page/media/project/country.xml"", ""https://www.eib.org/en/sitemaps/dynamic/page/media/event/generic.xml"", ""https://www.eib.org/en/sitemaps/dynamic/page/media/media/cartoon.xml"", ""https://www.eib.org/en/sitemaps/dynamic/page/media/blending/donor.xml"", ""https://www.eib.org/en/sitemaps/dynamic/page/media/media/essay.xml"", ""https://www.eib.org/en/sitemaps/dynamic/page/media/press/new.xml"", ""https://www.eib.org/en/sitemaps/dynamic/page/media/media/podcast.xml"", ""https://www.eib.org/en/sitemaps/dynamic/page/media/project/overview.xml"", ""https://www.eib.org/en/sitemaps/dynamic/page/media/press/release.xml"", ""https://www.eib.org/en/sitemaps/dynamic/page/media/press/person.xml"", ""https://www.eib.org/en/sitemaps/dynamic/page/media/media/video.xml"", ""https://www.eib.org/en/sitemaps/dynamic/page/media/blending/trustFund.xml"", ""https://www.eib.org/en/sitemaps/dynamic/page/landing/generic.xml"", ""https://www.eib.org/en/sitemaps/dynamic/plr/project.xml"", ""https://www.eib.org/sitemaps-fr.xml"", ""https://www.eib.org/fr/sitemaps/dynamic/page/media/media/story.xml"", ""https://www.eib.org/fr/sitemaps/dynamic/page/media/media/videoCampaigns.xml"", ""https://www.eib.org/fr/sitemaps/dynamic/page/media/project/region.xml"", ""https://www.eib.org/fr/sitemaps/dynamic/page/media/publication/generic.xml"", ""https://www.eib.org/fr/sitemaps/dynamic/page/media/project/country.xml"", ""https://www.eib.org/fr/sitemaps/dynamic/page/media/event/generic.xml"", ""https://www.eib.org/fr/sitemaps/dynamic/page/media/media/cartoon.xml"", ""https://www.eib.org/fr/sitemaps/dynamic/page/media/blending/donor.xml"", ""https://www.eib.org/fr/sitemaps/dynamic/page/media/media/essay.xml"", ""https://www.eib.org/fr/sitemaps/dynamic/page/media/press/new.xml"", ""https://www.eib.org/fr/sitemaps/dynamic/page/media/media/podcast.xml"", ""https://www.eib.org/fr/sitemaps/dynamic/page/media/project/overview.xml"", ""https://www.eib.org/fr/sitemaps/dynamic/page/media/press/release.xml"", ""https://www.eib.org/fr/sitemaps/dynamic/page/media/press/person.xml"", ""https://www.eib.org/fr/sitemaps/dynamic/page/media/media/video.xml"", ""https://www.eib.org/fr/sitemaps/dynamic/page/media/blending/trustFund.xml"", ""https://www.eib.org/fr/sitemaps/dynamic/page/landing/generic.xml"", ""https://www.eib.org/fr/sitemaps/dynamic/plr/project.xml"", ""https://www.eib.org/sitemaps-de.xml"", ""https://www.eib.org/de/sitemaps/dynamic/page/media/media/story.xml"", ""https://www.eib.org/de/sitemaps/dynamic/page/media/media/videoCampaigns.xml"", ""https://www.eib.org/de/sitemaps/dynamic/page/media/project/region.xml"", ""https://www.eib.org/de/sitemaps/dynamic/page/media/publication/generic.xml"", ""https://www.eib.org/de/sitemaps/dynamic/page/media/project/country.xml"", ""https://www.eib.org/de/sitemaps/dynamic/page/media/event/generic.xml"", ""https://www.eib.org/de/sitemaps/dynamic/page/media/media/cartoon.xml"", ""https://www.eib.org/de/sitemaps/dynamic/page/media/blending/donor.xml"", ""https://www.eib.org/de/sitemaps/dynamic/page/media/media/essay.xml"", ""https://www.eib.org/de/sitemaps/dynamic/page/media/press/new.xml"", ""https://www.eib.org/de/sitemaps/dynamic/page/media/media/podcast.xml"", ""https://www.eib.org/de/sitemaps/dynamic/page/media/project/overview.xml"", ""https://www.eib.org/de/sitemaps/dynamic/page/media/press/release.xml"", ""https://www.eib.org/de/sitemaps/dynamic/page/media/press/person.xml"", ""https://www.eib.org/de/sitemaps/dynamic/page/media/media/video.xml"", ""https://www.eib.org/de/sitemaps/dynamic/page/media/blending/trustFund.xml"", ""https://www.eib.org/de/sitemaps/dynamic/page/landing/generic.xml"", ""https://www.eib.org/de/sitemaps/dynamic/plr/project.xml"", ""https://www.eib.org/sitemaps-file-pdf.xml"", ""https://www.eib.org/en/sitemaps/dynamic/files/pdf/complaints.xml"", ""https://www.eib.org/en/sitemaps/dynamic/files/pdf/consultations.xml"", ""https://www.eib.org/en/sitemaps/dynamic/files/pdf/documents.xml"", ""https://www.eib.org/en/sitemaps/dynamic/files/pdf/documents/doi-bod.xml"", ""https://www.eib.org/en/sitemaps/dynamic/files/pdf/documents/external.xml"", ""https://www.eib.org/en/sitemaps/dynamic/files/pdf/documents/governing-bodies.xml"", ""https://www.eib.org/en/sitemaps/dynamic/files/pdf/efs.xml"", ""https://www.eib.org/en/sitemaps/dynamic/files/pdf/efs/eibpapers.xml"", ""https://www.eib.org/en/sitemaps/dynamic/files/pdf/elearning.xml"", ""https://www.eib.org/en/sitemaps/dynamic/files/pdf/elena.xml"", ""https://www.eib.org/en/sitemaps/dynamic/files/pdf/epec.xml"", ""https://www.eib.org/en/sitemaps/dynamic/files/pdf/ev.xml"", ""https://www.eib.org/en/sitemaps/dynamic/files/pdf/events.xml"", ""https://www.eib.org/en/sitemaps/dynamic/files/pdf/fi.xml"", ""https://www.eib.org/en/sitemaps/dynamic/files/pdf/fi/documentation.xml"", ""https://www.eib.org/en/sitemaps/dynamic/files/pdf/fi/external.xml"", ""https://www.eib.org/en/sitemaps/dynamic/files/pdf/med.xml"", ""https://www.eib.org/en/sitemaps/dynamic/files/pdf/pipeline.xml"", ""https://www.eib.org/en/sitemaps/dynamic/files/pdf/pj.xml"", ""https://www.eib.org/en/sitemaps/dynamic/files/pdf/podcasts.xml"", ""https://www.eib.org/en/sitemaps/dynamic/files/pdf/press.xml"", ""https://www.eib.org/en/sitemaps/dynamic/files/pdf/procurement.xml"", ""https://www.eib.org/en/sitemaps/dynamic/files/pdf/procurement/eoi.xml"", ""https://www.eib.org/en/sitemaps/dynamic/files/pdf/publications.xml"", ""https://www.eib.org/en/sitemaps/dynamic/files/pdf/publications/country.xml"", ""https://www.eib.org/en/sitemaps/dynamic/files/pdf/publications/general.xml"", ""https://www.eib.org/en/sitemaps/dynamic/files/pdf/publications/general/archives.xml"", ""https://www.eib.org/en/sitemaps/dynamic/files/pdf/publications/general/bei-info.xml"", ""https://www.eib.org/en/sitemaps/dynamic/files/pdf/publications/general/lists.xml"", ""https://www.eib.org/en/sitemaps/dynamic/files/pdf/publications/general/reports.xml"", ""https://www.eib.org/en/sitemaps/dynamic/files/pdf/publications/general/statute.xml"", ""https://www.eib.org/en/sitemaps/dynamic/files/pdf/publications/strategies.xml"", ""https://www.eib.org/en/sitemaps/dynamic/files/pdf/publications/thematic.xml"", ""https://www.eib.org/en/sitemaps/dynamic/files/pdf/survey.xml""]",92,200,All releases,6290,196,True,4542,False,True,True,False,sitemap_then_article_extract,medium,active,,2026-05-17 19:07:09.055217
eltiempo_com,https://www.eltiempo.com/,https://www.eltiempo.com/,eltiempo.com,https,https://www.eltiempo.com/,https://www.eltiempo.com/robots.txt,True,"[""https://www.eltiempo.com/sitemap-default.xml"", ""https://www.eltiempo.com/sitemap-index.xml"", ""https://www.eltiempo.com/sitemap-google-news.xml"", ""https://www.eltiempo.com/sitemap-articles-current.xml"", ""https://www.eltiempo.com/sitemap-images-index.xml"", ""https://www.eltiempo.com/sitemap-videos-index.xml"", ""https://www.eltiempo.com/rss-news/eltiempo.xml"", ""https://www.eltiempo.com/rss/eltiempo.xml"", ""https://www.eltiempo.com/showcase-feed""]",True,True,False,,,False,[],0,True,"[""https://www.eltiempo.com/sitemap-default.xml"", ""https://www.eltiempo.com/sitemap-index.xml"", ""https://www.eltiempo.com/sitemap-google-news.xml"", ""https://www.eltiempo.com/sitemap-tag-1.xml"", ""https://www.eltiempo.com/sitemap-tag-2.xml"", ""https://www.eltiempo.com/sitemap-tag-3.xml"", ""https://www.eltiempo.com/sitemap-tag-4.xml"", ""https://www.eltiempo.com/sitemap-tag-5.xml"", ""https://www.eltiempo.com/sitemap-tag-6.xml"", ""https://www.eltiempo.com/sitemap-tag-7.xml"", ""https://www.eltiempo.com/sitemap-tag-8.xml"", ""https://www.eltiempo.com/sitemap-tag.xml"", ""https://www.eltiempo.com/sitemap-articles-1990-01.xml"", ""https://www.eltiempo.com/sitemap-articles-1990-04.xml"", ""https://www.eltiempo.com/sitemap-articles-1990-08.xml"", ""https://www.eltiempo.com/sitemap-articles-1990-09.xml"", ""https://www.eltiempo.com/sitemap-articles-1990-10.xml"", ""https://www.eltiempo.com/sitemap-articles-1990-11.xml"", ""https://www.eltiempo.com/sitemap-articles-1990-12.xml"", ""https://www.eltiempo.com/sitemap-articles-1991-01.xml"", ""https://www.eltiempo.com/sitemap-articles-1991-02.xml"", ""https://www.eltiempo.com/sitemap-articles-1991-03.xml"", ""https://www.eltiempo.com/sitemap-articles-1991-04.xml"", ""https://www.eltiempo.com/sitemap-articles-1991-05.xml"", ""https://www.eltiempo.com/sitemap-articles-1991-06.xml"", ""https://www.eltiempo.com/sitemap-articles-1991-07.xml"", ""https://www.eltiempo.com/sitemap-articles-1991-08.xml"", ""https://www.eltiempo.com/sitemap-articles-1991-09.xml"", ""https://www.eltiempo.com/sitemap-articles-1991-10.xml"", ""https://www.eltiempo.com/sitemap-articles-1991-11.xml"", ""https://www.eltiempo.com/sitemap-articles-1991-12.xml"", ""https://www.eltiempo.com/sitemap-articles-1992-01.xml"", ""https://www.eltiempo.com/sitemap-articles-1992-02.xml"", ""https://www.eltiempo.com/sitemap-articles-1992-03.xml"", ""https://www.eltiempo.com/sitemap-articles-1992-04.xml"", ""https://www.eltiempo.com/sitemap-articles-1992-05.xml"", ""https://www.eltiempo.com/sitemap-articles-1992-06.xml"", ""https://www.eltiempo.com/sitemap-articles-1992-07.xml"", ""https://www.eltiempo.com/sitemap-articles-1992-08.xml"", ""https://www.eltiempo.com/sitemap-articles-1992-09.xml"", ""https://www.eltiempo.com/sitemap-articles-1992-10.xml"", ""https://www.eltiempo.com/sitemap-articles-1992-11.xml"", ""https://www.eltiempo.com/sitemap-articles-1992-12.xml"", ""https://www.eltiempo.com/sitemap-articles-1993-01.xml"", ""https://www.eltiempo.com/sitemap-articles-1993-02.xml"", ""https://www.eltiempo.com/sitemap-articles-1993-03.xml"", ""https://www.eltiempo.com/sitemap-articles-1993-04.xml"", ""https://www.eltiempo.com/sitemap-articles-1993-05.xml"", ""https://www.eltiempo.com/sitemap-articles-1993-06.xml"", ""https://www.eltiempo.com/sitemap-articles-1993-07.xml"", ""https://www.eltiempo.com/sitemap-articles-1993-08.xml"", ""https://www.eltiempo.com/sitemap-articles-1993-09.xml"", ""https://www.eltiempo.com/sitemap-articles-1993-10.xml"", ""https://www.eltiempo.com/sitemap-articles-1993-11.xml"", ""https://www.eltiempo.com/sitemap-articles-1993-12.xml"", ""https://www.eltiempo.com/sitemap-articles-1994-01.xml"", ""https://www.eltiempo.com/sitemap-articles-1994-02.xml"", ""https://www.eltiempo.com/sitemap-articles-1994-03.xml"", ""https://www.eltiempo.com/sitemap-articles-1994-04.xml"", ""https://www.eltiempo.com/sitemap-articles-1994-05.xml"", ""https://www.eltiempo.com/sitemap-articles-1994-06.xml"", ""https://www.eltiempo.com/sitemap-articles-1994-07.xml"", ""https://www.eltiempo.com/sitemap-articles-1994-08.xml"", ""https://www.eltiempo.com/sitemap-articles-1994-09.xml"", ""https://www.eltiempo.com/sitemap-articles-1994-10.xml"", ""https://www.eltiempo.com/sitemap-articles-1994-11.xml"", ""https://www.eltiempo.com/sitemap-articles-1994-12.xml"", ""https://www.eltiempo.com/sitemap-articles-1995-01.xml"", ""https://www.eltiempo.com/sitemap-articles-1995-02.xml"", ""https://www.eltiempo.com/sitemap-articles-1995-03.xml"", ""https://www.eltiempo.com/sitemap-articles-1995-04.xml"", ""https://www.eltiempo.com/sitemap-articles-1995-05.xml"", ""https://www.eltiempo.com/sitemap-articles-1995-06.xml"", ""https://www.eltiempo.com/sitemap-articles-1995-07.xml"", ""https://www.eltiempo.com/sitemap-articles-1995-08.xml"", ""https://www.eltiempo.com/sitemap-articles-1995-09.xml"", ""https://www.eltiempo.com/sitemap-articles-1995-10.xml"", ""https://www.eltiempo.com/sitemap-articles-1995-11.xml"", ""https://www.eltiempo.com/sitemap-articles-1995-12.xml"", ""https://www.eltiempo.com/sitemap-articles-1996-01.xml"", ""https://www.eltiempo.com/sitemap-articles-1996-02.xml"", ""https://www.eltiempo.com/sitemap-articles-1996-03.xml"", ""https://www.eltiempo.com/sitemap-articles-1996-04.xml"", ""https://www.eltiempo.com/sitemap-articles-1996-05.xml"", ""https://www.eltiempo.com/sitemap-articles-1996-06.xml"", ""https://www.eltiempo.com/sitemap-articles-1996-07.xml"", ""https://www.eltiempo.com/sitemap-articles-1996-08.xml"", ""https://www.eltiempo.com/sitemap-articles-1996-09.xml"", ""https://www.eltiempo.com/sitemap-articles-1996-10.xml"", ""https://www.eltiempo.com/sitemap-articles-1996-11.xml"", ""https://www.eltiempo.com/sitemap-articles-1996-12.xml"", ""https://www.eltiempo.com/sitemap-articles-1997-01.xml"", ""https://www.eltiempo.com/sitemap-articles-1997-02.xml"", ""https://www.eltiempo.com/sitemap-articles-1997-03.xml"", ""https://www.eltiempo.com/sitemap-articles-1997-04.xml"", ""https://www.eltiempo.com/sitemap-articles-1997-05.xml"", ""https://www.eltiempo.com/sitemap-articles-1997-06.xml"", ""https://www.eltiempo.com/sitemap-articles-1997-07.xml"", ""https://www.eltiempo.com/sitemap-articles-1997-08.xml"", ""https://www.eltiempo.com/sitemap-articles-1997-09.xml"", ""https://www.eltiempo.com/sitemap-articles-1997-10.xml"", ""https://www.eltiempo.com/sitemap-articles-1997-11.xml"", ""https://www.eltiempo.com/sitemap-articles-1997-12.xml"", ""https://www.eltiempo.com/sitemap-articles-1998-01.xml"", ""https://www.eltiempo.com/sitemap-articles-1998-02.xml"", ""https://www.eltiempo.com/sitemap-articles-1998-03.xml"", ""https://www.eltiempo.com/sitemap-articles-1998-04.xml"", ""https://www.eltiempo.com/sitemap-articles-1998-05.xml"", ""https://www.eltiempo.com/sitemap-articles-1998-06.xml"", ""https://www.eltiempo.com/sitemap-articles-1998-07.xml"", ""https://www.eltiempo.com/sitemap-articles-1998-08.xml"", ""https://www.eltiempo.com/sitemap-articles-1998-09.xml"", ""https://www.eltiempo.com/sitemap-articles-1998-10.xml"", ""https://www.eltiempo.com/sitemap-articles-1998-11.xml"", ""https://www.eltiempo.com/sitemap-articles-1998-12.xml"", ""https://www.eltiempo.com/sitemap-articles-1999-01.xml"", ""https://www.eltiempo.com/sitemap-articles-1999-02.xml"", ""https://www.eltiempo.com/sitemap-articles-1999-03.xml"", ""https://www.eltiempo.com/sitemap-articles-1999-04.xml"", ""https://www.eltiempo.com/sitemap-articles-1999-05.xml""]",120,200,Últimas noticias de Colombia y el Mundo - ELTIEMPO.COM,20961,615,True,454,False,True,False,True,sitemap_then_article_extract,medium,active,,2026-05-17 19:15:10.494991
eluniversal_com_mx,https://www.eluniversal.com.mx/,https://www.eluniversal.com.mx/,eluniversal.com.mx,https,https://www.eluniversal.com.mx/,https://www.eluniversal.com.mx/robots.txt,True,"[""https://www.eluniversal.com.mx/arc/outboundfeeds/news/tiempoderelojes/"", ""https://www.eluniversal.com.mx/arc/outboundfeeds/sitemap/category/tendencias/?outputType=xml"", ""https://www.eluniversal.com.mx/arc/outboundfeeds/sitemap/category/techbit/?outputType=xml"", ""https://www.eluniversal.com.mx/arc/outboundfeeds/sitemap/category/opinion/?outputType=xml"", ""https://www.eluniversal.com.mx/arc/outboundfeeds/sitemap/category/nacion/?outputType=xml"", ""https://www.eluniversal.com.mx/arc/outboundfeeds/sitemap/category/mundo/?outputType=xml"", ""https://www.eluniversal.com.mx/arc/outboundfeeds/sitemap/category/menu/?outputType=xml"", ""https://www.eluniversal.com.mx/arc/outboundfeeds/sitemap/category/estados/?outputType=xml"", ""https://www.eluniversal.com.mx/arc/outboundfeeds/sitemap/category/espectaculos/?outputType=xml"", ""https://www.eluniversal.com.mx/arc/outboundfeeds/news/elecciones/"", ""https://www.eluniversal.com.mx/arc/outboundfeeds/news/edomex/"", ""https://www.eluniversal.com.mx/arc/outboundfeeds/sitemap/category/destinos/?outputType=xml"", ""https://www.eluniversal.com.mx/arc/outboundfeeds/news/deultima/"", ""https://www.eluniversal.com.mx/arc/outboundfeeds/sitemap/category/cultura/?outputType=xml"", ""https://www.eluniversal.com.mx/arc/outboundfeeds/news/ciencia/"", ""https://www.eluniversal.com.mx/arc/outboundfeeds/sitemap/category/cartera/?outputType=xml"", ""https://www.eluniversal.com.mx/arc/outboundfeeds/sitemap/category/autopistas/?outputType=xml"", ""https://www.eluniversal.com.mx/arc/outboundfeeds/general/?outputType=xml"", ""https://www.eluniversal.com.mx/arc/outboundfeeds/news/?outputType=xml"", ""https://www.eluniversal.com.mx/arc/outboundfeeds/sitemap/category/deportes/?outputType=xml"", ""https://www.eluniversal.com.mx/consultas/sitemapindex.xml"", ""https://www.eluniversal.com.mx/horoscopo/sitemap.xml""]",True,True,False,,,False,[],0,True,"[""https://www.eluniversal.com.mx/arc/outboundfeeds/sitemap/category/tendencias/?outputType=xml"", ""https://www.eluniversal.com.mx/arc/outboundfeeds/sitemap/category/techbit/?outputType=xml"", ""https://www.eluniversal.com.mx/arc/outboundfeeds/sitemap/category/opinion/?outputType=xml"", ""https://www.eluniversal.com.mx/arc/outboundfeeds/sitemap/category/nacion/?outputType=xml"", ""https://www.eluniversal.com.mx/arc/outboundfeeds/sitemap/category/mundo/?outputType=xml"", ""https://www.eluniversal.com.mx/arc/outboundfeeds/sitemap/category/menu/?outputType=xml"", ""https://www.eluniversal.com.mx/arc/outboundfeeds/sitemap/category/estados/?outputType=xml"", ""https://www.eluniversal.com.mx/arc/outboundfeeds/sitemap/category/espectaculos/?outputType=xml"", ""https://www.eluniversal.com.mx/arc/outboundfeeds/sitemap/category/destinos/?outputType=xml"", ""https://www.eluniversal.com.mx/arc/outboundfeeds/sitemap/category/cultura/?outputType=xml"", ""https://www.eluniversal.com.mx/arc/outboundfeeds/sitemap/category/cartera/?outputType=xml"", ""https://www.eluniversal.com.mx/arc/outboundfeeds/sitemap/category/autopistas/?outputType=xml"", ""https://www.eluniversal.com.mx/arc/outboundfeeds/general/?outputType=xml"", ""https://www.eluniversal.com.mx/arc/outboundfeeds/news/?outputType=xml"", ""https://www.eluniversal.com.mx/arc/outboundfeeds/sitemap/category/deportes/?outputType=xml"", ""https://www.eluniversal.com.mx/horoscopo/sitemap.xml""]",16,200,El Universal | El periódico de México líder en noticias y clasificados,23576,399,True,7388,False,True,True,True,sitemap_then_article_extract,medium,active,,2026-05-17 19:14:58.582474
ema_europa_eu,https://www.ema.europa.eu/en,https://www.ema.europa.eu/en,ema.europa.eu,https,https://www.ema.europa.eu/en,https://www.ema.europa.eu/robots.txt,True,"[""https://www.ema.europa.eu/sitemap.xml""]",True,True,False,,,False,[],0,False,[],0,200,European Medicines Agency (EMA),6451,138,True,957,False,True,False,False,html_then_trafilatura,medium,active_candidate,,2026-05-17 19:07:01.273269
en_yna_co_kr,https://en.yna.co.kr/,https://en.yna.co.kr/,en.yna.co.kr,https,https://en.yna.co.kr/,https://en.yna.co.kr/robots.txt,True,"[""https://en.yna.co.kr/news-sitemap.xml"", ""https://en.yna.co.kr/photo-sitemap.xml""]",True,True,False,,,False,[],0,True,"[""https://en.yna.co.kr/news-sitemap.xml"", ""https://en.yna.co.kr/photo-sitemap.xml""]",2,200,Yonhap News Agency,5265,178,True,1040,False,True,False,False,sitemap_then_article_extract,medium,active,,2026-05-17 19:09:28.964310
english_kyodonews_net,https://english.kyodonews.net/,https://english.kyodonews.net/,english.kyodonews.net,https,https://english.kyodonews.net/,https://english.kyodonews.net/robots.txt,True,[],True,True,False,,,False,[],0,True,"[""https://english.kyodonews.net/sitemap.xml"", ""https://english.kyodonews.net/common/files/sitemap-static.xml"", ""https://english.kyodonews.net/common/files/sitemap-2026.xml"", ""https://english.kyodonews.net/common/files/sitemap-2025.xml"", ""https://english.kyodonews.net/common/files/sitemap-2024.xml"", ""https://english.kyodonews.net/common/files/sitemap-2023.xml"", ""https://english.kyodonews.net/common/files/sitemap-2022.xml"", ""https://english.kyodonews.net/common/files/sitemap-2021.xml"", ""https://english.kyodonews.net/common/files/sitemap-2020.xml"", ""https://english.kyodonews.net/common/files/sitemap-2019.xml"", ""https://english.kyodonews.net/common/files/sitemap-2018.xml"", ""https://english.kyodonews.net/common/files/sitemap-2017.xml""]",12,200,Japan Wire by Kyodo News,6654,179,True,876,False,True,False,True,sitemap_then_article_extract,medium,active,,2026-05-17 19:09:01.935882
europarl_europa_eu,https://www.europarl.europa.eu/news/en,https://www.europarl.europa.eu/news/en,europarl.europa.eu,https,https://www.europarl.europa.eu/news/en,https://www.europarl.europa.eu/robots.txt,True,[],True,True,False,,,False,[],0,False,[],0,200,Press room | News | European Parliament,25365,143,True,3141,False,True,False,True,html_then_trafilatura,medium,active_candidate,,2026-05-17 19:06:49.952360
eurotopics_net,https://www.eurotopics.net/en,https://www.eurotopics.net/en,eurotopics.net,https,https://www.eurotopics.net/en,https://www.eurotopics.net/robots.txt,True,"[""https://www.eurotopics.net/export/de/sitemap.xml"", ""https://www.eurotopics.net/export/en/sitemap.xml"", ""https://www.eurotopics.net/export/fr/sitemap.xml"", ""https://www.eurotopics.net/export/tr/sitemap.xml"", ""https://www.eurotopics.net/export/ru/sitemap.xml""]",True,True,False,,,True,"[""https://www.eurotopics.net/export/en/rss.xml""]",1,True,"[""https://www.eurotopics.net/export/de/sitemap.xml"", ""https://www.eurotopics.net/export/en/sitemap.xml"", ""https://www.eurotopics.net/export/fr/sitemap.xml"", ""https://www.eurotopics.net/export/tr/sitemap.xml"", ""https://www.eurotopics.net/export/ru/sitemap.xml""]",5,200,European press roundup | eurotopics.net,11985,143,True,921,False,True,False,False,rss_then_article_extract,medium,active,,2026-05-17 19:07:17.013350
fca_org_uk,https://www.fca.org.uk/,https://www.fca.org.uk/,fca.org.uk,https,https://www.fca.org.uk/,https://www.fca.org.uk/robots.txt,True,"[""https://www.fca.org.uk/sitemap.xml""]",True,True,False,,,True,"[""https://www.fca.org.uk/rss.xml""]",1,True,"[""https://www.fca.org.uk/sitemap.xml"", ""https://www.fca.org.uk/sitemap.xml?page=1"", ""https://www.fca.org.uk/sitemap.xml?page=2""]",3,200,Financial Conduct Authority | FCA,7333,179,True,1149,False,True,False,True,rss_then_article_extract,medium,active,,2026-05-17 19:06:13.942515
federalreserve_gov,https://www.federalreserve.gov/,https://www.federalreserve.gov/,federalreserve.gov,https,https://www.federalreserve.gov/,https://www.federalreserve.gov/robots.txt,True,[],False,True,False,,,False,[],0,False,[],0,200,Federal Reserve Board - Home,14422,306,True,4170,False,True,False,False,html_then_trafilatura,medium,active_candidate,,2026-05-17 19:02:14.043974
focustaiwan_tw,https://focustaiwan.tw/,https://focustaiwan.tw/,focustaiwan.tw,https,https://focustaiwan.tw/,https://focustaiwan.tw/robots.txt,True,"[""https://focustaiwan.tw/GoogleNewsSitemap_fromRemote_cep2.xml""]",True,True,False,,,False,[],0,True,"[""https://focustaiwan.tw/GoogleNewsSitemap_fromRemote_cep2.xml""]",1,200,Focus Taiwan - CNA English News,12046,236,True,2693,False,True,False,False,sitemap_then_article_extract,medium,active,,2026-05-17 19:10:02.390953
folha_uol_com_br,https://www.folha.uol.com.br/internacional/en/,https://www.folha.uol.com.br/internacional/en,folha.uol.com.br,https,https://www.folha.uol.com.br/internacional/en,https://www.folha.uol.com.br/robots.txt,True,"[""https://www.folha.uol.com.br/sitemap.xml""]",True,True,False,,,False,[],0,True,"[""https://www.folha.uol.com.br/sitemap.xml"", ""https://www.folha.uol.com.br/blogs/sitemap.xml"", ""https://www.folha.uol.com.br/colunas/sitemap.xml"", ""https://www.folha.uol.com.br/webstories/sitemap.xml"", ""https://www.folha.uol.com.br/news-sitemap.xml""]",5,200,Folha International: News from Brazil in English | Folha,36166,380,True,9257,False,True,False,True,sitemap_then_article_extract,medium,active,,2026-05-17 19:15:00.234803
france24_com,https://www.france24.com/en/,https://www.france24.com/en,france24.com,https,https://www.france24.com/en,https://www.france24.com/robots.txt,True,"[""https://www.france24.com/sitemaps/fr/index.xml"", ""https://www.france24.com/sitemaps/en/index.xml"", ""https://www.france24.com/sitemaps/es/index.xml"", ""https://www.france24.com/sitemaps/ar/index.xml"", ""https://www.france24.com/sitemaps/fr/news.xml"", ""https://www.france24.com/sitemaps/en/news.xml"", ""https://www.france24.com/sitemaps/es/news.xml"", ""https://www.france24.com/sitemaps/ar/news.xml""]",True,True,False,,,True,"[""https://www.france24.com/en/rss""]",1,True,"[""https://www.france24.com/sitemaps/fr/index.xml"", ""https://www.france24.com/sitemaps/fr/2007/contents_200710.xml"", ""https://www.france24.com/sitemaps/fr/2021/contents_202101.xml"", ""https://www.france24.com/sitemaps/fr/2025/contents_202506.xml"", ""https://www.france24.com/sitemaps/fr/2019/contents_201905.xml"", ""https://www.france24.com/sitemaps/fr/2023/contents_202312.xml"", ""https://www.france24.com/sitemaps/fr/2014/contents_201404.xml"", ""https://www.france24.com/sitemaps/fr/2022/contents_202207.xml"", ""https://www.france24.com/sitemaps/fr/2023/contents_202306.xml"", ""https://www.france24.com/sitemaps/fr/2021/contents_202109.xml"", ""https://www.france24.com/sitemaps/fr/2016/contents_201608.xml"", ""https://www.france24.com/sitemaps/fr/2018/contents_201801.xml"", ""https://www.france24.com/sitemaps/fr/2021/contents_202105.xml"", ""https://www.france24.com/sitemaps/fr/2012/contents_201206.xml"", ""https://www.france24.com/sitemaps/fr/2007/contents_200707.xml"", ""https://www.france24.com/sitemaps/fr/2017/contents_201712.xml"", ""https://www.france24.com/sitemaps/fr/2022/contents_202210.xml"", ""https://www.france24.com/sitemaps/fr/2011/contents_201106.xml"", ""https://www.france24.com/sitemaps/fr/2021/contents_202107.xml"", ""https://www.france24.com/sitemaps/fr/2015/contents_201512.xml"", ""https://www.france24.com/sitemaps/fr/2016/contents_201606.xml"", ""https://www.france24.com/sitemaps/fr/2020/contents_202009.xml"", ""https://www.france24.com/sitemaps/fr/2022/contents_202201.xml"", ""https://www.france24.com/sitemaps/fr/2014/contents_201411.xml"", ""https://www.france24.com/sitemaps/fr/2016/contents_201604.xml"", ""https://www.france24.com/sitemaps/fr/2020/contents_202005.xml"", ""https://www.france24.com/sitemaps/fr/2011/contents_201108.xml"", ""https://www.france24.com/sitemaps/fr/2016/contents_201607.xml"", ""https://www.france24.com/sitemaps/fr/2022/contents_202206.xml"", ""https://www.france24.com/sitemaps/fr/2012/contents_201210.xml"", ""https://www.france24.com/sitemaps/fr/2018/contents_201803.xml"", ""https://www.france24.com/sitemaps/fr/2011/contents_201104.xml"", ""https://www.france24.com/sitemaps/fr/2024/contents_202401.xml"", ""https://www.france24.com/sitemaps/fr/2014/contents_201409.xml"", ""https://www.france24.com/sitemaps/fr/2010/contents_201009.xml"", ""https://www.france24.com/sitemaps/fr/2015/contents_201510.xml"", ""https://www.france24.com/sitemaps/fr/2023/contents_202307.xml"", ""https://www.france24.com/sitemaps/fr/2023/contents_202302.xml"", ""https://www.france24.com/sitemaps/fr/tags.xml"", ""https://www.france24.com/sitemaps/fr/2017/contents_201707.xml"", ""https://www.france24.com/sitemaps/fr/2009/contents_200906.xml"", ""https://www.france24.com/sitemaps/fr/2013/contents_201307.xml"", ""https://www.france24.com/sitemaps/fr/2009/contents_200911.xml"", ""https://www.france24.com/sitemaps/fr/2009/contents_200905.xml"", ""https://www.france24.com/sitemaps/fr/2024/contents_202404.xml"", ""https://www.france24.com/sitemaps/fr/2009/contents_200909.xml"", ""https://www.france24.com/sitemaps/fr/2016/contents_201609.xml"", ""https://www.france24.com/sitemaps/fr/2016/contents_201601.xml"", ""https://www.france24.com/sitemaps/fr/2010/contents_201003.xml"", ""https://www.france24.com/sitemaps/fr/2025/contents_202503.xml"", ""https://www.france24.com/sitemaps/fr/2024/contents_202402.xml"", ""https://www.france24.com/sitemaps/fr/2019/contents_201901.xml"", ""https://www.france24.com/sitemaps/fr/2013/contents_201309.xml"", ""https://www.france24.com/sitemaps/fr/2026/contents_202601.xml"", ""https://www.france24.com/sitemaps/fr/2007/contents_200701.xml"", ""https://www.france24.com/sitemaps/fr/2010/contents_201001.xml"", ""https://www.france24.com/sitemaps/fr/2010/contents_201006.xml"", ""https://www.france24.com/sitemaps/fr/2022/contents_202212.xml"", ""https://www.france24.com/sitemaps/fr/2017/contents_201706.xml"", ""https://www.france24.com/sitemaps/fr/2023/contents_202310.xml"", ""https://www.france24.com/sitemaps/fr/2018/contents_201802.xml"", ""https://www.france24.com/sitemaps/fr/2023/contents_202305.xml"", ""https://www.france24.com/sitemaps/fr/2018/contents_201811.xml"", ""https://www.france24.com/sitemaps/fr/2015/contents_201504.xml"", ""https://www.france24.com/sitemaps/fr/2012/contents_201209.xml"", ""https://www.france24.com/sitemaps/fr/2009/contents_200902.xml"", ""https://www.france24.com/sitemaps/fr/2009/contents_200907.xml"", ""https://www.france24.com/sitemaps/fr/2013/contents_201310.xml"", ""https://www.france24.com/sitemaps/fr/2010/contents_201002.xml"", ""https://www.france24.com/sitemaps/fr/2013/contents_201301.xml"", ""https://www.france24.com/sitemaps/fr/2026/contents_202602.xml"", ""https://www.france24.com/sitemaps/fr/2025/contents_202501.xml"", ""https://www.france24.com/sitemaps/fr/2019/contents_201903.xml"", ""https://www.france24.com/sitemaps/fr/2021/contents_202110.xml"", ""https://www.france24.com/sitemaps/fr/2008/contents_200807.xml"", ""https://www.france24.com/sitemaps/fr/2008/contents_200810.xml"", ""https://www.france24.com/sitemaps/fr/2025/contents_202507.xml"", ""https://www.france24.com/sitemaps/fr/2021/contents_202104.xml"", ""https://www.france24.com/sitemaps/fr/2011/contents_201107.xml"", ""https://www.france24.com/sitemaps/fr/2012/contents_201203.xml"", ""https://www.france24.com/sitemaps/fr/2020/contents_202010.xml"", ""https://www.france24.com/sitemaps/fr/2011/contents_201103.xml"", ""https://www.france24.com/sitemaps/fr/2025/contents_202511.xml"", ""https://www.france24.com/sitemaps/fr/2017/contents_201711.xml"", ""https://www.france24.com/sitemaps/fr/2023/contents_202303.xml"", ""https://www.france24.com/sitemaps/fr/2024/contents_202411.xml"", ""https://www.france24.com/sitemaps/fr/2020/contents_202004.xml"", ""https://www.france24.com/sitemaps/fr/2023/contents_202301.xml"", ""https://www.france24.com/sitemaps/fr/2022/contents_202209.xml"", ""https://www.france24.com/sitemaps/fr/2016/contents_201605.xml"", ""https://www.france24.com/sitemaps/fr/2011/contents_201111.xml"", ""https://www.france24.com/sitemaps/fr/2007/contents_200703.xml"", ""https://www.france24.com/sitemaps/fr/2023/contents_202304.xml"", ""https://www.france24.com/sitemaps/fr/2015/contents_201502.xml"", ""https://www.france24.com/sitemaps/fr/2014/contents_201405.xml"", ""https://www.france24.com/sitemaps/fr/2017/contents_201701.xml"", ""https://www.france24.com/sitemaps/fr/2017/contents_201708.xml"", ""https://www.france24.com/sitemaps/fr/2019/contents_201907.xml"", ""https://www.france24.com/sitemaps/fr/2011/contents_201109.xml"", ""https://www.france24.com/sitemaps/fr/2022/contents_202203.xml"", ""https://www.france24.com/sitemaps/fr/2024/contents_202410.xml"", ""https://www.france24.com/sitemaps/fr/2009/contents_200901.xml"", ""https://www.france24.com/sitemaps/fr/2012/contents_201201.xml"", ""https://www.france24.com/sitemaps/fr/2013/contents_201302.xml"", ""https://www.france24.com/sitemaps/fr/2006/contents_200612.xml"", ""https://www.france24.com/sitemaps/fr/2025/contents_202512.xml"", ""https://www.france24.com/sitemaps/fr/2020/contents_202012.xml"", ""https://www.france24.com/sitemaps/fr/2018/contents_201804.xml"", ""https://www.france24.com/sitemaps/fr/2025/contents_202508.xml"", ""https://www.france24.com/sitemaps/fr/2024/contents_202407.xml"", ""https://www.france24.com/sitemaps/fr/2015/contents_201509.xml"", ""https://www.france24.com/sitemaps/fr/2024/contents_202412.xml"", ""https://www.france24.com/sitemaps/fr/2009/contents_200908.xml"", ""https://www.france24.com/sitemaps/fr/2017/contents_201709.xml"", ""https://www.france24.com/sitemaps/fr/2018/contents_201807.xml"", ""https://www.france24.com/sitemaps/fr/2016/contents_201612.xml"", ""https://www.france24.com/sitemaps/fr/2015/contents_201505.xml"", ""https://www.france24.com/sitemaps/fr/2008/contents_200802.xml"", ""https://www.france24.com/sitemaps/fr/2018/contents_201812.xml"", ""https://www.france24.com/sitemaps/fr/2010/contents_201005.xml""]",120,200,"France 24 - International breaking news, top stories and headlines",27756,333,True,3631,False,True,False,False,rss_then_article_extract,medium,active,,2026-05-17 19:02:02.920906
fred_stlouisfed_org,https://fred.stlouisfed.org/,https://fred.stlouisfed.org/,fred.stlouisfed.org,https,https://fred.stlouisfed.org/,https://fred.stlouisfed.org/robots.txt,True,[],True,True,False,,,False,[],0,False,[],0,200,Federal Reserve Economic Data | FRED | St. Louis Fed,3575,100,True,659,False,True,False,False,html_then_trafilatura,medium,active_candidate,,2026-05-17 19:02:02.931456
ft_com,https://www.ft.com/,https://www.ft.com/,ft.com,https,https://www.ft.com/,https://www.ft.com/robots.txt,True,"[""https://www.ft.com/sitemaps/index.xml""]",True,True,False,,,False,[],0,True,"[""https://www.ft.com/sitemaps/index.xml"", ""https://www.ft.com/sitemaps/archive-1995-11.xml"", ""https://www.ft.com/sitemaps/archive-1996-9.xml"", ""https://www.ft.com/sitemaps/archive-1997-7.xml"", ""https://www.ft.com/sitemaps/archive-2002-10.xml"", ""https://www.ft.com/sitemaps/archive-2002-5.xml"", ""https://www.ft.com/sitemaps/archive-2002-8.xml"", ""https://www.ft.com/sitemaps/archive-2002-9.xml"", ""https://www.ft.com/sitemaps/archive-2003-10.xml"", ""https://www.ft.com/sitemaps/archive-2003-11.xml"", ""https://www.ft.com/sitemaps/archive-2003-12.xml"", ""https://www.ft.com/sitemaps/archive-2003-2.xml"", ""https://www.ft.com/sitemaps/archive-2003-5.xml"", ""https://www.ft.com/sitemaps/archive-2003-6.xml"", ""https://www.ft.com/sitemaps/archive-2003-7.xml"", ""https://www.ft.com/sitemaps/archive-2003-8.xml"", ""https://www.ft.com/sitemaps/archive-2003-9.xml"", ""https://www.ft.com/sitemaps/archive-2004-1.xml"", ""https://www.ft.com/sitemaps/archive-2004-10.xml"", ""https://www.ft.com/sitemaps/archive-2004-11.xml"", ""https://www.ft.com/sitemaps/archive-2004-12.xml"", ""https://www.ft.com/sitemaps/archive-2004-2.xml"", ""https://www.ft.com/sitemaps/archive-2004-3.xml"", ""https://www.ft.com/sitemaps/archive-2004-4.xml"", ""https://www.ft.com/sitemaps/archive-2004-5.xml"", ""https://www.ft.com/sitemaps/archive-2004-6.xml"", ""https://www.ft.com/sitemaps/archive-2004-7.xml"", ""https://www.ft.com/sitemaps/archive-2004-8.xml"", ""https://www.ft.com/sitemaps/archive-2004-9.xml"", ""https://www.ft.com/sitemaps/archive-2005-1.xml"", ""https://www.ft.com/sitemaps/archive-2005-10.xml"", ""https://www.ft.com/sitemaps/archive-2005-11.xml"", ""https://www.ft.com/sitemaps/archive-2005-12.xml"", ""https://www.ft.com/sitemaps/archive-2005-2.xml"", ""https://www.ft.com/sitemaps/archive-2005-3.xml"", ""https://www.ft.com/sitemaps/archive-2005-4.xml"", ""https://www.ft.com/sitemaps/archive-2005-5.xml"", ""https://www.ft.com/sitemaps/archive-2005-6.xml"", ""https://www.ft.com/sitemaps/archive-2005-7.xml"", ""https://www.ft.com/sitemaps/archive-2005-8.xml"", ""https://www.ft.com/sitemaps/archive-2005-9.xml"", ""https://www.ft.com/sitemaps/archive-2006-1.xml"", ""https://www.ft.com/sitemaps/archive-2006-10.xml"", ""https://www.ft.com/sitemaps/archive-2006-11.xml"", ""https://www.ft.com/sitemaps/archive-2006-12.xml"", ""https://www.ft.com/sitemaps/archive-2006-2.xml"", ""https://www.ft.com/sitemaps/archive-2006-3.xml"", ""https://www.ft.com/sitemaps/archive-2006-4.xml"", ""https://www.ft.com/sitemaps/archive-2006-5.xml"", ""https://www.ft.com/sitemaps/archive-2006-6.xml"", ""https://www.ft.com/sitemaps/archive-2006-7.xml"", ""https://www.ft.com/sitemaps/archive-2006-8.xml"", ""https://www.ft.com/sitemaps/archive-2006-9.xml"", ""https://www.ft.com/sitemaps/archive-2007-1.xml"", ""https://www.ft.com/sitemaps/archive-2007-10.xml"", ""https://www.ft.com/sitemaps/archive-2007-11.xml"", ""https://www.ft.com/sitemaps/archive-2007-12.xml"", ""https://www.ft.com/sitemaps/archive-2007-2.xml"", ""https://www.ft.com/sitemaps/archive-2007-3.xml"", ""https://www.ft.com/sitemaps/archive-2007-4.xml"", ""https://www.ft.com/sitemaps/archive-2007-5.xml"", ""https://www.ft.com/sitemaps/archive-2007-6.xml"", ""https://www.ft.com/sitemaps/archive-2007-7.xml"", ""https://www.ft.com/sitemaps/archive-2007-8.xml"", ""https://www.ft.com/sitemaps/archive-2007-9.xml"", ""https://www.ft.com/sitemaps/archive-2008-1.xml"", ""https://www.ft.com/sitemaps/archive-2008-10.xml"", ""https://www.ft.com/sitemaps/archive-2008-11.xml"", ""https://www.ft.com/sitemaps/archive-2008-12.xml"", ""https://www.ft.com/sitemaps/archive-2008-2.xml"", ""https://www.ft.com/sitemaps/archive-2008-3.xml"", ""https://www.ft.com/sitemaps/archive-2008-4.xml"", ""https://www.ft.com/sitemaps/archive-2008-5.xml"", ""https://www.ft.com/sitemaps/archive-2008-6.xml"", ""https://www.ft.com/sitemaps/archive-2008-7.xml"", ""https://www.ft.com/sitemaps/archive-2008-8.xml"", ""https://www.ft.com/sitemaps/archive-2008-9.xml"", ""https://www.ft.com/sitemaps/archive-2009-1.xml"", ""https://www.ft.com/sitemaps/archive-2009-10.xml"", ""https://www.ft.com/sitemaps/archive-2009-11.xml"", ""https://www.ft.com/sitemaps/archive-2009-12.xml"", ""https://www.ft.com/sitemaps/archive-2009-2.xml"", ""https://www.ft.com/sitemaps/archive-2009-3.xml"", ""https://www.ft.com/sitemaps/archive-2009-4.xml"", ""https://www.ft.com/sitemaps/archive-2009-5.xml"", ""https://www.ft.com/sitemaps/archive-2009-6.xml"", ""https://www.ft.com/sitemaps/archive-2009-7.xml"", ""https://www.ft.com/sitemaps/archive-2009-8.xml"", ""https://www.ft.com/sitemaps/archive-2009-9.xml"", ""https://www.ft.com/sitemaps/archive-2010-1.xml"", ""https://www.ft.com/sitemaps/archive-2010-10.xml"", ""https://www.ft.com/sitemaps/archive-2010-11.xml"", ""https://www.ft.com/sitemaps/archive-2010-12.xml"", ""https://www.ft.com/sitemaps/archive-2010-2.xml"", ""https://www.ft.com/sitemaps/archive-2010-3.xml"", ""https://www.ft.com/sitemaps/archive-2010-4.xml"", ""https://www.ft.com/sitemaps/archive-2010-5.xml"", ""https://www.ft.com/sitemaps/archive-2010-6.xml"", ""https://www.ft.com/sitemaps/archive-2010-7.xml"", ""https://www.ft.com/sitemaps/archive-2010-8.xml"", ""https://www.ft.com/sitemaps/archive-2010-9.xml"", ""https://www.ft.com/sitemaps/archive-2011-1.xml"", ""https://www.ft.com/sitemaps/archive-2011-10.xml"", ""https://www.ft.com/sitemaps/archive-2011-12.xml"", ""https://www.ft.com/sitemaps/archive-2011-2.xml"", ""https://www.ft.com/sitemaps/archive-2011-3.xml"", ""https://www.ft.com/sitemaps/archive-2011-4.xml"", ""https://www.ft.com/sitemaps/archive-2011-5.xml"", ""https://www.ft.com/sitemaps/archive-2011-6.xml"", ""https://www.ft.com/sitemaps/archive-2011-7.xml"", ""https://www.ft.com/sitemaps/archive-2011-8.xml"", ""https://www.ft.com/sitemaps/archive-2011-9.xml"", ""https://www.ft.com/sitemaps/archive-2012-1.xml"", ""https://www.ft.com/sitemaps/archive-2012-10.xml"", ""https://www.ft.com/sitemaps/archive-2012-11.xml"", ""https://www.ft.com/sitemaps/archive-2012-12.xml"", ""https://www.ft.com/sitemaps/archive-2012-2.xml"", ""https://www.ft.com/sitemaps/archive-2012-3.xml"", ""https://www.ft.com/sitemaps/archive-2012-4.xml"", ""https://www.ft.com/sitemaps/archive-2012-5.xml""]",120,403,,0,0,False,0,True,True,False,False,sitemap_then_article_extract,medium,active,,2026-05-17 19:03:38.115144
github_com,https://github.com/,https://github.com/,github.com,https,https://github.com/,https://github.com/robots.txt,True,[],True,True,True,github_collector,,False,[],0,False,[],0,200,GitHub · Change is constant. GitHub keeps you ahead. · GitHub,8252,152,True,2075,False,True,True,True,api_first,low,active,,2026-05-17 19:02:02.940694
globalnews_ca,https://globalnews.ca/,https://globalnews.ca/,globalnews.ca,https,https://globalnews.ca/,https://globalnews.ca/robots.txt,True,"[""http://globalnews.ca/news-sitemap.xml"", ""https://globalnews.ca/?feed=sitemapsimple"", ""https://globalnews.ca/videos/sitemap/"", ""https://globalnews.ca/sitemap.xml"", ""https://globalnews.ca/news-sitemap.xml""]",True,True,False,,,True,"[""https://globalnews.ca/feed/""]",1,True,"[""http://globalnews.ca/news-sitemap.xml"", ""https://globalnews.ca/?feed=sitemapsimple"", ""https://globalnews.ca/videos/sitemap/"", ""https://globalnews.ca/sitemap.xml"", ""https://globalnews.ca/sitemap-index-2.xml"", ""https://globalnews.ca/image-sitemap-index-3.xml"", ""https://globalnews.ca/news-sitemap.xml""]",7,200,"Global News | Breaking, Latest News and Video for Canada",13101,276,True,10609,False,True,False,False,rss_then_article_extract,medium,active,,2026-05-17 19:14:05.514896
gov_sg,https://www.gov.sg/,https://www.gov.sg/,gov.sg,https,https://www.gov.sg/,https://www.gov.sg/robots.txt,True,"[""https://www.gov.sg/sitemap.xml""]",True,True,False,,,False,[],0,True,"[""https://www.gov.sg/sitemap.xml""]",1,200,Home | gov.sg,1777,63,True,470,False,True,False,False,sitemap_then_article_extract,medium,active,,2026-05-17 19:11:17.876437
gov_uk,https://www.gov.uk/search/news-and-communications,https://www.gov.uk/search/news-and-communications,gov.uk,https,https://www.gov.uk/search/news-and-communications,https://www.gov.uk/robots.txt,True,"[""https://www.gov.uk/sitemap.xml""]",True,True,False,,,True,"[""https://www.gov.uk/search/news-and-communications.atom""]",1,True,"[""https://www.gov.uk/sitemap.xml"", ""https://www.gov.uk/sitemaps/sitemap_1.xml"", ""https://www.gov.uk/sitemaps/sitemap_2.xml"", ""https://www.gov.uk/sitemaps/sitemap_3.xml"", ""https://www.gov.uk/sitemaps/sitemap_4.xml"", ""https://www.gov.uk/sitemaps/sitemap_5.xml"", ""https://www.gov.uk/sitemaps/sitemap_6.xml"", ""https://www.gov.uk/sitemaps/sitemap_7.xml"", ""https://www.gov.uk/sitemaps/sitemap_8.xml"", ""https://www.gov.uk/sitemaps/sitemap_9.xml"", ""https://www.gov.uk/sitemaps/sitemap_10.xml"", ""https://www.gov.uk/sitemaps/sitemap_11.xml"", ""https://www.gov.uk/sitemaps/sitemap_12.xml"", ""https://www.gov.uk/sitemaps/sitemap_13.xml"", ""https://www.gov.uk/sitemaps/sitemap_14.xml"", ""https://www.gov.uk/sitemaps/sitemap_15.xml"", ""https://www.gov.uk/sitemaps/sitemap_16.xml"", ""https://www.gov.uk/sitemaps/sitemap_17.xml"", ""https://www.gov.uk/sitemaps/sitemap_18.xml"", ""https://www.gov.uk/sitemaps/sitemap_19.xml"", ""https://www.gov.uk/sitemaps/sitemap_20.xml"", ""https://www.gov.uk/sitemaps/sitemap_21.xml"", ""https://www.gov.uk/sitemaps/sitemap_22.xml"", ""https://www.gov.uk/sitemaps/sitemap_23.xml"", ""https://www.gov.uk/sitemaps/sitemap_24.xml"", ""https://www.gov.uk/sitemaps/sitemap_25.xml"", ""https://www.gov.uk/sitemaps/sitemap_26.xml"", ""https://www.gov.uk/sitemaps/sitemap_27.xml"", ""https://www.gov.uk/sitemaps/sitemap_28.xml"", ""https://www.gov.uk/sitemaps/sitemap_29.xml"", ""https://www.gov.uk/sitemaps/sitemap_30.xml"", ""https://www.gov.uk/sitemaps/sitemap_31.xml"", ""https://www.gov.uk/sitemaps/sitemap_32.xml"", ""https://www.gov.uk/sitemaps/sitemap_33.xml"", ""https://www.gov.uk/sitemaps/sitemap_34.xml"", ""https://www.gov.uk/sitemaps/sitemap_35.xml""]",36,200,News and communications - GOV.UK,31596,94,True,3308,False,True,False,False,rss_then_article_extract,medium,active,,2026-05-17 19:04:07.377637
gso_gov_vn,https://www.gso.gov.vn/,https://www.gso.gov.vn/,gso.gov.vn,https,https://www.gso.gov.vn/,https://www.gso.gov.vn/robots.txt,False,[],False,True,False,,,False,[],0,False,[],0,0,,0,0,False,0,False,False,False,False,manual_review,unknown,review,"[WinError 10060] A connection attempt failed because the connected party did not properly respond after a period of time, or established connection failed because connected host has failed to respond
Traceback (most recent call last):
  File ""C:\Users\lehoa\AppData\Roaming\Python\Python312\site-packages\httpx\_transports\default.py"", line 101, in map_httpcore_exceptions
    yield
  File ""C:\Users\lehoa\AppData\Roaming\Python\Python312\site-packages\httpx\_transports\default.py"", line 250, in handle_request
    resp = self._pool.handle_request(req)
           ^^^^^^^^^^^^^^^^^^^^^^^^^^^^^^
  File ""C:\Users\lehoa\AppData\Roaming\Python\Python312\site-packages\httpcore\_sync\connection_pool.py"", line 256, in handle_request
    raise exc from None
  File ""C:\Users\lehoa\AppData\Roaming\Python\Python312\site-packages\httpcore\_sync\connection_pool.py"", line 236, in handle_request
    response = connection.handle_request(
               ^^^^^^^^^^^^^^^^^^^^^^^^^^
  File ""C:\Users\lehoa\AppData\Roaming\Python\Python312\site-packages\httpcore\_sync\connection.py"", line 101, in handle_request
    raise exc
httpcore.ConnectTimeout: [WinError 10060] A connection attempt failed because the connected party did not properly respond after a period of time, or established connection failed because connected host has failed to respond

The above exception was the direct cause of the following exception:

Traceback (most recent call last):
  File ""D:\cursor\LEONCODE\CRAWL WEB\leon_web_intel\src\profiler\source_profiler.py"", line 281, in profile_source
    probe = run_html_probe(norm, homepage_url, self.rules, self._fetch_text, self.raw_store)
            ^^^^^^^^^^^^^^^^^^^^^^^^^^^^^^^^^^^^^^^^^^^^^^^^^^^^^^^^^^^^^^^^^^^^^^^^^^^^^^^^
  File ""D:\cursor\LEONCODE\CRAWL WEB\leon_web_intel\src\profiler\html_probe.py"", line 38, in run_html_probe
    status, html = fetch_text(homepage_url)
                   ^^^^^^^^^^^^^^^^^^^^^^^^
  File ""D:\cursor\LEONCODE\CRAWL WEB\leon_web_intel\src\profiler\source_profiler.py"", line 211, in _fetch_text
    return self.http.get_text(url)
           ^^^^^^^^^^^^^^^^^^^^^^^
  File ""D:\cursor\LEONCODE\CRAWL WEB\leon_web_intel\src\utils\cache.py"", line 152, in get_text
    entry = self.get(url)
            ^^^^^^^^^^^^^
  File ""D:\cursor\LEONCODE\CRAWL WEB\leon_web_intel\src\utils\cache.py"", line 142, in get
    entry = self._fetch_uncached(url)
            ^^^^^^^^^^^^^^^^^^^^^^^^^
httpx.ConnectTimeout: [WinError 10060] A connection attempt failed because the connected party did not properly respond after a period of time, or established connection failed because connected host has failed to respond
",2026-05-17 19:03:27.814863
gulfnews_com,https://www.gulfnews.com/,https://www.gulfnews.com/,gulfnews.com,https,https://www.gulfnews.com/,https://www.gulfnews.com/robots.txt,True,"[""https://gulfnews.com/sitemap.xml"", ""https://gulfnews.com/news_sitemap.xml""]",True,True,False,,,True,"[""https://www.gulfnews.com/feed""]",1,True,"[""https://gulfnews.com/sitemap.xml"", ""https://gulfnews.com/sitemap/sitemap-static-pages.xml"", ""https://gulfnews.com/sitemap/sitemap-section.xml"", ""https://gulfnews.com/sitemap/sitemap-daily-2026-05-17.xml"", ""https://gulfnews.com/sitemap/sitemap-daily-2026-05-16.xml"", ""https://gulfnews.com/sitemap/sitemap-daily-2026-05-15.xml"", ""https://gulfnews.com/sitemap/sitemap-daily-2026-05-14.xml"", ""https://gulfnews.com/sitemap/sitemap-daily-2026-05-13.xml"", ""https://gulfnews.com/sitemap/sitemap-daily-2026-05-12.xml"", ""https://gulfnews.com/sitemap/sitemap-daily-2026-05-11.xml"", ""https://gulfnews.com/sitemap/sitemap-daily-2026-05-10.xml"", ""https://gulfnews.com/sitemap/sitemap-daily-2026-05-09.xml"", ""https://gulfnews.com/sitemap/sitemap-daily-2026-05-08.xml"", ""https://gulfnews.com/sitemap/sitemap-daily-2026-05-07.xml"", ""https://gulfnews.com/sitemap/sitemap-daily-2026-05-06.xml"", ""https://gulfnews.com/sitemap/sitemap-daily-2026-05-05.xml"", ""https://gulfnews.com/sitemap/sitemap-daily-2026-05-04.xml"", ""https://gulfnews.com/sitemap/sitemap-daily-2026-05-03.xml"", ""https://gulfnews.com/sitemap/sitemap-daily-2026-05-02.xml"", ""https://gulfnews.com/sitemap/sitemap-daily-2026-05-01.xml"", ""https://gulfnews.com/sitemap/sitemap-daily-2026-04-30.xml"", ""https://gulfnews.com/sitemap/sitemap-daily-2026-04-29.xml"", ""https://gulfnews.com/sitemap/sitemap-daily-2026-04-28.xml"", ""https://gulfnews.com/sitemap/sitemap-daily-2026-04-27.xml"", ""https://gulfnews.com/sitemap/sitemap-daily-2026-04-26.xml"", ""https://gulfnews.com/sitemap/sitemap-daily-2026-04-25.xml"", ""https://gulfnews.com/sitemap/sitemap-daily-2026-04-24.xml"", ""https://gulfnews.com/sitemap/sitemap-daily-2026-04-23.xml"", ""https://gulfnews.com/sitemap/sitemap-daily-2026-04-22.xml"", ""https://gulfnews.com/sitemap/sitemap-daily-2026-04-21.xml"", ""https://gulfnews.com/sitemap/sitemap-daily-2026-04-20.xml"", ""https://gulfnews.com/sitemap/sitemap-daily-2026-04-19.xml"", ""https://gulfnews.com/sitemap/sitemap-daily-2026-04-18.xml"", ""https://gulfnews.com/sitemap/sitemap-daily-2026-04-17.xml"", ""https://gulfnews.com/sitemap/sitemap-daily-2026-04-08.xml"", ""https://gulfnews.com/sitemap/sitemap-daily-2026-04-07.xml"", ""https://gulfnews.com/sitemap/sitemap-daily-2026-03-27.xml"", ""https://gulfnews.com/sitemap/sitemap-daily-2026-03-25.xml"", ""https://gulfnews.com/sitemap/sitemap-daily-2026-03-06.xml"", ""https://gulfnews.com/sitemap/sitemap-daily-2026-02-25.xml"", ""https://gulfnews.com/sitemap/sitemap-daily-2026-01-12.xml"", ""https://gulfnews.com/sitemap/sitemap-daily-2025-12-12.xml"", ""https://gulfnews.com/sitemap/sitemap-daily-2025-10-23.xml"", ""https://gulfnews.com/sitemap/sitemap-daily-2025-10-16.xml"", ""https://gulfnews.com/sitemap/sitemap-daily-2025-10-10.xml"", ""https://gulfnews.com/sitemap/sitemap-daily-2025-09-10.xml"", ""https://gulfnews.com/sitemap/sitemap-daily-2025-08-05.xml"", ""https://gulfnews.com/sitemap/sitemap-daily-2025-05-27.xml"", ""https://gulfnews.com/sitemap/sitemap-daily-2025-05-11.xml"", ""https://gulfnews.com/sitemap/sitemap-daily-2025-04-12.xml"", ""https://gulfnews.com/sitemap/sitemap-daily-2025-03-13.xml"", ""https://gulfnews.com/sitemap/sitemap-daily-2023-08-28.xml"", ""https://gulfnews.com/sitemap/sitemap-daily-2023-06-02.xml"", ""https://gulfnews.com/sitemap/sitemap-daily-2023-04-10.xml"", ""https://gulfnews.com/sitemap/sitemap-daily-2021-04-21.xml"", ""https://gulfnews.com/sitemap/sitemap-daily-2021-02-10.xml"", ""https://gulfnews.com/news_sitemap.xml"", ""https://www.gulfnews.com/sitemap.xml""]",58,200,"Gulf News: Latest UAE news, Dubai news, Business, travel news, Dubai Gold rate, prayer time, cinema",3070,110,True,2648,False,True,True,True,rss_then_article_extract,medium,active,,2026-05-17 19:11:45.250121
imf_org,https://www.imf.org/,https://www.imf.org/,imf.org,https,https://www.imf.org/,https://www.imf.org/robots.txt,True,"[""https://www.imf.org/sitemap.xml""]",True,True,False,,,False,[],0,False,[],0,200,International Monetary Fund | IMF,6207,266,True,1386,True,True,True,True,html_then_trafilatura,medium,active_candidate,,2026-05-17 19:02:02.930359
independent_co_uk,https://www.independent.co.uk/,https://www.independent.co.uk/,independent.co.uk,https,https://www.independent.co.uk/,https://www.independent.co.uk/robots.txt,True,"[""https://www.independent.co.uk/sitemaps/googlenews"", ""https://www.independent.co.uk/sitemap.xml""]",True,True,False,,,True,"[""https://www.independent.co.uk/rss""]",1,True,"[""https://www.independent.co.uk/sitemaps/googlenews"", ""https://www.independent.co.uk/sitemap.xml"", ""https://www.independent.co.uk/sitemaps/sitemap-sections.xml"", ""https://www.independent.co.uk/sitemaps/sitemap-authors-c.xml"", ""https://www.independent.co.uk/sitemaps/sitemap-authors-f.xml"", ""https://www.independent.co.uk/sitemaps/sitemap-articles-2026-05-17.xml"", ""https://www.independent.co.uk/sitemaps/sitemap-articles-2026-03-31.xml"", ""https://www.independent.co.uk/sitemaps/sitemap-articles-2026-03-30.xml"", ""https://www.independent.co.uk/sitemaps/sitemap-articles-2026-03-29.xml"", ""https://www.independent.co.uk/sitemaps/sitemap-articles-2026-03-28.xml"", ""https://www.independent.co.uk/sitemaps/sitemap-articles-2026-03-27.xml"", ""https://www.independent.co.uk/sitemaps/sitemap-articles-2026-03-26.xml"", ""https://www.independent.co.uk/sitemaps/sitemap-articles-2026-03-25.xml"", ""https://www.independent.co.uk/sitemaps/sitemap-articles-2026-03-24.xml"", ""https://www.independent.co.uk/sitemaps/sitemap-articles-2026-03-23.xml"", ""https://www.independent.co.uk/sitemaps/sitemap-articles-2026-03-22.xml"", ""https://www.independent.co.uk/sitemaps/sitemap-articles-2026-03-21.xml"", ""https://www.independent.co.uk/sitemaps/sitemap-articles-2026-03-20.xml"", ""https://www.independent.co.uk/sitemaps/sitemap-articles-2026-03-19.xml"", ""https://www.independent.co.uk/sitemaps/sitemap-articles-2026-03-18.xml"", ""https://www.independent.co.uk/sitemaps/sitemap-articles-2026-03-17.xml"", ""https://www.independent.co.uk/sitemaps/sitemap-articles-2026-03-16.xml"", ""https://www.independent.co.uk/sitemaps/sitemap-articles-2026-03-15.xml"", ""https://www.independent.co.uk/sitemaps/sitemap-articles-2026-03-14.xml"", ""https://www.independent.co.uk/sitemaps/sitemap-articles-2026-03-13.xml"", ""https://www.independent.co.uk/sitemaps/sitemap-articles-2026-03-12.xml"", ""https://www.independent.co.uk/sitemaps/sitemap-articles-2026-03-11.xml"", ""https://www.independent.co.uk/sitemaps/sitemap-articles-2026-03-10.xml"", ""https://www.independent.co.uk/sitemaps/sitemap-articles-2026-03-09.xml"", ""https://www.independent.co.uk/sitemaps/sitemap-articles-2026-03-08.xml"", ""https://www.independent.co.uk/sitemaps/sitemap-articles-2026-03-07.xml"", ""https://www.independent.co.uk/sitemaps/sitemap-articles-2026-03-06.xml"", ""https://www.independent.co.uk/sitemaps/sitemap-articles-2026-03-05.xml"", ""https://www.independent.co.uk/sitemaps/sitemap-articles-2026-03-04.xml"", ""https://www.independent.co.uk/sitemaps/sitemap-articles-2026-03-03.xml"", ""https://www.independent.co.uk/sitemaps/sitemap-articles-2026-03-02.xml"", ""https://www.independent.co.uk/sitemaps/sitemap-articles-2026-03-01.xml"", ""https://www.independent.co.uk/sitemaps/sitemap-articles-2026-02-28.xml"", ""https://www.independent.co.uk/sitemaps/sitemap-articles-2026-02-27.xml"", ""https://www.independent.co.uk/sitemaps/sitemap-articles-2026-02-26.xml"", ""https://www.independent.co.uk/sitemaps/sitemap-articles-2026-02-25.xml"", ""https://www.independent.co.uk/sitemaps/sitemap-articles-2026-02-24.xml"", ""https://www.independent.co.uk/sitemaps/sitemap-articles-2026-02-23.xml"", ""https://www.independent.co.uk/sitemaps/sitemap-articles-2026-02-22.xml"", ""https://www.independent.co.uk/sitemaps/sitemap-articles-2026-02-21.xml"", ""https://www.independent.co.uk/sitemaps/sitemap-articles-2026-02-20.xml"", ""https://www.independent.co.uk/sitemaps/sitemap-articles-2026-02-19.xml"", ""https://www.independent.co.uk/sitemaps/sitemap-articles-2026-02-18.xml"", ""https://www.independent.co.uk/sitemaps/sitemap-articles-2026-02-17.xml"", ""https://www.independent.co.uk/sitemaps/sitemap-articles-2026-02-16.xml"", ""https://www.independent.co.uk/sitemaps/sitemap-articles-2026-02-15.xml"", ""https://www.independent.co.uk/sitemaps/sitemap-articles-2026-02-14.xml"", ""https://www.independent.co.uk/sitemaps/sitemap-articles-2026-02-13.xml"", ""https://www.independent.co.uk/sitemaps/sitemap-articles-2026-02-12.xml"", ""https://www.independent.co.uk/sitemaps/sitemap-articles-2026-02-11.xml"", ""https://www.independent.co.uk/sitemaps/sitemap-articles-2026-02-10.xml"", ""https://www.independent.co.uk/sitemaps/sitemap-articles-2026-02-09.xml"", ""https://www.independent.co.uk/sitemaps/sitemap-articles-2026-02-08.xml"", ""https://www.independent.co.uk/sitemaps/sitemap-articles-2026-02-07.xml"", ""https://www.independent.co.uk/sitemaps/sitemap-articles-2026-02-06.xml"", ""https://www.independent.co.uk/sitemaps/sitemap-articles-2026-02-05.xml"", ""https://www.independent.co.uk/sitemaps/sitemap-articles-2026-02-04.xml"", ""https://www.independent.co.uk/sitemaps/sitemap-articles-2026-02-03.xml"", ""https://www.independent.co.uk/sitemaps/sitemap-articles-2026-02-02.xml"", ""https://www.independent.co.uk/sitemaps/sitemap-articles-2026-02-01.xml"", ""https://www.independent.co.uk/sitemaps/sitemap-articles-2026-01-31.xml"", ""https://www.independent.co.uk/sitemaps/sitemap-articles-2026-01-30.xml"", ""https://www.independent.co.uk/sitemaps/sitemap-articles-2026-01-29.xml"", ""https://www.independent.co.uk/sitemaps/sitemap-articles-2026-01-28.xml"", ""https://www.independent.co.uk/sitemaps/sitemap-articles-2026-01-27.xml"", ""https://www.independent.co.uk/sitemaps/sitemap-articles-2026-01-26.xml"", ""https://www.independent.co.uk/sitemaps/sitemap-articles-2026-01-25.xml"", ""https://www.independent.co.uk/sitemaps/sitemap-articles-2026-01-24.xml"", ""https://www.independent.co.uk/sitemaps/sitemap-articles-2026-01-23.xml"", ""https://www.independent.co.uk/sitemaps/sitemap-articles-2026-01-22.xml"", ""https://www.independent.co.uk/sitemaps/sitemap-articles-2026-01-21.xml"", ""https://www.independent.co.uk/sitemaps/sitemap-articles-2026-01-20.xml"", ""https://www.independent.co.uk/sitemaps/sitemap-articles-2026-01-19.xml"", ""https://www.independent.co.uk/sitemaps/sitemap-articles-2026-01-18.xml"", ""https://www.independent.co.uk/sitemaps/sitemap-articles-2026-01-17.xml"", ""https://www.independent.co.uk/sitemaps/sitemap-articles-2026-01-16.xml"", ""https://www.independent.co.uk/sitemaps/sitemap-articles-2026-01-15.xml"", ""https://www.independent.co.uk/sitemaps/sitemap-articles-2026-01-14.xml"", ""https://www.independent.co.uk/sitemaps/sitemap-articles-2026-01-13.xml"", ""https://www.independent.co.uk/sitemaps/sitemap-articles-2026-01-12.xml"", ""https://www.independent.co.uk/sitemaps/sitemap-articles-2026-01-11.xml"", ""https://www.independent.co.uk/sitemaps/sitemap-articles-2026-01-10.xml"", ""https://www.independent.co.uk/sitemaps/sitemap-articles-2026-01-09.xml"", ""https://www.independent.co.uk/sitemaps/sitemap-articles-2026-01-08.xml"", ""https://www.independent.co.uk/sitemaps/sitemap-articles-2026-01-07.xml"", ""https://www.independent.co.uk/sitemaps/sitemap-articles-2026-01-06.xml"", ""https://www.independent.co.uk/sitemaps/sitemap-articles-2026-01-04.xml"", ""https://www.independent.co.uk/sitemaps/sitemap-articles-2026-01-03.xml"", ""https://www.independent.co.uk/sitemaps/sitemap-articles-2026-01-02.xml"", ""https://www.independent.co.uk/sitemaps/sitemap-articles-2026-01-01.xml"", ""https://www.independent.co.uk/sitemaps/sitemap-articles-2025-12-31.xml"", ""https://www.independent.co.uk/sitemaps/sitemap-articles-2025-12-30.xml"", ""https://www.independent.co.uk/sitemaps/sitemap-articles-2025-12-29.xml"", ""https://www.independent.co.uk/sitemaps/sitemap-articles-2025-12-28.xml"", ""https://www.independent.co.uk/sitemaps/sitemap-articles-2025-12-27.xml"", ""https://www.independent.co.uk/sitemaps/sitemap-articles-2025-12-26.xml"", ""https://www.independent.co.uk/sitemaps/sitemap-articles-2025-12-25.xml"", ""https://www.independent.co.uk/sitemaps/sitemap-articles-2025-12-24.xml"", ""https://www.independent.co.uk/sitemaps/sitemap-articles-2025-12-23.xml"", ""https://www.independent.co.uk/sitemaps/sitemap-articles-2025-12-22.xml"", ""https://www.independent.co.uk/sitemaps/sitemap-articles-2025-12-21.xml"", ""https://www.independent.co.uk/sitemaps/sitemap-articles-2025-12-20.xml"", ""https://www.independent.co.uk/sitemaps/sitemap-articles-2025-12-19.xml"", ""https://www.independent.co.uk/sitemaps/sitemap-articles-2025-12-18.xml"", ""https://www.independent.co.uk/sitemaps/sitemap-articles-2025-12-17.xml"", ""https://www.independent.co.uk/sitemaps/sitemap-articles-2025-12-16.xml"", ""https://www.independent.co.uk/sitemaps/sitemap-articles-2025-12-15.xml"", ""https://www.independent.co.uk/sitemaps/sitemap-articles-2025-12-14.xml"", ""https://www.independent.co.uk/sitemaps/sitemap-articles-2025-12-13.xml"", ""https://www.independent.co.uk/sitemaps/sitemap-articles-2025-12-12.xml"", ""https://www.independent.co.uk/sitemaps/sitemap-articles-2025-12-11.xml"", ""https://www.independent.co.uk/sitemaps/sitemap-articles-2025-12-10.xml"", ""https://www.independent.co.uk/sitemaps/sitemap-articles-2025-12-09.xml"", ""https://www.independent.co.uk/sitemaps/sitemap-articles-2025-12-08.xml"", ""https://www.independent.co.uk/sitemaps/sitemap-articles-2025-12-07.xml""]",120,200,News | The Independent | Today's headlines and latest breaking news,13623,560,True,576,False,True,True,True,rss_then_article_extract,medium,active,,2026-05-17 19:06:30.702030
indianexpress_com,https://indianexpress.com/,https://indianexpress.com/,indianexpress.com,https,https://indianexpress.com/,https://indianexpress.com/robots.txt,True,"[""https://indianexpress.com/news-sitemap.xml"", ""https://indianexpress.com/video-sitemap.xml"", ""https://indianexpress.com/category-sitemap.xml"", ""https://indianexpress.com/allsitemap.xml"", ""https://indianexpress.com/aboutsitemapindex.xml"", ""https://indianexpress.com/webstories-sitemap.xml"", ""https://indianexpress.com/horoscope-sitemap.xml"", ""https://indianexpress.com/sitemap/today.xml"", ""https://indianexpress.com/sitemap/yesterday.xml"", ""https://indianexpress.com/liveblog-sitemap.xml"", ""https://indianexpress.com/sitemap.xml""]",True,True,False,,,True,"[""https://indianexpress.com/feed""]",1,True,"[""https://indianexpress.com/news-sitemap.xml"", ""https://indianexpress.com/video-sitemap.xml"", ""https://indianexpress.com/category-sitemap.xml"", ""https://indianexpress.com/allsitemap.xml"", ""https://indianexpress.com/aboutsitemapindex.xml"", ""https://indianexpress.com/aboutsitemap1.xml"", ""https://indianexpress.com/aboutsitemap2.xml"", ""https://indianexpress.com/aboutsitemap3.xml"", ""https://indianexpress.com/aboutsitemap4.xml"", ""https://indianexpress.com/aboutsitemap5.xml"", ""https://indianexpress.com/aboutsitemap6.xml"", ""https://indianexpress.com/aboutsitemap7.xml"", ""https://indianexpress.com/aboutsitemap8.xml"", ""https://indianexpress.com/aboutsitemap9.xml"", ""https://indianexpress.com/aboutsitemap10.xml"", ""https://indianexpress.com/aboutsitemap11.xml"", ""https://indianexpress.com/aboutsitemap12.xml"", ""https://indianexpress.com/aboutsitemap13.xml"", ""https://indianexpress.com/aboutsitemap14.xml"", ""https://indianexpress.com/aboutsitemap15.xml"", ""https://indianexpress.com/aboutsitemap16.xml"", ""https://indianexpress.com/aboutsitemap17.xml"", ""https://indianexpress.com/aboutsitemap18.xml"", ""https://indianexpress.com/aboutsitemap19.xml"", ""https://indianexpress.com/aboutsitemap20.xml"", ""https://indianexpress.com/aboutsitemap21.xml"", ""https://indianexpress.com/aboutsitemap22.xml"", ""https://indianexpress.com/aboutsitemap23.xml"", ""https://indianexpress.com/aboutsitemap24.xml"", ""https://indianexpress.com/aboutsitemap25.xml"", ""https://indianexpress.com/aboutsitemap26.xml"", ""https://indianexpress.com/aboutsitemap27.xml"", ""https://indianexpress.com/aboutsitemap28.xml"", ""https://indianexpress.com/aboutsitemap29.xml"", ""https://indianexpress.com/aboutsitemap30.xml"", ""https://indianexpress.com/aboutsitemap31.xml"", ""https://indianexpress.com/aboutsitemap32.xml"", ""https://indianexpress.com/aboutsitemap33.xml"", ""https://indianexpress.com/aboutsitemap34.xml"", ""https://indianexpress.com/aboutsitemap35.xml"", ""https://indianexpress.com/aboutsitemap36.xml"", ""https://indianexpress.com/aboutsitemap37.xml"", ""https://indianexpress.com/aboutsitemap38.xml"", ""https://indianexpress.com/aboutsitemap39.xml"", ""https://indianexpress.com/aboutsitemap40.xml"", ""https://indianexpress.com/aboutsitemap41.xml"", ""https://indianexpress.com/aboutsitemap42.xml"", ""https://indianexpress.com/aboutsitemap43.xml"", ""https://indianexpress.com/aboutsitemap44.xml"", ""https://indianexpress.com/aboutsitemap45.xml"", ""https://indianexpress.com/aboutsitemap46.xml"", ""https://indianexpress.com/aboutsitemap47.xml"", ""https://indianexpress.com/aboutsitemap48.xml"", ""https://indianexpress.com/aboutsitemap49.xml"", ""https://indianexpress.com/aboutsitemap50.xml"", ""https://indianexpress.com/aboutsitemap51.xml"", ""https://indianexpress.com/aboutsitemap52.xml"", ""https://indianexpress.com/aboutsitemap53.xml"", ""https://indianexpress.com/aboutsitemap54.xml"", ""https://indianexpress.com/aboutsitemap55.xml"", ""https://indianexpress.com/aboutsitemap56.xml"", ""https://indianexpress.com/aboutsitemap57.xml"", ""https://indianexpress.com/aboutsitemap58.xml"", ""https://indianexpress.com/aboutsitemap59.xml"", ""https://indianexpress.com/aboutsitemap60.xml"", ""https://indianexpress.com/aboutsitemap61.xml"", ""https://indianexpress.com/aboutsitemap62.xml"", ""https://indianexpress.com/aboutsitemap63.xml"", ""https://indianexpress.com/aboutsitemap64.xml"", ""https://indianexpress.com/aboutsitemap65.xml"", ""https://indianexpress.com/aboutsitemap66.xml"", ""https://indianexpress.com/aboutsitemap67.xml"", ""https://indianexpress.com/aboutsitemap68.xml"", ""https://indianexpress.com/aboutsitemap69.xml"", ""https://indianexpress.com/aboutsitemap70.xml"", ""https://indianexpress.com/aboutsitemap71.xml"", ""https://indianexpress.com/aboutsitemap72.xml"", ""https://indianexpress.com/aboutsitemap73.xml"", ""https://indianexpress.com/aboutsitemap74.xml"", ""https://indianexpress.com/aboutsitemap75.xml"", ""https://indianexpress.com/aboutsitemap76.xml"", ""https://indianexpress.com/aboutsitemap77.xml"", ""https://indianexpress.com/aboutsitemap78.xml"", ""https://indianexpress.com/aboutsitemap79.xml"", ""https://indianexpress.com/aboutsitemap80.xml"", ""https://indianexpress.com/aboutsitemap81.xml"", ""https://indianexpress.com/aboutsitemap82.xml"", ""https://indianexpress.com/aboutsitemap83.xml"", ""https://indianexpress.com/aboutsitemap84.xml"", ""https://indianexpress.com/aboutsitemap85.xml"", ""https://indianexpress.com/aboutsitemap86.xml"", ""https://indianexpress.com/aboutsitemap87.xml"", ""https://indianexpress.com/aboutsitemap88.xml"", ""https://indianexpress.com/aboutsitemap89.xml"", ""https://indianexpress.com/aboutsitemap90.xml"", ""https://indianexpress.com/aboutsitemap91.xml"", ""https://indianexpress.com/aboutsitemap92.xml"", ""https://indianexpress.com/aboutsitemap93.xml"", ""https://indianexpress.com/aboutsitemap94.xml"", ""https://indianexpress.com/aboutsitemap95.xml"", ""https://indianexpress.com/aboutsitemap96.xml"", ""https://indianexpress.com/aboutsitemap97.xml"", ""https://indianexpress.com/aboutsitemap98.xml"", ""https://indianexpress.com/aboutsitemap99.xml"", ""https://indianexpress.com/aboutsitemap100.xml"", ""https://indianexpress.com/aboutsitemap101.xml"", ""https://indianexpress.com/aboutsitemap102.xml"", ""https://indianexpress.com/aboutsitemap103.xml"", ""https://indianexpress.com/aboutsitemap104.xml"", ""https://indianexpress.com/aboutsitemap105.xml"", ""https://indianexpress.com/aboutsitemap106.xml"", ""https://indianexpress.com/aboutsitemap107.xml"", ""https://indianexpress.com/aboutsitemap108.xml"", ""https://indianexpress.com/aboutsitemap109.xml"", ""https://indianexpress.com/aboutsitemap110.xml"", ""https://indianexpress.com/aboutsitemap111.xml"", ""https://indianexpress.com/aboutsitemap112.xml"", ""https://indianexpress.com/aboutsitemap113.xml"", ""https://indianexpress.com/aboutsitemap114.xml"", ""https://indianexpress.com/aboutsitemap115.xml""]",120,200,"Latest News Today, Breaking News, India News, Top Headlines | The Indian Express",19412,531,True,326,False,True,True,True,rss_then_article_extract,medium,active,,2026-05-17 19:07:30.323410
interfax_com,https://interfax.com/,https://interfax.com/,interfax.com,https,https://interfax.com/,https://interfax.com/robots.txt,False,[],False,True,False,,,False,[],0,False,[],0,0,,0,0,False,0,False,False,False,False,manual_review,unknown,review,"[SSL: CERTIFICATE_VERIFY_FAILED] certificate verify failed: unable to get local issuer certificate (_ssl.c:1000)
Traceback (most recent call last):
  File ""C:\Users\lehoa\AppData\Roaming\Python\Python312\site-packages\httpx\_transports\default.py"", line 101, in map_httpcore_exceptions
    yield
  File ""C:\Users\lehoa\AppData\Roaming\Python\Python312\site-packages\httpx\_transports\default.py"", line 250, in handle_request
    resp = self._pool.handle_request(req)
           ^^^^^^^^^^^^^^^^^^^^^^^^^^^^^^
  File ""C:\Users\lehoa\AppData\Roaming\Python\Python312\site-packages\httpcore\_sync\connection_pool.py"", line 256, in handle_request
    raise exc from None
  File ""C:\Users\lehoa\AppData\Roaming\Python\Python312\site-packages\httpcore\_sync\connection_pool.py"", line 236, in handle_request
    response = connection.handle_request(
               ^^^^^^^^^^^^^^^^^^^^^^^^^^
  File ""C:\Users\lehoa\AppData\Roaming\Python\Python312\site-packages\httpcore\_sync\connection.py"", line 101, in handle_request
    raise exc
httpcore.ConnectError: [SSL: CERTIFICATE_VERIFY_FAILED] certificate verify failed: unable to get local issuer certificate (_ssl.c:1000)

The above exception was the direct cause of the following exception:

Traceback (most recent call last):
  File ""D:\cursor\LEONCODE\CRAWL WEB\leon_web_intel\src\profiler\source_profiler.py"", line 281, in profile_source
    probe = run_html_probe(norm, homepage_url, self.rules, self._fetch_text, self.raw_store)
            ^^^^^^^^^^^^^^^^^^^^^^^^^^^^^^^^^^^^^^^^^^^^^^^^^^^^^^^^^^^^^^^^^^^^^^^^^^^^^^^^
  File ""D:\cursor\LEONCODE\CRAWL WEB\leon_web_intel\src\profiler\html_probe.py"", line 38, in run_html_probe
    status, html = fetch_text(homepage_url)
                   ^^^^^^^^^^^^^^^^^^^^^^^^
  File ""D:\cursor\LEONCODE\CRAWL WEB\leon_web_intel\src\profiler\source_profiler.py"", line 211, in _fetch_text
    return self.http.get_text(url)
           ^^^^^^^^^^^^^^^^^^^^^^^
  File ""D:\cursor\LEONCODE\CRAWL WEB\leon_web_intel\src\utils\cache.py"", line 152, in get_text
    entry = self.get(url)
            ^^^^^^^^^^^^^
  File ""D:\cursor\LEONCODE\CRAWL WEB\leon_web_intel\src\utils\cache.py"", line 142, in get
    entry = self._fetch_uncached(url)
            ^^^^^^^^^^^^^^^^^^^^^^^^^
httpx.ConnectError: [SSL: CERTIFICATE_VERIFY_FAILED] certificate verify failed: unable to get local issuer certificate (_ssl.c:1000)
",2026-05-17 19:12:53.213606
japantimes_co_jp,https://www.japantimes.co.jp/,https://www.japantimes.co.jp/,japantimes.co.jp,https,https://www.japantimes.co.jp/,https://www.japantimes.co.jp/robots.txt,True,[],False,True,False,,,False,[],0,False,[],0,403,,0,0,False,0,True,True,False,False,playwright_fallback,medium,active_candidate,,2026-05-17 19:08:47.278366
jpx_co_jp,https://www.jpx.co.jp/english/,https://www.jpx.co.jp/english,jpx.co.jp,https,https://www.jpx.co.jp/english,https://www.jpx.co.jp/robots.txt,True,"[""https://www.jpx.co.jp/sitemap.xml""]",False,True,False,,,False,[],0,True,"[""https://www.jpx.co.jp/sitemap.xml""]",1,200,Japan Exchange Group,5249,117,True,1103,False,True,False,False,sitemap_then_article_extract,medium,active,,2026-05-17 19:09:24.781351
khaleejtimes_com,https://www.khaleejtimes.com/,https://www.khaleejtimes.com/,khaleejtimes.com,https,https://www.khaleejtimes.com/,https://www.khaleejtimes.com/robots.txt,True,"[""https://www.khaleejtimes.com/sitemap.xml"", ""https://www.khaleejtimes.com/news_sitemap.xml"", ""https://www.khaleejtimes.com/arabic/sitemap.xml"", ""https://www.khaleejtimes.com/arabic/news_sitemap.xml""]",True,True,False,,,True,"[""https://www.khaleejtimes.com/api/v1/collections/top-section.rss""]",1,True,"[""https://www.khaleejtimes.com/sitemap.xml"", ""https://www.khaleejtimes.com/sitemap/sitemap-static-pages.xml"", ""https://www.khaleejtimes.com/sitemap/sitemap-section.xml"", ""https://www.khaleejtimes.com/sitemap/sitemap-daily-2026-05-17.xml"", ""https://www.khaleejtimes.com/sitemap/sitemap-daily-2026-05-16.xml"", ""https://www.khaleejtimes.com/sitemap/sitemap-daily-2026-05-15.xml"", ""https://www.khaleejtimes.com/sitemap/sitemap-daily-2026-05-14.xml"", ""https://www.khaleejtimes.com/sitemap/sitemap-daily-2026-05-13.xml"", ""https://www.khaleejtimes.com/sitemap/sitemap-daily-2026-05-12.xml"", ""https://www.khaleejtimes.com/sitemap/sitemap-daily-2026-05-11.xml"", ""https://www.khaleejtimes.com/sitemap/sitemap-daily-2026-05-10.xml"", ""https://www.khaleejtimes.com/sitemap/sitemap-daily-2026-05-09.xml"", ""https://www.khaleejtimes.com/sitemap/sitemap-daily-2026-05-08.xml"", ""https://www.khaleejtimes.com/sitemap/sitemap-daily-2026-05-07.xml"", ""https://www.khaleejtimes.com/sitemap/sitemap-daily-2026-05-06.xml"", ""https://www.khaleejtimes.com/sitemap/sitemap-daily-2026-05-05.xml"", ""https://www.khaleejtimes.com/sitemap/sitemap-daily-2026-05-04.xml"", ""https://www.khaleejtimes.com/sitemap/sitemap-daily-2026-05-03.xml"", ""https://www.khaleejtimes.com/sitemap/sitemap-daily-2026-05-02.xml"", ""https://www.khaleejtimes.com/sitemap/sitemap-daily-2026-05-01.xml"", ""https://www.khaleejtimes.com/sitemap/sitemap-daily-2026-04-30.xml"", ""https://www.khaleejtimes.com/sitemap/sitemap-daily-2026-04-29.xml"", ""https://www.khaleejtimes.com/sitemap/sitemap-daily-2026-04-28.xml"", ""https://www.khaleejtimes.com/sitemap/sitemap-daily-2026-04-27.xml"", ""https://www.khaleejtimes.com/sitemap/sitemap-daily-2026-04-26.xml"", ""https://www.khaleejtimes.com/sitemap/sitemap-daily-2026-04-25.xml"", ""https://www.khaleejtimes.com/sitemap/sitemap-daily-2026-04-24.xml"", ""https://www.khaleejtimes.com/sitemap/sitemap-daily-2026-04-23.xml"", ""https://www.khaleejtimes.com/sitemap/sitemap-daily-2026-04-22.xml"", ""https://www.khaleejtimes.com/sitemap/sitemap-daily-2026-04-21.xml"", ""https://www.khaleejtimes.com/sitemap/sitemap-daily-2026-04-20.xml"", ""https://www.khaleejtimes.com/sitemap/sitemap-daily-2026-04-19.xml"", ""https://www.khaleejtimes.com/sitemap/sitemap-daily-2026-04-18.xml"", ""https://www.khaleejtimes.com/sitemap/sitemap-daily-2026-04-17.xml"", ""https://www.khaleejtimes.com/sitemap/sitemap-daily-2026-04-08.xml"", ""https://www.khaleejtimes.com/sitemap/sitemap-daily-2026-04-06.xml"", ""https://www.khaleejtimes.com/sitemap/sitemap-daily-2026-04-05.xml"", ""https://www.khaleejtimes.com/sitemap/sitemap-daily-2025-12-09.xml"", ""https://www.khaleejtimes.com/sitemap/sitemap-daily-2025-10-14.xml"", ""https://www.khaleejtimes.com/sitemap/sitemap-daily-2025-10-13.xml"", ""https://www.khaleejtimes.com/sitemap/sitemap-daily-2024-08-25.xml"", ""https://www.khaleejtimes.com/sitemap/sitemap-daily-2023-06-15.xml"", ""https://www.khaleejtimes.com/sitemap/sitemap-daily-2022-10-11.xml"", ""https://www.khaleejtimes.com/news_sitemap.xml""]",44,200,"Khaleej Times - Dubai News, UAE News, Gulf, News, Latest news, Arab news, Gulf News, Dubai Labour News",4673,195,True,255,False,True,False,True,rss_then_article_extract,medium,active,,2026-05-17 19:11:43.632184
knbs_or_ke,https://www.knbs.or.ke/,https://www.knbs.or.ke/,knbs.or.ke,https,https://www.knbs.or.ke/,https://www.knbs.or.ke/robots.txt,False,[],False,True,False,,,False,[],0,False,[],0,0,,0,0,False,0,False,False,False,False,manual_review,unknown,review,"[SSL: CERTIFICATE_VERIFY_FAILED] certificate verify failed: unable to get local issuer certificate (_ssl.c:1000)
Traceback (most recent call last):
  File ""C:\Users\lehoa\AppData\Roaming\Python\Python312\site-packages\httpx\_transports\default.py"", line 101, in map_httpcore_exceptions
    yield
  File ""C:\Users\lehoa\AppData\Roaming\Python\Python312\site-packages\httpx\_transports\default.py"", line 250, in handle_request
    resp = self._pool.handle_request(req)
           ^^^^^^^^^^^^^^^^^^^^^^^^^^^^^^
  File ""C:\Users\lehoa\AppData\Roaming\Python\Python312\site-packages\httpcore\_sync\connection_pool.py"", line 256, in handle_request
    raise exc from None
  File ""C:\Users\lehoa\AppData\Roaming\Python\Python312\site-packages\httpcore\_sync\connection_pool.py"", line 236, in handle_request
    response = connection.handle_request(
               ^^^^^^^^^^^^^^^^^^^^^^^^^^
  File ""C:\Users\lehoa\AppData\Roaming\Python\Python312\site-packages\httpcore\_sync\connection.py"", line 101, in handle_request
    raise exc
httpcore.ConnectError: [SSL: CERTIFICATE_VERIFY_FAILED] certificate verify failed: unable to get local issuer certificate (_ssl.c:1000)

The above exception was the direct cause of the following exception:

Traceback (most recent call last):
  File ""D:\cursor\LEONCODE\CRAWL WEB\leon_web_intel\src\profiler\source_profiler.py"", line 281, in profile_source
    probe = run_html_probe(norm, homepage_url, self.rules, self._fetch_text, self.raw_store)
            ^^^^^^^^^^^^^^^^^^^^^^^^^^^^^^^^^^^^^^^^^^^^^^^^^^^^^^^^^^^^^^^^^^^^^^^^^^^^^^^^
  File ""D:\cursor\LEONCODE\CRAWL WEB\leon_web_intel\src\profiler\html_probe.py"", line 38, in run_html_probe
    status, html = fetch_text(homepage_url)
                   ^^^^^^^^^^^^^^^^^^^^^^^^
  File ""D:\cursor\LEONCODE\CRAWL WEB\leon_web_intel\src\profiler\source_profiler.py"", line 211, in _fetch_text
    return self.http.get_text(url)
           ^^^^^^^^^^^^^^^^^^^^^^^
  File ""D:\cursor\LEONCODE\CRAWL WEB\leon_web_intel\src\utils\cache.py"", line 152, in get_text
    entry = self.get(url)
            ^^^^^^^^^^^^^
  File ""D:\cursor\LEONCODE\CRAWL WEB\leon_web_intel\src\utils\cache.py"", line 142, in get
    entry = self._fetch_uncached(url)
            ^^^^^^^^^^^^^^^^^^^^^^^^^
httpx.ConnectError: [SSL: CERTIFICATE_VERIFY_FAILED] certificate verify failed: unable to get local issuer certificate (_ssl.c:1000)
",2026-05-17 19:15:20.679633
kompas_com,https://www.kompas.com/,https://www.kompas.com/,kompas.com,https,https://www.kompas.com/,https://www.kompas.com/robots.txt,True,"[""https://www.kompas.com/sitemap.xml""]",True,True,False,,,False,[],0,True,"[""https://www.kompas.com/sitemap.xml"", ""https://www.kompas.com/sitemap-basic.xml"", ""https://www.kompas.com/sitemap-news-tren.xml"", ""https://www.kompas.com/sitemap-news-edu.xml"", ""https://www.kompas.com/sitemap-news-hype.xml"", ""https://www.kompas.com/sitemap-news-food.xml"", ""https://www.kompas.com/sitemap-news-global.xml"", ""https://www.kompas.com/sitemap-news-homey.xml"", ""https://www.kompas.com/sitemap-news-properti.xml"", ""https://www.kompas.com/sitemap-news-jawa-barat.xml"", ""https://www.kompas.com/sitemap-news-jawa-tengah.xml"", ""https://www.kompas.com/sitemap-news-jawa-timur.xml"", ""https://www.kompas.com/sitemap-news-banten.xml"", ""https://www.kompas.com/sitemap-news-lampung.xml"", ""https://www.kompas.com/sitemap-news-kalimantan-barat.xml"", ""https://www.kompas.com/sitemap-news-kalimantan-timur.xml"", ""https://www.kompas.com/sitemap-news-sumatera-utara.xml"", ""https://www.kompas.com/sitemap-news-sumatera-barat.xml"", ""https://www.kompas.com/sitemap-news-sulawesi-selatan.xml"", ""https://www.kompas.com/sitemap-news-riau.xml"", ""https://www.kompas.com/sitemap-news-sains.xml"", ""https://www.kompas.com/sitemap-news-sport.xml"", ""https://www.kompas.com/sitemap-news-skola.xml"", ""https://www.kompas.com/sitemap-news-badminton.xml"", ""https://www.kompas.com/sitemap-news-motogp.xml"", ""https://www.kompas.com/sitemap-news-cekfakta.xml"", ""https://www.kompas.com/sitemap-archive-tren.xml"", ""https://www.kompas.com/sitemap-archive-edu.xml"", ""https://www.kompas.com/sitemap-archive-hype.xml"", ""https://www.kompas.com/sitemap-archive-food.xml"", ""https://www.kompas.com/sitemap-archive-global.xml"", ""https://www.kompas.com/sitemap-archive-homey.xml"", ""https://www.kompas.com/sitemap-archive-properti.xml"", ""https://www.kompas.com/sitemap-archive-jawa-barat.xml"", ""https://www.kompas.com/sitemap-archive-jawa-tengah.xml"", ""https://www.kompas.com/sitemap-archive-jawa-timur.xml"", ""https://www.kompas.com/sitemap-archive-banten.xml"", ""https://www.kompas.com/sitemap-archive-lampung.xml"", ""https://www.kompas.com/sitemap-archive-kalimantan-barat.xml"", ""https://www.kompas.com/sitemap-archive-kalimantan-timur.xml"", ""https://www.kompas.com/sitemap-archive-sumatera-utara.xml"", ""https://www.kompas.com/sitemap-archive-sumatera-barat.xml"", ""https://www.kompas.com/sitemap-archive-sulawesi-selatan.xml"", ""https://www.kompas.com/sitemap-archive-riau.xml"", ""https://www.kompas.com/sitemap-archive-sains.xml"", ""https://www.kompas.com/sitemap-archive-sport.xml"", ""https://www.kompas.com/sitemap-archive-skola.xml"", ""https://www.kompas.com/sitemap-archive-badminton.xml"", ""https://www.kompas.com/sitemap-archive-motogp.xml"", ""https://www.kompas.com/sitemap-archive-cekfakta.xml""]",50,200,"Berita Terkini Hari Ini, Kabar Akurat Terpercaya - Kompas.com",16226,475,True,567,False,True,False,True,sitemap_then_article_extract,medium,active,,2026-05-17 19:11:32.760503
koreaherald_com,https://www.koreaherald.com/,https://www.koreaherald.com/,koreaherald.com,https,https://www.koreaherald.com/,https://www.koreaherald.com/robots.txt,True,"[""https://www.koreaherald.com/portal/google/sectionsitemap"", ""https://www.koreaherald.com/sitemap/latest-articles"", ""https://www.koreaherald.com/sitemap/articles/2026"", ""https://www.koreaherald.com/sitemap/articles/2025"", ""https://www.koreaherald.com/sitemap/articles/2024"", ""https://www.koreaherald.com/sitemap/articles/2023"", ""https://www.koreaherald.com/sitemap/articles/2022"", ""https://www.koreaherald.com/sitemap/articles/2021"", ""https://www.koreaherald.com/sitemap/articles/2020"", ""https://www.koreaherald.com/sitemap/articles/2019"", ""https://www.koreaherald.com/sitemap/articles/2018"", ""https://www.koreaherald.com/sitemap/articles/2017"", ""https://www.koreaherald.com/sitemap/articles/2016"", ""https://www.koreaherald.com/sitemap/articles/2015""]",True,True,False,,,True,"[""https://www.koreaherald.com/rss/newsAll""]",1,True,"[""https://www.koreaherald.com/portal/google/sectionsitemap"", ""https://www.koreaherald.com/sitemap/latest-articles"", ""https://www.koreaherald.com/sitemap/articles/2026"", ""https://www.koreaherald.com/sitemap/articles/2026/20260101"", ""https://www.koreaherald.com/sitemap/articles/2026/20260102"", ""https://www.koreaherald.com/sitemap/articles/2026/20260103"", ""https://www.koreaherald.com/sitemap/articles/2026/20260104"", ""https://www.koreaherald.com/sitemap/articles/2026/20260105"", ""https://www.koreaherald.com/sitemap/articles/2026/20260106"", ""https://www.koreaherald.com/sitemap/articles/2026/20260107"", ""https://www.koreaherald.com/sitemap/articles/2026/20260108"", ""https://www.koreaherald.com/sitemap/articles/2026/20260109"", ""https://www.koreaherald.com/sitemap/articles/2026/20260110"", ""https://www.koreaherald.com/sitemap/articles/2026/20260111"", ""https://www.koreaherald.com/sitemap/articles/2026/20260112"", ""https://www.koreaherald.com/sitemap/articles/2026/20260113"", ""https://www.koreaherald.com/sitemap/articles/2026/20260114"", ""https://www.koreaherald.com/sitemap/articles/2026/20260115"", ""https://www.koreaherald.com/sitemap/articles/2026/20260116"", ""https://www.koreaherald.com/sitemap/articles/2026/20260117"", ""https://www.koreaherald.com/sitemap/articles/2026/20260118"", ""https://www.koreaherald.com/sitemap/articles/2026/20260119"", ""https://www.koreaherald.com/sitemap/articles/2026/20260120"", ""https://www.koreaherald.com/sitemap/articles/2026/20260121"", ""https://www.koreaherald.com/sitemap/articles/2026/20260122"", ""https://www.koreaherald.com/sitemap/articles/2026/20260123"", ""https://www.koreaherald.com/sitemap/articles/2026/20260124"", ""https://www.koreaherald.com/sitemap/articles/2026/20260125"", ""https://www.koreaherald.com/sitemap/articles/2026/20260126"", ""https://www.koreaherald.com/sitemap/articles/2026/20260127"", ""https://www.koreaherald.com/sitemap/articles/2026/20260128"", ""https://www.koreaherald.com/sitemap/articles/2026/20260129"", ""https://www.koreaherald.com/sitemap/articles/2026/20260130"", ""https://www.koreaherald.com/sitemap/articles/2026/20260131"", ""https://www.koreaherald.com/sitemap/articles/2026/20260201"", ""https://www.koreaherald.com/sitemap/articles/2026/20260202"", ""https://www.koreaherald.com/sitemap/articles/2026/20260203"", ""https://www.koreaherald.com/sitemap/articles/2026/20260204"", ""https://www.koreaherald.com/sitemap/articles/2026/20260205"", ""https://www.koreaherald.com/sitemap/articles/2026/20260206"", ""https://www.koreaherald.com/sitemap/articles/2026/20260207"", ""https://www.koreaherald.com/sitemap/articles/2026/20260208"", ""https://www.koreaherald.com/sitemap/articles/2026/20260209"", ""https://www.koreaherald.com/sitemap/articles/2026/20260210"", ""https://www.koreaherald.com/sitemap/articles/2026/20260211"", ""https://www.koreaherald.com/sitemap/articles/2026/20260212"", ""https://www.koreaherald.com/sitemap/articles/2026/20260213"", ""https://www.koreaherald.com/sitemap/articles/2026/20260214"", ""https://www.koreaherald.com/sitemap/articles/2026/20260215"", ""https://www.koreaherald.com/sitemap/articles/2026/20260216"", ""https://www.koreaherald.com/sitemap/articles/2026/20260217"", ""https://www.koreaherald.com/sitemap/articles/2026/20260218"", ""https://www.koreaherald.com/sitemap/articles/2026/20260219"", ""https://www.koreaherald.com/sitemap/articles/2026/20260220"", ""https://www.koreaherald.com/sitemap/articles/2026/20260221"", ""https://www.koreaherald.com/sitemap/articles/2026/20260222"", ""https://www.koreaherald.com/sitemap/articles/2026/20260223"", ""https://www.koreaherald.com/sitemap/articles/2026/20260224"", ""https://www.koreaherald.com/sitemap/articles/2026/20260225"", ""https://www.koreaherald.com/sitemap/articles/2026/20260226"", ""https://www.koreaherald.com/sitemap/articles/2026/20260227"", ""https://www.koreaherald.com/sitemap/articles/2026/20260228"", ""https://www.koreaherald.com/sitemap/articles/2026/20260301"", ""https://www.koreaherald.com/sitemap/articles/2026/20260302"", ""https://www.koreaherald.com/sitemap/articles/2026/20260303"", ""https://www.koreaherald.com/sitemap/articles/2026/20260304"", ""https://www.koreaherald.com/sitemap/articles/2026/20260305"", ""https://www.koreaherald.com/sitemap/articles/2026/20260306"", ""https://www.koreaherald.com/sitemap/articles/2026/20260307"", ""https://www.koreaherald.com/sitemap/articles/2026/20260308"", ""https://www.koreaherald.com/sitemap/articles/2026/20260309"", ""https://www.koreaherald.com/sitemap/articles/2026/20260310"", ""https://www.koreaherald.com/sitemap/articles/2026/20260311"", ""https://www.koreaherald.com/sitemap/articles/2026/20260312"", ""https://www.koreaherald.com/sitemap/articles/2026/20260313"", ""https://www.koreaherald.com/sitemap/articles/2026/20260314"", ""https://www.koreaherald.com/sitemap/articles/2026/20260315"", ""https://www.koreaherald.com/sitemap/articles/2026/20260316"", ""https://www.koreaherald.com/sitemap/articles/2026/20260317"", ""https://www.koreaherald.com/sitemap/articles/2026/20260318"", ""https://www.koreaherald.com/sitemap/articles/2026/20260319"", ""https://www.koreaherald.com/sitemap/articles/2026/20260320"", ""https://www.koreaherald.com/sitemap/articles/2026/20260321"", ""https://www.koreaherald.com/sitemap/articles/2026/20260322"", ""https://www.koreaherald.com/sitemap/articles/2026/20260323"", ""https://www.koreaherald.com/sitemap/articles/2026/20260324"", ""https://www.koreaherald.com/sitemap/articles/2026/20260325"", ""https://www.koreaherald.com/sitemap/articles/2026/20260326"", ""https://www.koreaherald.com/sitemap/articles/2026/20260327"", ""https://www.koreaherald.com/sitemap/articles/2026/20260328"", ""https://www.koreaherald.com/sitemap/articles/2026/20260329"", ""https://www.koreaherald.com/sitemap/articles/2026/20260330"", ""https://www.koreaherald.com/sitemap/articles/2026/20260331"", ""https://www.koreaherald.com/sitemap/articles/2026/20260401"", ""https://www.koreaherald.com/sitemap/articles/2026/20260402"", ""https://www.koreaherald.com/sitemap/articles/2026/20260403"", ""https://www.koreaherald.com/sitemap/articles/2026/20260404"", ""https://www.koreaherald.com/sitemap/articles/2026/20260405"", ""https://www.koreaherald.com/sitemap/articles/2026/20260406"", ""https://www.koreaherald.com/sitemap/articles/2026/20260407"", ""https://www.koreaherald.com/sitemap/articles/2026/20260408"", ""https://www.koreaherald.com/sitemap/articles/2026/20260409"", ""https://www.koreaherald.com/sitemap/articles/2026/20260410"", ""https://www.koreaherald.com/sitemap/articles/2026/20260411"", ""https://www.koreaherald.com/sitemap/articles/2026/20260412"", ""https://www.koreaherald.com/sitemap/articles/2026/20260413"", ""https://www.koreaherald.com/sitemap/articles/2026/20260414"", ""https://www.koreaherald.com/sitemap/articles/2026/20260415"", ""https://www.koreaherald.com/sitemap/articles/2026/20260416"", ""https://www.koreaherald.com/sitemap/articles/2026/20260417"", ""https://www.koreaherald.com/sitemap/articles/2026/20260418"", ""https://www.koreaherald.com/sitemap/articles/2026/20260419"", ""https://www.koreaherald.com/sitemap/articles/2026/20260420"", ""https://www.koreaherald.com/sitemap/articles/2026/20260421"", ""https://www.koreaherald.com/sitemap/articles/2026/20260422"", ""https://www.koreaherald.com/sitemap/articles/2026/20260423"", ""https://www.koreaherald.com/sitemap/articles/2026/20260424"", ""https://www.koreaherald.com/sitemap/articles/2026/20260425"", ""https://www.koreaherald.com/sitemap/articles/2026/20260426"", ""https://www.koreaherald.com/sitemap/articles/2026/20260427""]",120,200,The Korea Herald,8470,210,True,1240,False,True,False,True,rss_then_article_extract,medium,active,,2026-05-17 19:09:31.864038
koreatimes_co_kr,https://www.koreatimes.co.kr/,https://www.koreatimes.co.kr/,koreatimes.co.kr,https,https://www.koreatimes.co.kr/,https://www.koreatimes.co.kr/robots.txt,True,"[""https://www.koreatimes.co.kr/sitemap/sitemap.xml""]",True,True,False,,,False,[],0,True,"[""https://www.koreatimes.co.kr/sitemap/sitemap.xml"", ""https://www.koreatimes.co.kr/sitemap/sitemap-sections.xml"", ""https://www.koreatimes.co.kr/sitemap/sitemap-news.xml""]",3,200,The Korea Times,25691,122,True,1843,False,True,False,True,sitemap_then_article_extract,medium,active,,2026-05-17 19:09:32.003034
kyivindependent_com,https://kyivindependent.com/,https://kyivindependent.com/,kyivindependent.com,https,https://kyivindependent.com/,https://kyivindependent.com/robots.txt,True,"[""https://kyivindependent.com/news-sitemap.xml"", ""https://kyivindependent.com/sitemap.xml""]",True,True,False,,,True,"[""https://kyivindependent.com/news-archive/rss/""]",1,True,"[""https://kyivindependent.com/news-sitemap.xml"", ""https://kyivindependent.com/sitemap.xml"", ""https://kyivindependent.com/sitemap-pages.xml"", ""https://kyivindependent.com/sitemap-posts.xml"", ""https://kyivindependent.com/sitemap-posts-2.xml"", ""https://kyivindependent.com/sitemap-posts-3.xml"", ""https://kyivindependent.com/sitemap-posts-4.xml"", ""https://kyivindependent.com/sitemap-posts-5.xml"", ""https://kyivindependent.com/sitemap-posts-6.xml"", ""https://kyivindependent.com/sitemap-posts-7.xml"", ""https://kyivindependent.com/sitemap-posts-8.xml"", ""https://kyivindependent.com/sitemap-posts-9.xml"", ""https://kyivindependent.com/sitemap-posts-10.xml"", ""https://kyivindependent.com/sitemap-posts-11.xml"", ""https://kyivindependent.com/sitemap-posts-12.xml"", ""https://kyivindependent.com/sitemap-posts-13.xml"", ""https://kyivindependent.com/sitemap-posts-14.xml"", ""https://kyivindependent.com/sitemap-posts-15.xml"", ""https://kyivindependent.com/sitemap-posts-16.xml"", ""https://kyivindependent.com/sitemap-posts-17.xml"", ""https://kyivindependent.com/sitemap-posts-18.xml"", ""https://kyivindependent.com/sitemap-posts-19.xml"", ""https://kyivindependent.com/sitemap-posts-20.xml"", ""https://kyivindependent.com/sitemap-posts-21.xml"", ""https://kyivindependent.com/sitemap-posts-22.xml"", ""https://kyivindependent.com/sitemap-posts-23.xml"", ""https://kyivindependent.com/sitemap-posts-24.xml"", ""https://kyivindependent.com/sitemap-posts-25.xml"", ""https://kyivindependent.com/sitemap-posts-26.xml"", ""https://kyivindependent.com/sitemap-posts-27.xml"", ""https://kyivindependent.com/sitemap-posts-28.xml"", ""https://kyivindependent.com/sitemap-posts-29.xml"", ""https://kyivindependent.com/sitemap-posts-30.xml"", ""https://kyivindependent.com/sitemap-posts-31.xml"", ""https://kyivindependent.com/sitemap-posts-32.xml"", ""https://kyivindependent.com/sitemap-posts-33.xml"", ""https://kyivindependent.com/sitemap-posts-34.xml"", ""https://kyivindependent.com/sitemap-posts-35.xml"", ""https://kyivindependent.com/sitemap-posts-36.xml"", ""https://kyivindependent.com/sitemap-posts-37.xml"", ""https://kyivindependent.com/sitemap-posts-38.xml"", ""https://kyivindependent.com/sitemap-posts-39.xml"", ""https://kyivindependent.com/sitemap-posts-40.xml"", ""https://kyivindependent.com/sitemap-posts-41.xml"", ""https://kyivindependent.com/sitemap-posts-42.xml"", ""https://kyivindependent.com/sitemap-posts-43.xml"", ""https://kyivindependent.com/sitemap-posts-44.xml"", ""https://kyivindependent.com/sitemap-posts-45.xml"", ""https://kyivindependent.com/sitemap-posts-46.xml"", ""https://kyivindependent.com/sitemap-posts-47.xml"", ""https://kyivindependent.com/sitemap-posts-48.xml"", ""https://kyivindependent.com/sitemap-posts-49.xml"", ""https://kyivindependent.com/sitemap-authors.xml"", ""https://kyivindependent.com/sitemap-tags.xml"", ""https://kyivindependent.com/sitemap-tags-2.xml"", ""https://kyivindependent.com/sitemap-news.xml""]",56,200,"The Kyiv Independent — News from Ukraine, Eastern Europe",12050,168,True,4694,False,True,True,False,rss_then_article_extract,medium,active,,2026-05-17 19:12:37.543652
lanacion_com_ar,https://www.lanacion.com.ar/,https://www.lanacion.com.ar/,lanacion.com.ar,https,https://www.lanacion.com.ar/,https://www.lanacion.com.ar/robots.txt,True,"[""https://www.lanacion.com.ar/sitemap-index.xml"", ""https://www.lanacion.com.ar/sitemap-news.xml"", ""https://www.lanacion.com.ar/sitemap-videos-jw.xml"", ""https://www.lanacion.com.ar/sitemap-index-historico.xml"", ""https://www.lanacion.com.ar/sitemap-articles-evergreen.xml""]",True,True,False,,,True,"[""https://www.lanacion.com.ar/arc/outboundfeeds/rss/""]",1,True,"[""https://www.lanacion.com.ar/sitemap-index.xml"", ""https://www.lanacion.com.ar/sitemap-articles-0.xml"", ""https://www.lanacion.com.ar/sitemap-articles-1.xml"", ""https://www.lanacion.com.ar/sitemap-sections.xml"", ""https://www.lanacion.com.ar/sitemap-authors.xml"", ""https://www.lanacion.com.ar/sitemap-tags-evergreen.xml"", ""https://www.lanacion.com.ar/sitemap-others.xml"", ""https://www.lanacion.com.ar/sitemap-news.xml"", ""https://www.lanacion.com.ar/sitemap-videos-jw.xml"", ""https://www.lanacion.com.ar/sitemap-index-historico.xml"", ""https://www.lanacion.com.ar/sitemap-articles-from2026-05-15T00:00:00Z-to2026-05-16T00:00:00Z.xml"", ""https://www.lanacion.com.ar/sitemap-articles-from2026-05-14T00:00:00Z-to2026-05-15T00:00:00Z.xml"", ""https://www.lanacion.com.ar/sitemap-articles-from2026-05-13T00:00:00Z-to2026-05-14T00:00:00Z.xml"", ""https://www.lanacion.com.ar/sitemap-articles-from2026-05-12T00:00:00Z-to2026-05-13T00:00:00Z.xml"", ""https://www.lanacion.com.ar/sitemap-articles-from2026-05-11T00:00:00Z-to2026-05-12T00:00:00Z.xml"", ""https://www.lanacion.com.ar/sitemap-articles-from2026-05-10T00:00:00Z-to2026-05-11T00:00:00Z.xml"", ""https://www.lanacion.com.ar/sitemap-articles-from2026-05-09T00:00:00Z-to2026-05-10T00:00:00Z.xml"", ""https://www.lanacion.com.ar/sitemap-articles-from2026-05-08T00:00:00Z-to2026-05-09T00:00:00Z.xml"", ""https://www.lanacion.com.ar/sitemap-articles-from2026-05-07T00:00:00Z-to2026-05-08T00:00:00Z.xml"", ""https://www.lanacion.com.ar/sitemap-articles-from2026-05-06T00:00:00Z-to2026-05-07T00:00:00Z.xml"", ""https://www.lanacion.com.ar/sitemap-articles-from2026-05-05T00:00:00Z-to2026-05-06T00:00:00Z.xml"", ""https://www.lanacion.com.ar/sitemap-articles-from2026-05-04T00:00:00Z-to2026-05-05T00:00:00Z.xml"", ""https://www.lanacion.com.ar/sitemap-articles-from2026-05-03T00:00:00Z-to2026-05-04T00:00:00Z.xml"", ""https://www.lanacion.com.ar/sitemap-articles-from2026-05-02T00:00:00Z-to2026-05-03T00:00:00Z.xml"", ""https://www.lanacion.com.ar/sitemap-articles-from2026-05-01T00:00:00Z-to2026-05-02T00:00:00Z.xml"", ""https://www.lanacion.com.ar/sitemap-articles-from2026-04-30T00:00:00Z-to2026-05-01T00:00:00Z.xml"", ""https://www.lanacion.com.ar/sitemap-articles-from2026-04-29T00:00:00Z-to2026-04-30T00:00:00Z.xml"", ""https://www.lanacion.com.ar/sitemap-articles-from2026-04-28T00:00:00Z-to2026-04-29T00:00:00Z.xml"", ""https://www.lanacion.com.ar/sitemap-articles-from2026-04-27T00:00:00Z-to2026-04-28T00:00:00Z.xml"", ""https://www.lanacion.com.ar/sitemap-articles-from2026-04-26T00:00:00Z-to2026-04-27T00:00:00Z.xml"", ""https://www.lanacion.com.ar/sitemap-articles-from2026-04-25T00:00:00Z-to2026-04-26T00:00:00Z.xml"", ""https://www.lanacion.com.ar/sitemap-articles-from2026-04-24T00:00:00Z-to2026-04-25T00:00:00Z.xml"", ""https://www.lanacion.com.ar/sitemap-articles-from2026-04-23T00:00:00Z-to2026-04-24T00:00:00Z.xml"", ""https://www.lanacion.com.ar/sitemap-articles-from2026-04-22T00:00:00Z-to2026-04-23T00:00:00Z.xml"", ""https://www.lanacion.com.ar/sitemap-articles-from2026-04-21T00:00:00Z-to2026-04-22T00:00:00Z.xml"", ""https://www.lanacion.com.ar/sitemap-articles-from2026-04-20T00:00:00Z-to2026-04-21T00:00:00Z.xml"", ""https://www.lanacion.com.ar/sitemap-articles-from2026-04-19T00:00:00Z-to2026-04-20T00:00:00Z.xml"", ""https://www.lanacion.com.ar/sitemap-articles-from2026-04-18T00:00:00Z-to2026-04-19T00:00:00Z.xml"", ""https://www.lanacion.com.ar/sitemap-articles-from2026-04-17T00:00:00Z-to2026-04-18T00:00:00Z.xml"", ""https://www.lanacion.com.ar/sitemap-articles-from2026-04-16T00:00:00Z-to2026-04-17T00:00:00Z.xml"", ""https://www.lanacion.com.ar/sitemap-articles-from2026-04-15T00:00:00Z-to2026-04-16T00:00:00Z.xml"", ""https://www.lanacion.com.ar/sitemap-articles-from2026-04-14T00:00:00Z-to2026-04-15T00:00:00Z.xml"", ""https://www.lanacion.com.ar/sitemap-articles-from2026-04-13T00:00:00Z-to2026-04-14T00:00:00Z.xml"", ""https://www.lanacion.com.ar/sitemap-articles-from2026-04-12T00:00:00Z-to2026-04-13T00:00:00Z.xml"", ""https://www.lanacion.com.ar/sitemap-articles-from2026-04-11T00:00:00Z-to2026-04-12T00:00:00Z.xml"", ""https://www.lanacion.com.ar/sitemap-articles-from2026-04-10T00:00:00Z-to2026-04-11T00:00:00Z.xml"", ""https://www.lanacion.com.ar/sitemap-articles-from2026-04-09T00:00:00Z-to2026-04-10T00:00:00Z.xml"", ""https://www.lanacion.com.ar/sitemap-articles-from2026-04-08T00:00:00Z-to2026-04-09T00:00:00Z.xml"", ""https://www.lanacion.com.ar/sitemap-articles-from2026-04-07T00:00:00Z-to2026-04-08T00:00:00Z.xml"", ""https://www.lanacion.com.ar/sitemap-articles-from2026-04-06T00:00:00Z-to2026-04-07T00:00:00Z.xml"", ""https://www.lanacion.com.ar/sitemap-articles-from2026-04-05T00:00:00Z-to2026-04-06T00:00:00Z.xml"", ""https://www.lanacion.com.ar/sitemap-articles-from2026-04-04T00:00:00Z-to2026-04-05T00:00:00Z.xml"", ""https://www.lanacion.com.ar/sitemap-articles-from2026-04-03T00:00:00Z-to2026-04-04T00:00:00Z.xml"", ""https://www.lanacion.com.ar/sitemap-articles-from2026-04-02T00:00:00Z-to2026-04-03T00:00:00Z.xml"", ""https://www.lanacion.com.ar/sitemap-articles-from2026-04-01T00:00:00Z-to2026-04-02T00:00:00Z.xml"", ""https://www.lanacion.com.ar/sitemap-articles-from2026-03-31T00:00:00Z-to2026-04-01T00:00:00Z.xml"", ""https://www.lanacion.com.ar/sitemap-articles-from2026-03-30T00:00:00Z-to2026-03-31T00:00:00Z.xml"", ""https://www.lanacion.com.ar/sitemap-articles-from2026-03-29T00:00:00Z-to2026-03-30T00:00:00Z.xml"", ""https://www.lanacion.com.ar/sitemap-articles-from2026-03-28T00:00:00Z-to2026-03-29T00:00:00Z.xml"", ""https://www.lanacion.com.ar/sitemap-articles-from2026-03-27T00:00:00Z-to2026-03-28T00:00:00Z.xml"", ""https://www.lanacion.com.ar/sitemap-articles-from2026-03-26T00:00:00Z-to2026-03-27T00:00:00Z.xml"", ""https://www.lanacion.com.ar/sitemap-articles-from2026-03-25T00:00:00Z-to2026-03-26T00:00:00Z.xml"", ""https://www.lanacion.com.ar/sitemap-articles-from2026-03-24T00:00:00Z-to2026-03-25T00:00:00Z.xml"", ""https://www.lanacion.com.ar/sitemap-articles-from2026-03-23T00:00:00Z-to2026-03-24T00:00:00Z.xml"", ""https://www.lanacion.com.ar/sitemap-articles-from2026-03-22T00:00:00Z-to2026-03-23T00:00:00Z.xml"", ""https://www.lanacion.com.ar/sitemap-articles-from2026-03-21T00:00:00Z-to2026-03-22T00:00:00Z.xml"", ""https://www.lanacion.com.ar/sitemap-articles-from2026-03-20T00:00:00Z-to2026-03-21T00:00:00Z.xml"", ""https://www.lanacion.com.ar/sitemap-articles-from2026-03-19T00:00:00Z-to2026-03-20T00:00:00Z.xml"", ""https://www.lanacion.com.ar/sitemap-articles-from2026-03-18T00:00:00Z-to2026-03-19T00:00:00Z.xml"", ""https://www.lanacion.com.ar/sitemap-articles-from2026-03-17T00:00:00Z-to2026-03-18T00:00:00Z.xml"", ""https://www.lanacion.com.ar/sitemap-articles-from2026-03-16T00:00:00Z-to2026-03-17T00:00:00Z.xml"", ""https://www.lanacion.com.ar/sitemap-articles-from2026-03-15T00:00:00Z-to2026-03-16T00:00:00Z.xml"", ""https://www.lanacion.com.ar/sitemap-articles-from2026-03-14T00:00:00Z-to2026-03-15T00:00:00Z.xml"", ""https://www.lanacion.com.ar/sitemap-articles-from2026-03-13T00:00:00Z-to2026-03-14T00:00:00Z.xml"", ""https://www.lanacion.com.ar/sitemap-articles-from2026-03-12T00:00:00Z-to2026-03-13T00:00:00Z.xml"", ""https://www.lanacion.com.ar/sitemap-articles-from2026-03-11T00:00:00Z-to2026-03-12T00:00:00Z.xml"", ""https://www.lanacion.com.ar/sitemap-articles-from2026-03-10T00:00:00Z-to2026-03-11T00:00:00Z.xml"", ""https://www.lanacion.com.ar/sitemap-articles-from2026-03-09T00:00:00Z-to2026-03-10T00:00:00Z.xml"", ""https://www.lanacion.com.ar/sitemap-articles-from2026-03-08T00:00:00Z-to2026-03-09T00:00:00Z.xml"", ""https://www.lanacion.com.ar/sitemap-articles-from2026-03-07T00:00:00Z-to2026-03-08T00:00:00Z.xml"", ""https://www.lanacion.com.ar/sitemap-articles-from2026-03-06T00:00:00Z-to2026-03-07T00:00:00Z.xml"", ""https://www.lanacion.com.ar/sitemap-articles-from2026-03-05T00:00:00Z-to2026-03-06T00:00:00Z.xml"", ""https://www.lanacion.com.ar/sitemap-articles-from2026-03-04T00:00:00Z-to2026-03-05T00:00:00Z.xml"", ""https://www.lanacion.com.ar/sitemap-articles-from2026-03-03T00:00:00Z-to2026-03-04T00:00:00Z.xml"", ""https://www.lanacion.com.ar/sitemap-articles-from2026-03-02T00:00:00Z-to2026-03-03T00:00:00Z.xml"", ""https://www.lanacion.com.ar/sitemap-articles-from2026-03-01T00:00:00Z-to2026-03-02T00:00:00Z.xml"", ""https://www.lanacion.com.ar/sitemap-articles-from2026-02-28T00:00:00Z-to2026-03-01T00:00:00Z.xml"", ""https://www.lanacion.com.ar/sitemap-articles-from2026-02-27T00:00:00Z-to2026-02-28T00:00:00Z.xml"", ""https://www.lanacion.com.ar/sitemap-articles-from2026-02-26T00:00:00Z-to2026-02-27T00:00:00Z.xml"", ""https://www.lanacion.com.ar/sitemap-articles-from2026-02-25T00:00:00Z-to2026-02-26T00:00:00Z.xml"", ""https://www.lanacion.com.ar/sitemap-articles-from2026-02-24T00:00:00Z-to2026-02-25T00:00:00Z.xml"", ""https://www.lanacion.com.ar/sitemap-articles-from2026-02-23T00:00:00Z-to2026-02-24T00:00:00Z.xml"", ""https://www.lanacion.com.ar/sitemap-articles-from2026-02-22T00:00:00Z-to2026-02-23T00:00:00Z.xml"", ""https://www.lanacion.com.ar/sitemap-articles-from2026-02-21T00:00:00Z-to2026-02-22T00:00:00Z.xml"", ""https://www.lanacion.com.ar/sitemap-articles-from2026-02-20T00:00:00Z-to2026-02-21T00:00:00Z.xml"", ""https://www.lanacion.com.ar/sitemap-articles-from2026-02-19T00:00:00Z-to2026-02-20T00:00:00Z.xml"", ""https://www.lanacion.com.ar/sitemap-articles-from2026-02-18T00:00:00Z-to2026-02-19T00:00:00Z.xml"", ""https://www.lanacion.com.ar/sitemap-articles-from2026-02-17T00:00:00Z-to2026-02-18T00:00:00Z.xml"", ""https://www.lanacion.com.ar/sitemap-articles-from2026-02-16T00:00:00Z-to2026-02-17T00:00:00Z.xml"", ""https://www.lanacion.com.ar/sitemap-articles-from2026-02-15T00:00:00Z-to2026-02-16T00:00:00Z.xml"", ""https://www.lanacion.com.ar/sitemap-articles-from2026-02-14T00:00:00Z-to2026-02-15T00:00:00Z.xml"", ""https://www.lanacion.com.ar/sitemap-articles-from2026-02-13T00:00:00Z-to2026-02-14T00:00:00Z.xml"", ""https://www.lanacion.com.ar/sitemap-articles-from2026-02-12T00:00:00Z-to2026-02-13T00:00:00Z.xml"", ""https://www.lanacion.com.ar/sitemap-articles-from2026-02-11T00:00:00Z-to2026-02-12T00:00:00Z.xml"", ""https://www.lanacion.com.ar/sitemap-articles-from2026-02-10T00:00:00Z-to2026-02-11T00:00:00Z.xml"", ""https://www.lanacion.com.ar/sitemap-articles-from2026-02-09T00:00:00Z-to2026-02-10T00:00:00Z.xml"", ""https://www.lanacion.com.ar/sitemap-articles-from2026-02-08T00:00:00Z-to2026-02-09T00:00:00Z.xml"", ""https://www.lanacion.com.ar/sitemap-articles-from2026-02-07T00:00:00Z-to2026-02-08T00:00:00Z.xml"", ""https://www.lanacion.com.ar/sitemap-articles-from2026-02-06T00:00:00Z-to2026-02-07T00:00:00Z.xml"", ""https://www.lanacion.com.ar/sitemap-articles-from2026-02-05T00:00:00Z-to2026-02-06T00:00:00Z.xml"", ""https://www.lanacion.com.ar/sitemap-articles-from2026-02-04T00:00:00Z-to2026-02-05T00:00:00Z.xml"", ""https://www.lanacion.com.ar/sitemap-articles-from2026-02-03T00:00:00Z-to2026-02-04T00:00:00Z.xml"", ""https://www.lanacion.com.ar/sitemap-articles-from2026-02-02T00:00:00Z-to2026-02-03T00:00:00Z.xml"", ""https://www.lanacion.com.ar/sitemap-articles-from2026-02-01T00:00:00Z-to2026-02-02T00:00:00Z.xml"", ""https://www.lanacion.com.ar/sitemap-articles-from2026-01-31T00:00:00Z-to2026-02-01T00:00:00Z.xml"", ""https://www.lanacion.com.ar/sitemap-articles-from2026-01-30T00:00:00Z-to2026-01-31T00:00:00Z.xml"", ""https://www.lanacion.com.ar/sitemap-articles-from2026-01-29T00:00:00Z-to2026-01-30T00:00:00Z.xml"", ""https://www.lanacion.com.ar/sitemap-articles-from2026-01-28T00:00:00Z-to2026-01-29T00:00:00Z.xml"", ""https://www.lanacion.com.ar/sitemap-articles-from2026-01-27T00:00:00Z-to2026-01-28T00:00:00Z.xml"", ""https://www.lanacion.com.ar/sitemap-articles-from2026-01-26T00:00:00Z-to2026-01-27T00:00:00Z.xml""]",120,200,Últimas noticias de Argentina y el mundo - LA NACION,21486,347,True,327,False,True,True,True,rss_then_article_extract,medium,active,,2026-05-17 19:15:04.625383
livemint_com,https://www.livemint.com/,https://www.livemint.com/,livemint.com,https,https://www.livemint.com/,https://www.livemint.com/robots.txt,True,"[""https://www.livemint.com/sitemap/yesterday.xml"", ""https://www.livemint.com/sitemap/today.xml"", ""https://www.livemint.com/lm-section/sitemap.xml"", ""https://www.livemint.com/lm/sitemap/liveblog/en"", ""https://www.livemint.com/lm/sitemap/liveblog/hi"", ""https://www.livemint.com/monthlysitemap/prod/silver-price.xml"", ""https://www.livemint.com/monthlysitemap/prod/gold-price.xml""]",True,True,False,,,False,[],0,True,"[""https://www.livemint.com/sitemap/yesterday.xml"", ""https://www.livemint.com/sitemap/today.xml"", ""https://www.livemint.com/lm-section/sitemap.xml"", ""https://www.livemint.com/lm/sitemap/liveblog/en"", ""https://www.livemint.com/lm/sitemap/liveblog/hi"", ""https://www.livemint.com/monthlysitemap/prod/silver-price.xml"", ""https://www.livemint.com/monthlysitemap/prod/gold-price.xml"", ""https://www.livemint.com/sitemap.xml""]",8,200,"Business News Today: Read Latest Business News, Live India Share Market News, Finance & Economy News | Mint",17425,595,True,5081,True,True,False,True,sitemap_then_article_extract,medium,active,,2026-05-17 19:07:56.880198
malaymail_com,https://www.malaymail.com/,https://www.malaymail.com/,malaymail.com,https,https://www.malaymail.com/,https://www.malaymail.com/robots.txt,True,"[""https://www.malaymail.com/sitemap.xml""]",True,True,False,,,False,[],0,False,[],0,403,,0,0,False,0,True,True,False,False,playwright_fallback,medium,active_candidate,,2026-05-17 19:11:33.042724
mas_gov_sg,https://www.mas.gov.sg/,https://www.mas.gov.sg/,mas.gov.sg,https,https://www.mas.gov.sg/,https://www.mas.gov.sg/robots.txt,True,"[""https://www.mas.gov.sg/sitemap.xml""]",False,True,False,,,False,[],0,False,[],0,200,Maintenance,601,12,True,441,False,True,False,False,html_then_trafilatura,medium,active_candidate,,2026-05-17 19:11:06.816262
meduza_io,https://meduza.io/en,https://meduza.io/en,meduza.io,https,https://meduza.io/en,https://meduza.io/robots.txt,True,[],True,True,False,,,False,[],0,False,[],0,200,Meduza in English — The Real Russia. Today.,3334,39,True,2293,False,True,True,True,html_then_trafilatura,medium,active_candidate,,2026-05-17 19:12:25.357993
meti_go_jp,https://www.meti.go.jp/english/,https://www.meti.go.jp/english,meti.go.jp,https,https://www.meti.go.jp/english,https://www.meti.go.jp/robots.txt,False,[],False,True,False,,,False,[],0,False,[],0,0,,0,0,False,0,False,False,False,False,manual_review,unknown,review,"The read operation timed out
Traceback (most recent call last):
  File ""C:\Users\lehoa\AppData\Roaming\Python\Python312\site-packages\httpx\_transports\default.py"", line 101, in map_httpcore_exceptions
    yield
  File ""C:\Users\lehoa\AppData\Roaming\Python\Python312\site-packages\httpx\_transports\default.py"", line 250, in handle_request
    resp = self._pool.handle_request(req)
           ^^^^^^^^^^^^^^^^^^^^^^^^^^^^^^
  File ""C:\Users\lehoa\AppData\Roaming\Python\Python312\site-packages\httpcore\_sync\connection_pool.py"", line 256, in handle_request
    raise exc from None
  File ""C:\Users\lehoa\AppData\Roaming\Python\Python312\site-packages\httpcore\_sync\connection_pool.py"", line 236, in handle_request
    response = connection.handle_request(
               ^^^^^^^^^^^^^^^^^^^^^^^^^^
  File ""C:\Users\lehoa\AppData\Roaming\Python\Python312\site-packages\httpcore\_sync\connection.py"", line 103, in handle_request
    return self._connection.handle_request(request)
           ^^^^^^^^^^^^^^^^^^^^^^^^^^^^^^^^^^^^^^^^
httpcore.ReadTimeout: The read operation timed out

The above exception was the direct cause of the following exception:

Traceback (most recent call last):
  File ""D:\cursor\LEONCODE\CRAWL WEB\leon_web_intel\src\profiler\source_profiler.py"", line 281, in profile_source
    probe = run_html_probe(norm, homepage_url, self.rules, self._fetch_text, self.raw_store)
            ^^^^^^^^^^^^^^^^^^^^^^^^^^^^^^^^^^^^^^^^^^^^^^^^^^^^^^^^^^^^^^^^^^^^^^^^^^^^^^^^
  File ""D:\cursor\LEONCODE\CRAWL WEB\leon_web_intel\src\profiler\html_probe.py"", line 38, in run_html_probe
    status, html = fetch_text(homepage_url)
                   ^^^^^^^^^^^^^^^^^^^^^^^^
  File ""D:\cursor\LEONCODE\CRAWL WEB\leon_web_intel\src\profiler\source_profiler.py"", line 211, in _fetch_text
    return self.http.get_text(url)
           ^^^^^^^^^^^^^^^^^^^^^^^
  File ""D:\cursor\LEONCODE\CRAWL WEB\leon_web_intel\src\utils\cache.py"", line 152, in get_text
    entry = self.get(url)
            ^^^^^^^^^^^^^
  File ""D:\cursor\LEONCODE\CRAWL WEB\leon_web_intel\src\utils\cache.py"", line 142, in get
    entry = self._fetch_uncached(url)
            ^^^^^^^^^^^^^^^^^^^^^^^^^
httpx.ReadTimeout: The read operation timed out
",2026-05-17 19:09:04.683301
moea_gov_tw,https://www.moea.gov.tw/Mns/english/,https://www.moea.gov.tw/Mns/english,moea.gov.tw,https,https://www.moea.gov.tw/Mns/english,https://www.moea.gov.tw/robots.txt,True,[],True,True,False,,,False,[],0,False,[],0,403,,0,0,False,0,True,True,True,False,playwright_fallback,medium,active_candidate,,2026-05-17 19:10:40.867766
mom_gov_sg,https://www.mom.gov.sg/,https://www.mom.gov.sg/,mom.gov.sg,https,https://www.mom.gov.sg/,https://www.mom.gov.sg/robots.txt,True,[],True,True,False,,,False,[],0,True,"[""https://www.mom.gov.sg/sitemap.xml"", ""https://www.mom.gov.sg/passes-and-permits.xml"", ""https://www.mom.gov.sg/employment-practices.xml"", ""https://www.mom.gov.sg/workplace-safety-and-health.xml"", ""https://www.mom.gov.sg/faq.xml"", ""https://www.mom.gov.sg/newsroom.xml"", ""https://www.mom.gov.sg/others.xml""]",7,200,Ministry of Manpower,4003,119,True,545,False,False,False,True,sitemap_then_article_extract,medium,active,,2026-05-17 19:11:23.019186
mospi_gov_in,https://mospi.gov.in/,https://mospi.gov.in/,mospi.gov.in,https,https://mospi.gov.in/,https://mospi.gov.in/robots.txt,False,[],False,True,False,,,False,[],0,False,[],0,0,,0,0,False,0,False,False,False,False,manual_review,unknown,review,"[WinError 10060] A connection attempt failed because the connected party did not properly respond after a period of time, or established connection failed because connected host has failed to respond
Traceback (most recent call last):
  File ""C:\Users\lehoa\AppData\Roaming\Python\Python312\site-packages\httpx\_transports\default.py"", line 101, in map_httpcore_exceptions
    yield
  File ""C:\Users\lehoa\AppData\Roaming\Python\Python312\site-packages\httpx\_transports\default.py"", line 250, in handle_request
    resp = self._pool.handle_request(req)
           ^^^^^^^^^^^^^^^^^^^^^^^^^^^^^^
  File ""C:\Users\lehoa\AppData\Roaming\Python\Python312\site-packages\httpcore\_sync\connection_pool.py"", line 256, in handle_request
    raise exc from None
  File ""C:\Users\lehoa\AppData\Roaming\Python\Python312\site-packages\httpcore\_sync\connection_pool.py"", line 236, in handle_request
    response = connection.handle_request(
               ^^^^^^^^^^^^^^^^^^^^^^^^^^
  File ""C:\Users\lehoa\AppData\Roaming\Python\Python312\site-packages\httpcore\_sync\connection.py"", line 101, in handle_request
    raise exc
httpcore.ConnectTimeout: [WinError 10060] A connection attempt failed because the connected party did not properly respond after a period of time, or established connection failed because connected host has failed to respond

The above exception was the direct cause of the following exception:

Traceback (most recent call last):
  File ""D:\cursor\LEONCODE\CRAWL WEB\leon_web_intel\src\profiler\source_profiler.py"", line 281, in profile_source
    probe = run_html_probe(norm, homepage_url, self.rules, self._fetch_text, self.raw_store)
            ^^^^^^^^^^^^^^^^^^^^^^^^^^^^^^^^^^^^^^^^^^^^^^^^^^^^^^^^^^^^^^^^^^^^^^^^^^^^^^^^
  File ""D:\cursor\LEONCODE\CRAWL WEB\leon_web_intel\src\profiler\html_probe.py"", line 38, in run_html_probe
    status, html = fetch_text(homepage_url)
                   ^^^^^^^^^^^^^^^^^^^^^^^^
  File ""D:\cursor\LEONCODE\CRAWL WEB\leon_web_intel\src\profiler\source_profiler.py"", line 211, in _fetch_text
    return self.http.get_text(url)
           ^^^^^^^^^^^^^^^^^^^^^^^
  File ""D:\cursor\LEONCODE\CRAWL WEB\leon_web_intel\src\utils\cache.py"", line 152, in get_text
    entry = self.get(url)
            ^^^^^^^^^^^^^
  File ""D:\cursor\LEONCODE\CRAWL WEB\leon_web_intel\src\utils\cache.py"", line 142, in get
    entry = self._fetch_uncached(url)
            ^^^^^^^^^^^^^^^^^^^^^^^^^
httpx.ConnectTimeout: [WinError 10060] A connection attempt failed because the connected party did not properly respond after a period of time, or established connection failed because connected host has failed to respond
",2026-05-17 19:08:36.776478
mti_gov_sg,https://www.mti.gov.sg/,https://www.mti.gov.sg/,mti.gov.sg,https,https://www.mti.gov.sg/,https://www.mti.gov.sg/robots.txt,True,"[""https://www.mti.gov.sg/sitemap.xml""]",True,True,False,,,False,[],0,True,"[""https://www.mti.gov.sg/sitemap.xml""]",1,200,Ministry of Trade and Industry | Ministry of Trade and Industry,3240,50,True,1663,False,True,False,False,sitemap_then_article_extract,medium,active,,2026-05-17 19:11:15.532314
nationalpost_com,https://nationalpost.com/,https://nationalpost.com/,nationalpost.com,https,https://nationalpost.com/,https://nationalpost.com/robots.txt,True,"[""https://nationalpost.com/sitemap.xml"", ""https://nationalpost.com/sitemap-news.xml"", ""https://nationalpost.com/sitemap-category.xml"", ""https://nationalpost.com/sitemap-video.xml"", ""https://nationalpost.com/sitemap-old.xml"", ""https://nationalpost.com/sitemap-static.xml""]",True,True,False,,,True,"[""https://nationalpost.com/feed/atom""]",1,True,"[""https://nationalpost.com/sitemap.xml"", ""https://nationalpost.com/sitemap-news.xml"", ""https://nationalpost.com/sitemap-category.xml"", ""https://nationalpost.com/sitemap-video.xml"", ""https://nationalpost.com/sitemap-exclusive-video.xml?p=1"", ""https://nationalpost.com/sitemap-exclusive-video.xml?p=2"", ""https://nationalpost.com/sitemap-exclusive-video.xml?p=3"", ""https://nationalpost.com/sitemap-exclusive-video.xml?p=4"", ""https://nationalpost.com/sitemap-exclusive-video.xml?p=5"", ""https://nationalpost.com/sitemap-exclusive-video.xml?p=6"", ""https://nationalpost.com/sitemap-exclusive-video.xml?p=7"", ""https://nationalpost.com/sitemap-exclusive-video.xml?p=8"", ""https://nationalpost.com/sitemap-exclusive-video.xml?p=9"", ""https://nationalpost.com/sitemap-exclusive-video.xml?p=10"", ""https://nationalpost.com/sitemap-exclusive-video.xml?p=11"", ""https://nationalpost.com/sitemap-exclusive-video.xml?p=12"", ""https://nationalpost.com/sitemap-exclusive-video.xml?p=13"", ""https://nationalpost.com/sitemap-exclusive-video.xml?p=14"", ""https://nationalpost.com/sitemap-exclusive-video.xml?p=15"", ""https://nationalpost.com/sitemap-exclusive-video.xml?p=16"", ""https://nationalpost.com/sitemap-exclusive-video.xml?p=17"", ""https://nationalpost.com/sitemap-exclusive-video.xml?p=18"", ""https://nationalpost.com/sitemap-exclusive-video.xml?p=19"", ""https://nationalpost.com/sitemap-exclusive-video.xml?p=20"", ""https://nationalpost.com/sitemap-exclusive-video.xml?p=21"", ""https://nationalpost.com/sitemap-exclusive-video.xml?p=22"", ""https://nationalpost.com/sitemap-exclusive-video.xml?p=23"", ""https://nationalpost.com/sitemap-exclusive-video.xml?p=24"", ""https://nationalpost.com/sitemap-exclusive-video.xml?p=25"", ""https://nationalpost.com/sitemap-exclusive-video.xml?p=26"", ""https://nationalpost.com/sitemap-exclusive-video.xml?p=27"", ""https://nationalpost.com/sitemap-exclusive-video.xml?p=28"", ""https://nationalpost.com/sitemap-exclusive-video.xml?p=29"", ""https://nationalpost.com/sitemap-exclusive-video.xml?p=30"", ""https://nationalpost.com/sitemap-exclusive-video.xml?p=31"", ""https://nationalpost.com/sitemap-exclusive-video.xml?p=32"", ""https://nationalpost.com/sitemap-exclusive-video.xml?p=33"", ""https://nationalpost.com/sitemap-exclusive-video.xml?p=34"", ""https://nationalpost.com/sitemap-exclusive-video.xml?p=35"", ""https://nationalpost.com/sitemap-exclusive-video.xml?p=36"", ""https://nationalpost.com/sitemap-exclusive-video.xml?p=37"", ""https://nationalpost.com/sitemap-exclusive-video.xml?p=38"", ""https://nationalpost.com/sitemap-exclusive-video.xml?p=39"", ""https://nationalpost.com/sitemap-exclusive-video.xml?p=40"", ""https://nationalpost.com/sitemap-exclusive-video.xml?p=41"", ""https://nationalpost.com/sitemap-exclusive-video.xml?p=42"", ""https://nationalpost.com/sitemap-exclusive-video.xml?p=43"", ""https://nationalpost.com/sitemap-exclusive-video.xml?p=44"", ""https://nationalpost.com/sitemap-exclusive-video.xml?p=45"", ""https://nationalpost.com/sitemap-exclusive-video.xml?p=46"", ""https://nationalpost.com/sitemap-exclusive-video.xml?p=47"", ""https://nationalpost.com/sitemap-exclusive-video.xml?p=48"", ""https://nationalpost.com/sitemap-exclusive-video.xml?p=49"", ""https://nationalpost.com/sitemap-exclusive-video.xml?p=50"", ""https://nationalpost.com/sitemap-exclusive-video.xml?p=51"", ""https://nationalpost.com/sitemap-exclusive-video.xml?p=52"", ""https://nationalpost.com/sitemap-exclusive-video.xml?p=53"", ""https://nationalpost.com/sitemap-exclusive-video.xml?p=54"", ""https://nationalpost.com/sitemap-exclusive-video.xml?p=55"", ""https://nationalpost.com/sitemap-exclusive-video.xml?p=56"", ""https://nationalpost.com/sitemap-exclusive-video.xml?p=57"", ""https://nationalpost.com/sitemap-wired-video.xml?p=1"", ""https://nationalpost.com/sitemap-wired-video.xml?p=2"", ""https://nationalpost.com/sitemap-wired-video.xml?p=3"", ""https://nationalpost.com/sitemap-wired-video.xml?p=4"", ""https://nationalpost.com/sitemap-wired-video.xml?p=5"", ""https://nationalpost.com/sitemap-wired-video.xml?p=6"", ""https://nationalpost.com/sitemap-wired-video.xml?p=7"", ""https://nationalpost.com/sitemap-wired-video.xml?p=8"", ""https://nationalpost.com/sitemap-wired-video.xml?p=9"", ""https://nationalpost.com/sitemap-wired-video.xml?p=10"", ""https://nationalpost.com/sitemap-wired-video.xml?p=11"", ""https://nationalpost.com/sitemap-wired-video.xml?p=12"", ""https://nationalpost.com/sitemap-wired-video.xml?p=13"", ""https://nationalpost.com/sitemap-wired-video.xml?p=14"", ""https://nationalpost.com/sitemap-wired-video.xml?p=15"", ""https://nationalpost.com/sitemap-wired-video.xml?p=16"", ""https://nationalpost.com/sitemap-wired-video.xml?p=17"", ""https://nationalpost.com/sitemap-wired-video.xml?p=18"", ""https://nationalpost.com/sitemap-wired-video.xml?p=19"", ""https://nationalpost.com/sitemap-wired-video.xml?p=20"", ""https://nationalpost.com/sitemap-wired-video.xml?p=21"", ""https://nationalpost.com/sitemap-wired-video.xml?p=22"", ""https://nationalpost.com/sitemap-wired-video.xml?p=23"", ""https://nationalpost.com/sitemap-wired-video.xml?p=24"", ""https://nationalpost.com/sitemap-wired-video.xml?p=25"", ""https://nationalpost.com/sitemap-wired-video.xml?p=26"", ""https://nationalpost.com/sitemap-wired-video.xml?p=27"", ""https://nationalpost.com/sitemap-wired-video.xml?p=28"", ""https://nationalpost.com/sitemap-wired-video.xml?p=29"", ""https://nationalpost.com/sitemap-wired-video.xml?p=30"", ""https://nationalpost.com/sitemap-wired-video.xml?p=31"", ""https://nationalpost.com/sitemap-wired-video.xml?p=32"", ""https://nationalpost.com/sitemap-wired-video.xml?p=33"", ""https://nationalpost.com/sitemap-wired-video.xml?p=34"", ""https://nationalpost.com/sitemap-wired-video.xml?p=35"", ""https://nationalpost.com/sitemap-wired-video.xml?p=36"", ""https://nationalpost.com/sitemap-wired-video.xml?p=37"", ""https://nationalpost.com/sitemap-wired-video.xml?p=38"", ""https://nationalpost.com/sitemap-wired-video.xml?p=39"", ""https://nationalpost.com/sitemap-wired-video.xml?p=40"", ""https://nationalpost.com/sitemap-wired-video.xml?p=41"", ""https://nationalpost.com/sitemap-wired-video.xml?p=42"", ""https://nationalpost.com/sitemap-wired-video.xml?p=43"", ""https://nationalpost.com/sitemap-wired-video.xml?p=44"", ""https://nationalpost.com/sitemap-wired-video.xml?p=45"", ""https://nationalpost.com/sitemap-wired-video.xml?p=46"", ""https://nationalpost.com/sitemap-wired-video.xml?p=47"", ""https://nationalpost.com/sitemap-wired-video.xml?p=48"", ""https://nationalpost.com/sitemap-wired-video.xml?p=49"", ""https://nationalpost.com/sitemap-wired-video.xml?p=50"", ""https://nationalpost.com/sitemap-wired-video.xml?p=51"", ""https://nationalpost.com/sitemap-wired-video.xml?p=52"", ""https://nationalpost.com/sitemap-wired-video.xml?p=53"", ""https://nationalpost.com/sitemap-wired-video.xml?p=54"", ""https://nationalpost.com/sitemap-wired-video.xml?p=55"", ""https://nationalpost.com/sitemap-wired-video.xml?p=56"", ""https://nationalpost.com/sitemap-wired-video.xml?p=57"", ""https://nationalpost.com/sitemap-wired-video.xml?p=58"", ""https://nationalpost.com/sitemap-wired-video.xml?p=59""]",120,200,Home | The National Post Home Page | National Post,19716,490,True,663,False,True,False,True,rss_then_article_extract,medium,active,,2026-05-17 19:13:54.825325
nationthailand_com,https://www.nationthailand.com/,https://www.nationthailand.com/,nationthailand.com,https,https://www.nationthailand.com/,https://www.nationthailand.com/robots.txt,True,"[""https://www.nationthailand.com/sitemap_index.xml"", ""https://www.nationthailand.com/sitemap/latest"", ""https://www.nationthailand.com/sitemap/tag""]",True,True,False,,,False,[],0,True,"[""https://www.nationthailand.com/sitemap_index.xml"", ""https://media.nationthailand.com/sitemap/xml/2026/sitemap_2026_05.xml"", ""https://media.nationthailand.com/sitemap/xml/2026/sitemap_2026_04.xml"", ""https://media.nationthailand.com/sitemap/xml/2026/sitemap_2026_03.xml"", ""https://media.nationthailand.com/sitemap/xml/2026/sitemap_2026_02.xml"", ""https://media.nationthailand.com/sitemap/xml/2026/sitemap_2026_01.xml"", ""https://media.nationthailand.com/sitemap/xml/2025/sitemap_2025_12.xml"", ""https://media.nationthailand.com/sitemap/xml/2025/sitemap_2025_11.xml"", ""https://media.nationthailand.com/sitemap/xml/2025/sitemap_2025_10.xml"", ""https://media.nationthailand.com/sitemap/xml/2025/sitemap_2025_09.xml"", ""https://media.nationthailand.com/sitemap/xml/2025/sitemap_2025_08.xml"", ""https://media.nationthailand.com/sitemap/xml/2025/sitemap_2025_07.xml"", ""https://media.nationthailand.com/sitemap/xml/2025/sitemap_2025_06.xml"", ""https://media.nationthailand.com/sitemap/xml/2025/sitemap_2025_05.xml"", ""https://media.nationthailand.com/sitemap/xml/2025/sitemap_2025_04.xml"", ""https://media.nationthailand.com/sitemap/xml/2025/sitemap_2025_03.xml"", ""https://media.nationthailand.com/sitemap/xml/2025/sitemap_2025_02.xml"", ""https://media.nationthailand.com/sitemap/xml/2025/sitemap_2025_01.xml"", ""https://media.nationthailand.com/sitemap/xml/2024/sitemap_2024_12.xml"", ""https://media.nationthailand.com/sitemap/xml/2024/sitemap_2024_11.xml"", ""https://media.nationthailand.com/sitemap/xml/2024/sitemap_2024_10.xml"", ""https://media.nationthailand.com/sitemap/xml/2024/sitemap_2024_09.xml"", ""https://media.nationthailand.com/sitemap/xml/2024/sitemap_2024_08.xml"", ""https://media.nationthailand.com/sitemap/xml/2024/sitemap_2024_07.xml"", ""https://media.nationthailand.com/sitemap/xml/2024/sitemap_2024_06.xml"", ""https://media.nationthailand.com/sitemap/xml/2024/sitemap_2024_05.xml"", ""https://media.nationthailand.com/sitemap/xml/2024/sitemap_2024_04.xml"", ""https://media.nationthailand.com/sitemap/xml/2024/sitemap_2024_03.xml"", ""https://media.nationthailand.com/sitemap/xml/2024/sitemap_2024_02.xml"", ""https://media.nationthailand.com/sitemap/xml/2024/sitemap_2024_01.xml"", ""https://media.nationthailand.com/sitemap/xml/2023/sitemap_2023_12.xml"", ""https://media.nationthailand.com/sitemap/xml/2023/sitemap_2023_11.xml"", ""https://media.nationthailand.com/sitemap/xml/2023/sitemap_2023_10.xml"", ""https://media.nationthailand.com/sitemap/xml/2023/sitemap_2023_09.xml"", ""https://media.nationthailand.com/sitemap/xml/2023/sitemap_2023_08.xml"", ""https://media.nationthailand.com/sitemap/xml/2023/sitemap_2023_07.xml"", ""https://media.nationthailand.com/sitemap/xml/2023/sitemap_2023_06.xml"", ""https://media.nationthailand.com/sitemap/xml/2023/sitemap_2023_05.xml"", ""https://media.nationthailand.com/sitemap/xml/2023/sitemap_2023_04.xml"", ""https://media.nationthailand.com/sitemap/xml/2023/sitemap_2023_03.xml"", ""https://media.nationthailand.com/sitemap/xml/2023/sitemap_2023_02.xml"", ""https://media.nationthailand.com/sitemap/xml/2023/sitemap_2023_01.xml"", ""https://media.nationthailand.com/sitemap/xml/2022/sitemap_2022_12.xml"", ""https://media.nationthailand.com/sitemap/xml/2022/sitemap_2022_11.xml"", ""https://media.nationthailand.com/sitemap/xml/2022/sitemap_2022_10.xml"", ""https://media.nationthailand.com/sitemap/xml/2022/sitemap_2022_09.xml"", ""https://media.nationthailand.com/sitemap/xml/2022/sitemap_2022_08.xml"", ""https://media.nationthailand.com/sitemap/xml/2022/sitemap_2022_07.xml"", ""https://media.nationthailand.com/sitemap/xml/2022/sitemap_2022_06.xml"", ""https://media.nationthailand.com/sitemap/xml/2022/sitemap_2022_05.xml"", ""https://media.nationthailand.com/sitemap/xml/2022/sitemap_2022_04.xml"", ""https://media.nationthailand.com/sitemap/xml/2022/sitemap_2022_03.xml"", ""https://media.nationthailand.com/sitemap/xml/2022/sitemap_2022_02.xml"", ""https://media.nationthailand.com/sitemap/xml/2022/sitemap_2022_01.xml"", ""https://media.nationthailand.com/sitemap/xml/2021/sitemap_2021_12.xml"", ""https://media.nationthailand.com/sitemap/xml/2021/sitemap_2021_11.xml"", ""https://media.nationthailand.com/sitemap/xml/2021/sitemap_2021_10.xml"", ""https://media.nationthailand.com/sitemap/xml/2021/sitemap_2021_09.xml"", ""https://media.nationthailand.com/sitemap/xml/2021/sitemap_2021_08.xml"", ""https://media.nationthailand.com/sitemap/xml/2021/sitemap_2021_07.xml"", ""https://media.nationthailand.com/sitemap/xml/2021/sitemap_2021_06.xml"", ""https://media.nationthailand.com/sitemap/xml/2021/sitemap_2021_05.xml"", ""https://media.nationthailand.com/sitemap/xml/2021/sitemap_2021_04.xml"", ""https://media.nationthailand.com/sitemap/xml/2021/sitemap_2021_03.xml"", ""https://media.nationthailand.com/sitemap/xml/2021/sitemap_2021_02.xml"", ""https://media.nationthailand.com/sitemap/xml/2021/sitemap_2021_01.xml"", ""https://media.nationthailand.com/sitemap/xml/2020/sitemap_2020_12.xml"", ""https://media.nationthailand.com/sitemap/xml/2020/sitemap_2020_11.xml"", ""https://media.nationthailand.com/sitemap/xml/2020/sitemap_2020_10.xml"", ""https://media.nationthailand.com/sitemap/xml/2020/sitemap_2020_09.xml"", ""https://media.nationthailand.com/sitemap/xml/2020/sitemap_2020_08.xml"", ""https://media.nationthailand.com/sitemap/xml/2020/sitemap_2020_07.xml"", ""https://media.nationthailand.com/sitemap/xml/2020/sitemap_2020_06.xml"", ""https://media.nationthailand.com/sitemap/xml/2020/sitemap_2020_05.xml"", ""https://media.nationthailand.com/sitemap/xml/2020/sitemap_2020_04.xml"", ""https://media.nationthailand.com/sitemap/xml/2020/sitemap_2020_03.xml"", ""https://media.nationthailand.com/sitemap/xml/2020/sitemap_2020_02.xml"", ""https://media.nationthailand.com/sitemap/xml/2020/sitemap_2020_01.xml"", ""https://media.nationthailand.com/sitemap/xml/2019/sitemap_2019_12.xml"", ""https://media.nationthailand.com/sitemap/xml/2019/sitemap_2019_11.xml"", ""https://media.nationthailand.com/sitemap/xml/2019/sitemap_2019_10.xml"", ""https://media.nationthailand.com/sitemap/xml/2019/sitemap_2019_09.xml"", ""https://media.nationthailand.com/sitemap/xml/2019/sitemap_2019_08.xml"", ""https://media.nationthailand.com/sitemap/xml/2019/sitemap_2019_07.xml"", ""https://media.nationthailand.com/sitemap/xml/2019/sitemap_2019_06.xml"", ""https://media.nationthailand.com/sitemap/xml/2019/sitemap_2019_05.xml"", ""https://media.nationthailand.com/sitemap/xml/2019/sitemap_2019_04.xml"", ""https://media.nationthailand.com/sitemap/xml/2019/sitemap_2019_03.xml"", ""https://media.nationthailand.com/sitemap/xml/2019/sitemap_2019_02.xml"", ""https://media.nationthailand.com/sitemap/xml/2019/sitemap_2019_01.xml"", ""https://media.nationthailand.com/sitemap/xml/2018/sitemap_2018_12.xml"", ""https://media.nationthailand.com/sitemap/xml/2018/sitemap_2018_11.xml"", ""https://media.nationthailand.com/sitemap/xml/2018/sitemap_2018_10.xml"", ""https://media.nationthailand.com/sitemap/xml/2018/sitemap_2018_09.xml"", ""https://media.nationthailand.com/sitemap/xml/2018/sitemap_2018_08.xml"", ""https://media.nationthailand.com/sitemap/xml/2018/sitemap_2018_07.xml"", ""https://media.nationthailand.com/sitemap/xml/2018/sitemap_2018_06.xml"", ""https://media.nationthailand.com/sitemap/xml/2018/sitemap_2018_05.xml"", ""https://media.nationthailand.com/sitemap/xml/2018/sitemap_2018_04.xml"", ""https://media.nationthailand.com/sitemap/xml/2018/sitemap_2018_03.xml"", ""https://media.nationthailand.com/sitemap/xml/2018/sitemap_2018_02.xml"", ""https://media.nationthailand.com/sitemap/xml/2018/sitemap_2018_01.xml"", ""https://media.nationthailand.com/sitemap/xml/2017/sitemap_2017_12.xml"", ""https://media.nationthailand.com/sitemap/xml/2017/sitemap_2017_11.xml"", ""https://media.nationthailand.com/sitemap/xml/2017/sitemap_2017_10.xml"", ""https://media.nationthailand.com/sitemap/xml/2017/sitemap_2017_09.xml"", ""https://media.nationthailand.com/sitemap/xml/2017/sitemap_2017_08.xml"", ""https://media.nationthailand.com/sitemap/xml/2017/sitemap_2017_07.xml"", ""https://media.nationthailand.com/sitemap/xml/2017/sitemap_2017_06.xml"", ""https://media.nationthailand.com/sitemap/xml/2017/sitemap_2017_05.xml"", ""https://media.nationthailand.com/sitemap/xml/2017/sitemap_2017_04.xml"", ""https://media.nationthailand.com/sitemap/xml/2017/sitemap_2017_03.xml"", ""https://media.nationthailand.com/sitemap/xml/2017/sitemap_2017_02.xml"", ""https://media.nationthailand.com/sitemap/xml/2017/sitemap_2017_01.xml"", ""https://media.nationthailand.com/sitemap/xml/2016/sitemap_2016_12.xml"", ""https://media.nationthailand.com/sitemap/xml/2016/sitemap_2016_11.xml"", ""https://media.nationthailand.com/sitemap/xml/2016/sitemap_2016_10.xml"", ""https://media.nationthailand.com/sitemap/xml/2016/sitemap_2016_08.xml"", ""https://media.nationthailand.com/sitemap/xml/2016/sitemap_2016_07.xml"", ""https://media.nationthailand.com/sitemap/xml/2016/sitemap_2016_03.xml""]",120,200,"Nation Thailand news website, thai news, thailand news, Bangkok thailand, aec, breaking news : Nation Thailand",2318,36,True,349,True,True,True,True,sitemap_then_article_extract,medium,active,,2026-05-17 19:11:27.736478
nature_com,https://www.nature.com/,https://www.nature.com/,nature.com,https,https://www.nature.com/,https://www.nature.com/robots.txt,True,"[""https://www.nature.com/sitemap.xml"", ""https://www.nature.com/subjects/sitemap.xml"", ""https://www.nature.com/naturecareers/sitemapindex.xml"", ""https://www.nature.com/latest-news/sitemap.xml""]",True,True,False,,,True,"[""https://www.nature.com/nature.rss""]",1,True,"[""https://www.nature.com/sitemap.xml"", ""https://www.nature.com/nutd/sitemap/2026/5/articles.xml"", ""https://www.nature.com/nutd/sitemap/2026/4/articles.xml"", ""https://www.nature.com/nutd/sitemap/2026/3/articles.xml"", ""https://www.nature.com/nutd/sitemap/2026/2/articles.xml"", ""https://www.nature.com/nutd/sitemap/2026/1/articles.xml"", ""https://www.nature.com/nutd/sitemap/2025/12/articles.xml"", ""https://www.nature.com/nutd/sitemap/2025/11/articles.xml"", ""https://www.nature.com/nutd/sitemap/2025/10/articles.xml"", ""https://www.nature.com/nutd/sitemap/2025/8/articles.xml"", ""https://www.nature.com/nutd/sitemap/2025/7/articles.xml"", ""https://www.nature.com/nutd/sitemap/2025/6/articles.xml"", ""https://www.nature.com/nutd/sitemap/2025/5/articles.xml"", ""https://www.nature.com/nutd/sitemap/2025/4/articles.xml"", ""https://www.nature.com/nutd/sitemap/2025/3/articles.xml"", ""https://www.nature.com/nutd/sitemap/2025/2/articles.xml"", ""https://www.nature.com/nutd/sitemap/2024/12/articles.xml"", ""https://www.nature.com/nutd/sitemap/2024/11/articles.xml"", ""https://www.nature.com/nutd/sitemap/2024/10/articles.xml"", ""https://www.nature.com/nutd/sitemap/2024/9/articles.xml"", ""https://www.nature.com/nutd/sitemap/2024/8/articles.xml"", ""https://www.nature.com/nutd/sitemap/2024/7/articles.xml"", ""https://www.nature.com/nutd/sitemap/2024/6/articles.xml"", ""https://www.nature.com/nutd/sitemap/2024/5/articles.xml"", ""https://www.nature.com/nutd/sitemap/2024/4/articles.xml"", ""https://www.nature.com/nutd/sitemap/2024/3/articles.xml"", ""https://www.nature.com/nutd/sitemap/2024/2/articles.xml"", ""https://www.nature.com/nutd/sitemap/2024/1/articles.xml"", ""https://www.nature.com/nutd/sitemap/2023/12/articles.xml"", ""https://www.nature.com/nutd/sitemap/2023/11/articles.xml"", ""https://www.nature.com/nutd/sitemap/2023/10/articles.xml"", ""https://www.nature.com/nutd/sitemap/2023/9/articles.xml"", ""https://www.nature.com/nutd/sitemap/2023/8/articles.xml"", ""https://www.nature.com/nutd/sitemap/2023/7/articles.xml"", ""https://www.nature.com/nutd/sitemap/2023/5/articles.xml"", ""https://www.nature.com/nutd/sitemap/2023/4/articles.xml"", ""https://www.nature.com/nutd/sitemap/2023/2/articles.xml"", ""https://www.nature.com/nutd/sitemap/2023/1/articles.xml"", ""https://www.nature.com/nutd/sitemap/2022/12/articles.xml"", ""https://www.nature.com/nutd/sitemap/2022/11/articles.xml"", ""https://www.nature.com/nutd/sitemap/2022/10/articles.xml"", ""https://www.nature.com/nutd/sitemap/2022/9/articles.xml"", ""https://www.nature.com/nutd/sitemap/2022/8/articles.xml"", ""https://www.nature.com/nutd/sitemap/2022/7/articles.xml"", ""https://www.nature.com/nutd/sitemap/2022/6/articles.xml"", ""https://www.nature.com/nutd/sitemap/2022/5/articles.xml"", ""https://www.nature.com/nutd/sitemap/2022/4/articles.xml"", ""https://www.nature.com/nutd/sitemap/2022/3/articles.xml"", ""https://www.nature.com/nutd/sitemap/2022/2/articles.xml"", ""https://www.nature.com/nutd/sitemap/2022/1/articles.xml"", ""https://www.nature.com/nutd/sitemap/2021/11/articles.xml"", ""https://www.nature.com/nutd/sitemap/2021/10/articles.xml"", ""https://www.nature.com/nutd/sitemap/2021/9/articles.xml"", ""https://www.nature.com/nutd/sitemap/2021/7/articles.xml"", ""https://www.nature.com/nutd/sitemap/2021/6/articles.xml"", ""https://www.nature.com/nutd/sitemap/2021/4/articles.xml"", ""https://www.nature.com/nutd/sitemap/2021/3/articles.xml"", ""https://www.nature.com/nutd/sitemap/2021/2/articles.xml"", ""https://www.nature.com/nutd/sitemap/2021/1/articles.xml"", ""https://www.nature.com/nutd/sitemap/2020/12/articles.xml"", ""https://www.nature.com/nutd/sitemap/2020/11/articles.xml"", ""https://www.nature.com/nutd/sitemap/2020/10/articles.xml"", ""https://www.nature.com/nutd/sitemap/2020/9/articles.xml"", ""https://www.nature.com/nutd/sitemap/2020/8/articles.xml"", ""https://www.nature.com/nutd/sitemap/2020/7/articles.xml"", ""https://www.nature.com/nutd/sitemap/2020/6/articles.xml"", ""https://www.nature.com/nutd/sitemap/2020/5/articles.xml"", ""https://www.nature.com/nutd/sitemap/2020/4/articles.xml"", ""https://www.nature.com/nutd/sitemap/2020/3/articles.xml"", ""https://www.nature.com/nutd/sitemap/2020/2/articles.xml"", ""https://www.nature.com/nutd/sitemap/2020/1/articles.xml"", ""https://www.nature.com/nutd/sitemap/2019/12/articles.xml"", ""https://www.nature.com/nutd/sitemap/2019/11/articles.xml"", ""https://www.nature.com/nutd/sitemap/2019/10/articles.xml"", ""https://www.nature.com/nutd/sitemap/2019/9/articles.xml"", ""https://www.nature.com/nutd/sitemap/2019/8/articles.xml"", ""https://www.nature.com/nutd/sitemap/2019/7/articles.xml"", ""https://www.nature.com/nutd/sitemap/2019/6/articles.xml"", ""https://www.nature.com/nutd/sitemap/2019/5/articles.xml"", ""https://www.nature.com/nutd/sitemap/2019/4/articles.xml"", ""https://www.nature.com/nutd/sitemap/2019/3/articles.xml"", ""https://www.nature.com/nutd/sitemap/2019/2/articles.xml"", ""https://www.nature.com/nutd/sitemap/2019/1/articles.xml"", ""https://www.nature.com/nutd/sitemap/2018/12/articles.xml"", ""https://www.nature.com/nutd/sitemap/2018/11/articles.xml"", ""https://www.nature.com/nutd/sitemap/2018/10/articles.xml"", ""https://www.nature.com/nutd/sitemap/2018/9/articles.xml"", ""https://www.nature.com/nutd/sitemap/2018/8/articles.xml"", ""https://www.nature.com/nutd/sitemap/2018/7/articles.xml"", ""https://www.nature.com/nutd/sitemap/2018/6/articles.xml"", ""https://www.nature.com/nutd/sitemap/2018/5/articles.xml"", ""https://www.nature.com/nutd/sitemap/2018/4/articles.xml"", ""https://www.nature.com/nutd/sitemap/2018/3/articles.xml"", ""https://www.nature.com/nutd/sitemap/2018/1/articles.xml"", ""https://www.nature.com/nutd/sitemap/2017/12/articles.xml"", ""https://www.nature.com/nutd/sitemap/2017/10/articles.xml"", ""https://www.nature.com/nutd/sitemap/2017/9/articles.xml"", ""https://www.nature.com/nutd/sitemap/2017/7/articles.xml"", ""https://www.nature.com/nutd/sitemap/2017/6/articles.xml"", ""https://www.nature.com/nutd/sitemap/2017/5/articles.xml"", ""https://www.nature.com/nutd/sitemap/2017/4/articles.xml"", ""https://www.nature.com/nutd/sitemap/2017/3/articles.xml"", ""https://www.nature.com/nutd/sitemap/2017/2/articles.xml"", ""https://www.nature.com/nutd/sitemap/2017/1/articles.xml"", ""https://www.nature.com/nutd/sitemap/2016/12/articles.xml"", ""https://www.nature.com/nutd/sitemap/2016/11/articles.xml"", ""https://www.nature.com/nutd/sitemap/2016/9/articles.xml"", ""https://www.nature.com/nutd/sitemap/2016/8/articles.xml"", ""https://www.nature.com/nutd/sitemap/2016/7/articles.xml"", ""https://www.nature.com/nutd/sitemap/2016/6/articles.xml"", ""https://www.nature.com/nutd/sitemap/2016/5/articles.xml"", ""https://www.nature.com/nutd/sitemap/2016/4/articles.xml"", ""https://www.nature.com/nutd/sitemap/2016/3/articles.xml"", ""https://www.nature.com/nutd/sitemap/2016/2/articles.xml"", ""https://www.nature.com/nutd/sitemap/2016/1/articles.xml"", ""https://www.nature.com/nutd/sitemap/2015/12/articles.xml"", ""https://www.nature.com/nutd/sitemap/2015/11/articles.xml"", ""https://www.nature.com/nutd/sitemap/2015/10/articles.xml"", ""https://www.nature.com/nutd/sitemap/2015/9/articles.xml"", ""https://www.nature.com/nutd/sitemap/2015/8/articles.xml""]",120,200,Nature,10617,142,True,941,False,True,False,True,rss_then_article_extract,medium,active,,2026-05-17 19:02:02.931456
ncbi_nlm_nih_gov,https://www.ncbi.nlm.nih.gov/pubmed/,https://www.ncbi.nlm.nih.gov/pubmed,ncbi.nlm.nih.gov,https,https://www.ncbi.nlm.nih.gov/pubmed,https://www.ncbi.nlm.nih.gov/robots.txt,True,"[""https://www.ncbi.nlm.nih.gov/Structure/sitemaps/cdd/sitemap_index.xml"", ""https://www.ncbi.nlm.nih.gov/Structure/sitemaps/genome/sitemap_index.xml"", ""https://www.ncbi.nlm.nih.gov/Structure/sitemaps/mmdb/sitemap_index.xml"", ""https://www.ncbi.nlm.nih.gov/Structure/sitemaps/sparcle/sitemap.xml"", ""https://www.ncbi.nlm.nih.gov/Traces/sitemap_index.xml"", ""https://www.ncbi.nlm.nih.gov/core/assets/osiris/files/sitemap.xml"", ""https://www.ncbi.nlm.nih.gov/escan?p=assembly/sitemap_index.xml"", ""https://www.ncbi.nlm.nih.gov/escan?p=biosystems/sitemap_index.xml"", ""https://www.ncbi.nlm.nih.gov/escan?p=books/sitemap_index.xml"", ""https://www.ncbi.nlm.nih.gov/escan?p=cdd/sitemap_index.xml"", ""https://www.ncbi.nlm.nih.gov/escan?p=clinvar/sitemap_index.xml"", ""https://www.ncbi.nlm.nih.gov/escan?p=gene/sitemap_index.xml"", ""https://www.ncbi.nlm.nih.gov/escan?p=gtr/sitemap_index.xml"", ""https://www.ncbi.nlm.nih.gov/escan?p=medgen/sitemap_index.xml"", ""https://www.ncbi.nlm.nih.gov/escan?p=mesh/sitemap_index.xml"", ""https://www.ncbi.nlm.nih.gov/escan?p=ncbi/sitemap.xml"", ""https://www.ncbi.nlm.nih.gov/escan?p=nlmcatalog/sitemap_index.xml"", ""https://www.ncbi.nlm.nih.gov/escan?p=orgtrack/sitemap_index.xml"", ""https://www.ncbi.nlm.nih.gov/escan?p=snp/sitemap_index.xml"", ""https://www.ncbi.nlm.nih.gov/escan?p=sra/sitemap_index.xml""]",True,True,True,pubmed_collector,,False,[],0,True,"[""https://www.ncbi.nlm.nih.gov/Structure/sitemaps/cdd/sitemap_index.xml"", ""https://www.ncbi.nlm.nih.gov/Structure/sitemaps/cdd/sitemap_000.xml"", ""https://www.ncbi.nlm.nih.gov/Structure/sitemaps/cdd/sitemap_001.xml"", ""https://www.ncbi.nlm.nih.gov/Structure/sitemaps/genome/sitemap_index.xml"", ""https://www.ncbi.nlm.nih.gov/Structure/sitemaps/genome/sitemap_000.xml"", ""https://www.ncbi.nlm.nih.gov/Structure/sitemaps/genome/sitemap_001.xml"", ""https://www.ncbi.nlm.nih.gov/Structure/sitemaps/mmdb/sitemap_index.xml"", ""https://www.ncbi.nlm.nih.gov/Structure/sitemaps/mmdb/sitemap_000.xml"", ""https://www.ncbi.nlm.nih.gov/Structure/sitemaps/mmdb/sitemap_001.xml"", ""https://www.ncbi.nlm.nih.gov/Structure/sitemaps/mmdb/sitemap_002.xml"", ""https://www.ncbi.nlm.nih.gov/Structure/sitemaps/mmdb/sitemap_003.xml"", ""https://www.ncbi.nlm.nih.gov/Structure/sitemaps/mmdb/sitemap_004.xml"", ""https://www.ncbi.nlm.nih.gov/Structure/sitemaps/mmdb/sitemap_005.xml"", ""https://www.ncbi.nlm.nih.gov/Structure/sitemaps/sparcle/sitemap.xml"", ""https://www.ncbi.nlm.nih.gov/Traces/sitemap_index.xml"", ""https://www.ncbi.nlm.nih.gov/Traces/sra-web-fe/sitemap.xml"", ""https://www.ncbi.nlm.nih.gov/core/assets/osiris/files/sitemap.xml""]",17,403,,0,0,False,0,True,True,False,False,api_first,low,active,,2026-05-17 19:02:02.931456
news24_com,https://www.news24.com/,https://www.news24.com/,news24.com,https,https://www.news24.com/,https://www.news24.com/robots.txt,True,"[""https://www.news24.com/sitemap""]",True,True,False,,,False,[],0,False,[],0,200,Top Stories | News24,14823,378,True,455,False,True,False,True,html_then_trafilatura,medium,active_candidate,,2026-05-17 19:15:25.668357
news_sky_com,https://news.sky.com/,https://news.sky.com/,news.sky.com,https,https://news.sky.com/,https://news.sky.com/robots.txt,True,[],False,True,False,,,False,[],0,False,[],0,403,,0,0,False,0,True,True,False,False,playwright_fallback,medium,active_candidate,,2026-05-17 19:06:35.020932
news_ycombinator_com,https://news.ycombinator.com/,https://news.ycombinator.com/,news.ycombinator.com,https,https://news.ycombinator.com/,https://news.ycombinator.com/robots.txt,True,[],True,True,False,,,True,"[""https://news.ycombinator.com/rss""]",1,False,[],0,200,Hacker News,3867,229,True,3855,False,False,False,True,rss_then_article_extract,medium,active,,2026-05-17 19:02:02.940694
npr_org,https://www.npr.org/,https://www.npr.org/,npr.org,https,https://www.npr.org/,https://www.npr.org/robots.txt,False,[],False,True,False,,,False,[],0,False,[],0,0,,0,0,False,0,False,False,False,False,manual_review,unknown,review,"The read operation timed out
Traceback (most recent call last):
  File ""C:\Users\lehoa\AppData\Roaming\Python\Python312\site-packages\httpx\_transports\default.py"", line 101, in map_httpcore_exceptions
    yield
  File ""C:\Users\lehoa\AppData\Roaming\Python\Python312\site-packages\httpx\_transports\default.py"", line 250, in handle_request
    resp = self._pool.handle_request(req)
           ^^^^^^^^^^^^^^^^^^^^^^^^^^^^^^
  File ""C:\Users\lehoa\AppData\Roaming\Python\Python312\site-packages\httpcore\_sync\connection_pool.py"", line 256, in handle_request
    raise exc from None
  File ""C:\Users\lehoa\AppData\Roaming\Python\Python312\site-packages\httpcore\_sync\connection_pool.py"", line 236, in handle_request
    response = connection.handle_request(
               ^^^^^^^^^^^^^^^^^^^^^^^^^^
  File ""C:\Users\lehoa\AppData\Roaming\Python\Python312\site-packages\httpcore\_sync\connection.py"", line 103, in handle_request
    return self._connection.handle_request(request)
           ^^^^^^^^^^^^^^^^^^^^^^^^^^^^^^^^^^^^^^^^
httpcore.ReadTimeout: The read operation timed out

The above exception was the direct cause of the following exception:

Traceback (most recent call last):
  File ""D:\cursor\LEONCODE\CRAWL WEB\leon_web_intel\src\profiler\source_profiler.py"", line 281, in profile_source
    probe = run_html_probe(norm, homepage_url, self.rules, self._fetch_text, self.raw_store)
            ^^^^^^^^^^^^^^^^^^^^^^^^^^^^^^^^^^^^^^^^^^^^^^^^^^^^^^^^^^^^^^^^^^^^^^^^^^^^^^^^
  File ""D:\cursor\LEONCODE\CRAWL WEB\leon_web_intel\src\profiler\html_probe.py"", line 38, in run_html_probe
    status, html = fetch_text(homepage_url)
                   ^^^^^^^^^^^^^^^^^^^^^^^^
  File ""D:\cursor\LEONCODE\CRAWL WEB\leon_web_intel\src\profiler\source_profiler.py"", line 211, in _fetch_text
    return self.http.get_text(url)
           ^^^^^^^^^^^^^^^^^^^^^^^
  File ""D:\cursor\LEONCODE\CRAWL WEB\leon_web_intel\src\utils\cache.py"", line 152, in get_text
    entry = self.get(url)
            ^^^^^^^^^^^^^
  File ""D:\cursor\LEONCODE\CRAWL WEB\leon_web_intel\src\utils\cache.py"", line 142, in get
    entry = self._fetch_uncached(url)
            ^^^^^^^^^^^^^^^^^^^^^^^^^
httpx.ReadTimeout: The read operation timed out
",2026-05-17 19:02:13.849167
nseindia_com,https://www.nseindia.com/,https://www.nseindia.com/,nseindia.com,https,https://www.nseindia.com/,https://www.nseindia.com/robots.txt,True,"[""https://www.nseindia.com/sitemap.xml""]",True,True,False,,,False,[],0,False,[],0,0,,0,0,False,0,False,False,False,False,manual_review,unknown,review,"Server disconnected without sending a response.
Traceback (most recent call last):
  File ""C:\Users\lehoa\AppData\Roaming\Python\Python312\site-packages\httpx\_transports\default.py"", line 101, in map_httpcore_exceptions
    yield
  File ""C:\Users\lehoa\AppData\Roaming\Python\Python312\site-packages\httpx\_transports\default.py"", line 250, in handle_request
    resp = self._pool.handle_request(req)
           ^^^^^^^^^^^^^^^^^^^^^^^^^^^^^^
  File ""C:\Users\lehoa\AppData\Roaming\Python\Python312\site-packages\httpcore\_sync\connection_pool.py"", line 256, in handle_request
    raise exc from None
  File ""C:\Users\lehoa\AppData\Roaming\Python\Python312\site-packages\httpcore\_sync\connection_pool.py"", line 236, in handle_request
    response = connection.handle_request(
               ^^^^^^^^^^^^^^^^^^^^^^^^^^
  File ""C:\Users\lehoa\AppData\Roaming\Python\Python312\site-packages\httpcore\_sync\connection.py"", line 103, in handle_request
    return self._connection.handle_request(request)
           ^^^^^^^^^^^^^^^^^^^^^^^^^^^^^^^^^^^^^^^^
httpcore.RemoteProtocolError: Server disconnected without sending a response.

The above exception was the direct cause of the following exception:

Traceback (most recent call last):
  File ""D:\cursor\LEONCODE\CRAWL WEB\leon_web_intel\src\profiler\source_profiler.py"", line 281, in profile_source
    probe = run_html_probe(norm, homepage_url, self.rules, self._fetch_text, self.raw_store)
            ^^^^^^^^^^^^^^^^^^^^^^^^^^^^^^^^^^^^^^^^^^^^^^^^^^^^^^^^^^^^^^^^^^^^^^^^^^^^^^^^
  File ""D:\cursor\LEONCODE\CRAWL WEB\leon_web_intel\src\profiler\html_probe.py"", line 38, in run_html_probe
    status, html = fetch_text(homepage_url)
                   ^^^^^^^^^^^^^^^^^^^^^^^^
  File ""D:\cursor\LEONCODE\CRAWL WEB\leon_web_intel\src\profiler\source_profiler.py"", line 211, in _fetch_text
    return self.http.get_text(url)
           ^^^^^^^^^^^^^^^^^^^^^^^
  File ""D:\cursor\LEONCODE\CRAWL WEB\leon_web_intel\src\utils\cache.py"", line 152, in get_text
    entry = self.get(url)
            ^^^^^^^^^^^^^
  File ""D:\cursor\LEONCODE\CRAWL WEB\leon_web_intel\src\utils\cache.py"", line 142, in get
    entry = self._fetch_uncached(url)
            ^^^^^^^^^^^^^^^^^^^^^^^^^
httpx.RemoteProtocolError: Server disconnected without sending a response.
",2026-05-17 19:08:31.090655
nytimes_com,https://www.nytimes.com/,https://www.nytimes.com/,nytimes.com,https,https://www.nytimes.com/,https://www.nytimes.com/robots.txt,True,"[""https://www.nytimes.com/sitemaps/new/news.xml.gz"", ""https://www.nytimes.com/sitemaps/new/sitemap.xml.gz"", ""https://www.nytimes.com/sitemaps/new/collections.xml.gz"", ""https://www.nytimes.com/sitemaps/new/video.xml.gz"", ""https://www.nytimes.com/sitemaps/new/cooking.xml.gz"", ""https://www.nytimes.com/sitemaps/new/recipe-collects.xml.gz"", ""https://www.nytimes.com/sitemaps/new/regions.xml"", ""https://www.nytimes.com/sitemaps/new/best-sellers.xml"", ""https://www.nytimes.com/sitemaps/new/subscription-landing-pages.xml"", ""https://www.nytimes.com/sitemaps/new/weather.xml.gz"", ""https://www.nytimes.com/sitemaps/new/espanol.xml.gz"", ""https://www.nytimes.com/sitemaps/new/espanol-collects.xml.gz"", ""https://www.nytimes.com/wirecutter/sitemapindex.xml"", ""https://www.nytimes.com/athletic/sitemap-videos-index.xml"", ""https://www.nytimes.com/athletic/sitemap-authors.xml"", ""https://www.nytimes.com/athletic/sitemap-verticals.xml"", ""https://www.nytimes.com/athletic/sitemap-teams.xml"", ""https://www.nytimes.com/athletic/sitemap-cities.xml"", ""https://www.nytimes.com/athletic/sitemap-tags.xml"", ""https://www.nytimes.com/athletic/sitemap-stats.xml"", ""https://www.nytimes.com/athletic/sitemap-schedule.xml"", ""https://www.nytimes.com/athletic/sitemap-roster.xml"", ""https://www.nytimes.com/athletic/sitemap.xml"", ""https://www.nytimes.com/games-assets/v2/assets/sitemap/games.xml""]",True,True,False,,,True,"[""https://rss.nytimes.com/services/xml/rss/nyt/HomePage.xml""]",1,True,"[""https://www.nytimes.com/sitemaps/new/news.xml.gz"", ""https://www.nytimes.com/sitemaps/new/sitemap.xml.gz"", ""https://www.nytimes.com/sitemaps/new/sitemap-2026-05.xml.gz"", ""https://www.nytimes.com/sitemaps/new/sitemap-2026-04.xml.gz"", ""https://www.nytimes.com/sitemaps/new/sitemap-2026-03.xml.gz"", ""https://www.nytimes.com/sitemaps/new/sitemap-2026-02.xml.gz"", ""https://www.nytimes.com/sitemaps/new/sitemap-2026-01.xml.gz"", ""https://www.nytimes.com/sitemaps/new/sitemap-2025-11.xml.gz"", ""https://www.nytimes.com/sitemaps/new/sitemap-2023-11.xml.gz"", ""https://www.nytimes.com/sitemaps/new/sitemap-2025-04.xml.gz"", ""https://www.nytimes.com/sitemaps/new/sitemap-2011-01.xml.gz"", ""https://www.nytimes.com/sitemaps/new/sitemap-2013-10.xml.gz"", ""https://www.nytimes.com/sitemaps/new/sitemap-2022-02.xml.gz"", ""https://www.nytimes.com/sitemaps/new/sitemap-2022-04.xml.gz"", ""https://www.nytimes.com/sitemaps/new/sitemap-2025-03.xml.gz"", ""https://www.nytimes.com/sitemaps/new/sitemap-2022-07.xml.gz"", ""https://www.nytimes.com/sitemaps/new/sitemap-2024-01.xml.gz"", ""https://www.nytimes.com/sitemaps/new/sitemap-2025-12.xml.gz"", ""https://www.nytimes.com/sitemaps/new/sitemap-2025-08.xml.gz"", ""https://www.nytimes.com/sitemaps/new/sitemap-2025-07.xml.gz"", ""https://www.nytimes.com/sitemaps/new/sitemap-2023-07.xml.gz"", ""https://www.nytimes.com/sitemaps/new/sitemap-2024-08.xml.gz"", ""https://www.nytimes.com/sitemaps/new/sitemap-2023-04.xml.gz"", ""https://www.nytimes.com/sitemaps/new/sitemap-2022-08.xml.gz"", ""https://www.nytimes.com/sitemaps/new/sitemap-2015-11.xml.gz"", ""https://www.nytimes.com/sitemaps/new/sitemap-2014-04.xml.gz"", ""https://www.nytimes.com/sitemaps/new/sitemap-2020-05.xml.gz"", ""https://www.nytimes.com/sitemaps/new/sitemap-2025-10.xml.gz"", ""https://www.nytimes.com/sitemaps/new/sitemap-2013-01.xml.gz"", ""https://www.nytimes.com/sitemaps/new/sitemap-2020-07.xml.gz"", ""https://www.nytimes.com/sitemaps/new/sitemap-2013-11.xml.gz"", ""https://www.nytimes.com/sitemaps/new/sitemap-2025-02.xml.gz"", ""https://www.nytimes.com/sitemaps/new/sitemap-2025-06.xml.gz"", ""https://www.nytimes.com/sitemaps/new/sitemap-2015-09.xml.gz"", ""https://www.nytimes.com/sitemaps/new/sitemap-2023-03.xml.gz"", ""https://www.nytimes.com/sitemaps/new/sitemap-2013-09.xml.gz"", ""https://www.nytimes.com/sitemaps/new/sitemap-2025-09.xml.gz"", ""https://www.nytimes.com/sitemaps/new/sitemap-2025-05.xml.gz"", ""https://www.nytimes.com/sitemaps/new/sitemap-2025-01.xml.gz"", ""https://www.nytimes.com/sitemaps/new/sitemap-2024-12.xml.gz"", ""https://www.nytimes.com/sitemaps/new/sitemap-2024-10.xml.gz"", ""https://www.nytimes.com/sitemaps/new/sitemap-2024-11.xml.gz"", ""https://www.nytimes.com/sitemaps/new/sitemap-2024-09.xml.gz"", ""https://www.nytimes.com/sitemaps/new/sitemap-2024-07.xml.gz"", ""https://www.nytimes.com/sitemaps/new/sitemap-2024-06.xml.gz"", ""https://www.nytimes.com/sitemaps/new/sitemap-2024-05.xml.gz"", ""https://www.nytimes.com/sitemaps/new/sitemap-2024-03.xml.gz"", ""https://www.nytimes.com/sitemaps/new/sitemap-2024-04.xml.gz"", ""https://www.nytimes.com/sitemaps/new/sitemap-2024-02.xml.gz"", ""https://www.nytimes.com/sitemaps/new/sitemap-2023-12.xml.gz"", ""https://www.nytimes.com/sitemaps/new/sitemap-2023-09.xml.gz"", ""https://www.nytimes.com/sitemaps/new/sitemap-2023-08.xml.gz"", ""https://www.nytimes.com/sitemaps/new/sitemap-2011-02.xml.gz"", ""https://www.nytimes.com/sitemaps/new/sitemap-2023-10.xml.gz"", ""https://www.nytimes.com/sitemaps/new/sitemap-2022-05.xml.gz"", ""https://www.nytimes.com/sitemaps/new/sitemap-2018-05.xml.gz"", ""https://www.nytimes.com/sitemaps/new/sitemap-2018-09.xml.gz"", ""https://www.nytimes.com/sitemaps/new/sitemap-2018-07.xml.gz"", ""https://www.nytimes.com/sitemaps/new/sitemap-2022-01.xml.gz"", ""https://www.nytimes.com/sitemaps/new/sitemap-2012-06.xml.gz"", ""https://www.nytimes.com/sitemaps/new/sitemap-2018-02.xml.gz"", ""https://www.nytimes.com/sitemaps/new/sitemap-2019-10.xml.gz"", ""https://www.nytimes.com/sitemaps/new/sitemap-2016-04.xml.gz"", ""https://www.nytimes.com/sitemaps/new/sitemap-2015-02.xml.gz"", ""https://www.nytimes.com/sitemaps/new/sitemap-2020-09.xml.gz"", ""https://www.nytimes.com/sitemaps/new/sitemap-2020-10.xml.gz"", ""https://www.nytimes.com/sitemaps/new/sitemap-2017-09.xml.gz"", ""https://www.nytimes.com/sitemaps/new/sitemap-2014-03.xml.gz"", ""https://www.nytimes.com/sitemaps/new/sitemap-2021-12.xml.gz"", ""https://www.nytimes.com/sitemaps/new/sitemap-2016-12.xml.gz"", ""https://www.nytimes.com/sitemaps/new/sitemap-2020-04.xml.gz"", ""https://www.nytimes.com/sitemaps/new/sitemap-2013-08.xml.gz"", ""https://www.nytimes.com/sitemaps/new/sitemap-2016-01.xml.gz"", ""https://www.nytimes.com/sitemaps/new/sitemap-2020-03.xml.gz"", ""https://www.nytimes.com/sitemaps/new/sitemap-2022-10.xml.gz"", ""https://www.nytimes.com/sitemaps/new/sitemap-2021-09.xml.gz"", ""https://www.nytimes.com/sitemaps/new/sitemap-2021-07.xml.gz"", ""https://www.nytimes.com/sitemaps/new/sitemap-2019-05.xml.gz"", ""https://www.nytimes.com/sitemaps/new/sitemap-2014-08.xml.gz"", ""https://www.nytimes.com/sitemaps/new/sitemap-2018-06.xml.gz"", ""https://www.nytimes.com/sitemaps/new/sitemap-2023-06.xml.gz"", ""https://www.nytimes.com/sitemaps/new/sitemap-2023-05.xml.gz"", ""https://www.nytimes.com/sitemaps/new/sitemap-2017-01.xml.gz"", ""https://www.nytimes.com/sitemaps/new/sitemap-2011-06.xml.gz"", ""https://www.nytimes.com/sitemaps/new/sitemap-2010-08.xml.gz"", ""https://www.nytimes.com/sitemaps/new/sitemap-2011-11.xml.gz"", ""https://www.nytimes.com/sitemaps/new/sitemap-2019-12.xml.gz"", ""https://www.nytimes.com/sitemaps/new/sitemap-2021-05.xml.gz"", ""https://www.nytimes.com/sitemaps/new/sitemap-2023-02.xml.gz"", ""https://www.nytimes.com/sitemaps/new/sitemap-2018-01.xml.gz"", ""https://www.nytimes.com/sitemaps/new/sitemap-2021-06.xml.gz"", ""https://www.nytimes.com/sitemaps/new/sitemap-2014-09.xml.gz"", ""https://www.nytimes.com/sitemaps/new/sitemap-2014-02.xml.gz"", ""https://www.nytimes.com/sitemaps/new/sitemap-2019-01.xml.gz"", ""https://www.nytimes.com/sitemaps/new/sitemap-2014-12.xml.gz"", ""https://www.nytimes.com/sitemaps/new/sitemap-2011-09.xml.gz"", ""https://www.nytimes.com/sitemaps/new/sitemap-2020-02.xml.gz"", ""https://www.nytimes.com/sitemaps/new/sitemap-2021-04.xml.gz"", ""https://www.nytimes.com/sitemaps/new/sitemap-2021-03.xml.gz"", ""https://www.nytimes.com/sitemaps/new/sitemap-2011-04.xml.gz"", ""https://www.nytimes.com/sitemaps/new/sitemap-2019-08.xml.gz"", ""https://www.nytimes.com/sitemaps/new/sitemap-2019-04.xml.gz"", ""https://www.nytimes.com/sitemaps/new/sitemap-2019-11.xml.gz"", ""https://www.nytimes.com/sitemaps/new/sitemap-2018-03.xml.gz"", ""https://www.nytimes.com/sitemaps/new/sitemap-2017-11.xml.gz"", ""https://www.nytimes.com/sitemaps/new/sitemap-2016-08.xml.gz"", ""https://www.nytimes.com/sitemaps/new/sitemap-2017-06.xml.gz"", ""https://www.nytimes.com/sitemaps/new/sitemap-2016-11.xml.gz"", ""https://www.nytimes.com/sitemaps/new/sitemap-2018-04.xml.gz"", ""https://www.nytimes.com/sitemaps/new/sitemap-2014-07.xml.gz"", ""https://www.nytimes.com/sitemaps/new/sitemap-2022-09.xml.gz"", ""https://www.nytimes.com/sitemaps/new/sitemap-2019-09.xml.gz"", ""https://www.nytimes.com/sitemaps/new/sitemap-2019-07.xml.gz"", ""https://www.nytimes.com/sitemaps/new/sitemap-2019-03.xml.gz"", ""https://www.nytimes.com/sitemaps/new/sitemap-2018-12.xml.gz"", ""https://www.nytimes.com/sitemaps/new/sitemap-2018-10.xml.gz"", ""https://www.nytimes.com/sitemaps/new/sitemap-2020-01.xml.gz"", ""https://www.nytimes.com/sitemaps/new/sitemap-2021-11.xml.gz"", ""https://www.nytimes.com/sitemaps/new/sitemap-2021-10.xml.gz"", ""https://www.nytimes.com/sitemaps/new/sitemap-2021-02.xml.gz""]",120,200,"The New York Times - Breaking News, US News, World News and Videos",9159,239,True,4751,False,True,True,True,rss_then_article_extract,medium,active,,2026-05-17 19:02:02.948314
nzherald_co_nz,https://www.nzherald.co.nz/,https://www.nzherald.co.nz/,nzherald.co.nz,https,https://www.nzherald.co.nz/,https://www.nzherald.co.nz/robots.txt,True,"[""https://www.nzherald.co.nz/arc/outboundfeeds/sitemap-index/?outputType=xml&_website=nzh"", ""https://www.nzherald.co.nz/arc/outboundfeeds/sitemap-index/?outputType=xml&_website=viva"", ""https://www.nzherald.co.nz/arc/outboundfeeds/sitemap-index/?outputType=xml&_website=bay-of-plenty-times"", ""https://www.nzherald.co.nz/arc/outboundfeeds/sitemap-index/?outputType=xml&_website=hawkes-bay-today"", ""https://www.nzherald.co.nz/arc/outboundfeeds/sitemap-index/?outputType=xml&_website=newstalk-zb"", ""https://www.nzherald.co.nz/arc/outboundfeeds/sitemap-index/?outputType=xml&_website=rotorua-daily-post"", ""https://www.nzherald.co.nz/arc/outboundfeeds/sitemap-index/?outputType=xml&_website=the-country"", ""https://www.nzherald.co.nz/arc/outboundfeeds/sitemap-index/?outputType=xml&_website=northern-advocate"", ""https://www.nzherald.co.nz/arc/outboundfeeds/sitemap-index/?outputType=xml&_website=northland-age"", ""https://www.nzherald.co.nz/arc/outboundfeeds/sitemap-index/?outputType=xml&_website=waikato-news"", ""https://www.nzherald.co.nz/arc/outboundfeeds/sitemap-index/?outputType=xml&_website=whanganui-chronicle"", ""https://www.nzherald.co.nz/arc/outboundfeeds/sitemap-index/?outputType=xml&_website=eatwell"", ""https://www.nzherald.co.nz/arc/outboundfeeds/sitemap-index/?outputType=xml&_website=the-listener"", ""https://www.nzherald.co.nz/arc/outboundfeeds/sitemap-index/?outputType=xml&_website=gisborne-herald"", ""https://www.nzherald.co.nz/arc/outboundfeeds/sitemap-video-index/?outputType=xml&_website=nzh"", ""https://www.nzherald.co.nz/arc/outboundfeeds/sitemap-video-index/?outputType=xml&_website=viva"", ""https://www.nzherald.co.nz/arc/outboundfeeds/sitemap-video-index/?outputType=xml&_website=bay-of-plenty-times"", ""https://www.nzherald.co.nz/arc/outboundfeeds/sitemap-video-index/?outputType=xml&_website=hawkes-bay-today"", ""https://www.nzherald.co.nz/arc/outboundfeeds/sitemap-video-index/?outputType=xml&_website=newstalk-zb"", ""https://www.nzherald.co.nz/arc/outboundfeeds/sitemap-video-index/?outputType=xml&_website=rotorua-daily-post"", ""https://www.nzherald.co.nz/arc/outboundfeeds/sitemap-video-index/?outputType=xml&_website=the-country"", ""https://www.nzherald.co.nz/arc/outboundfeeds/sitemap-video-index/?outputType=xml&_website=northern-advocate"", ""https://www.nzherald.co.nz/arc/outboundfeeds/sitemap-video-index/?outputType=xml&_website=northland-age"", ""https://www.nzherald.co.nz/arc/outboundfeeds/sitemap-video-index/?outputType=xml&_website=waikato-news"", ""https://www.nzherald.co.nz/arc/outboundfeeds/sitemap-video-index/?outputType=xml&_website=whanganui-chronicle"", ""https://www.nzherald.co.nz/arc/outboundfeeds/sitemap-video-index/?outputType=xml&_website=eatwell"", ""https://www.nzherald.co.nz/arc/outboundfeeds/sitemap-video-index/?outputType=xml&_website=the-listener"", ""https://www.nzherald.co.nz/arc/outboundfeeds/sitemap-video-index/?outputType=xml&_website=gisborne-herald"", ""https://www.nzherald.co.nz/arc/outboundfeeds/sitemap-sites/?outputType=xml"", ""https://www.nzherald.co.nz/arc/outboundfeeds/sitemap-authors/?outputType=xml"", ""https://www.nzherald.co.nz/arc/outboundfeeds/sitemap-sections/?outputType=xml"", ""https://www.nzherald.co.nz/arc/outboundfeeds/sitemaptopics/?outputType=xml&from=0&to=a"", ""https://www.nzherald.co.nz/arc/outboundfeeds/sitemaptopics/?outputType=xml&from=b&to=d"", ""https://www.nzherald.co.nz/arc/outboundfeeds/sitemaptopics/?outputType=xml&from=e&to=g"", ""https://www.nzherald.co.nz/arc/outboundfeeds/sitemaptopics/?outputType=xml&from=h&to=j"", ""https://www.nzherald.co.nz/arc/outboundfeeds/sitemaptopics/?outputType=xml&from=k&to=m"", ""https://www.nzherald.co.nz/arc/outboundfeeds/sitemaptopics/?outputType=xml&from=n&to=p"", ""https://www.nzherald.co.nz/arc/outboundfeeds/sitemaptopics/?outputType=xml&from=q&to=s"", ""https://www.nzherald.co.nz/arc/outboundfeeds/sitemaptopics/?outputType=xml&from=t&to=v"", ""https://www.nzherald.co.nz/arc/outboundfeeds/sitemaptopics/?outputType=xml&from=w&to=z"", ""https://www.nzherald.co.nz/arc/outboundfeeds/sitemap-news/?outputType=xml&_website=nzh"", ""https://www.nzherald.co.nz/arc/outboundfeeds/sitemap-news/?outputType=xml&_website=viva"", ""https://www.nzherald.co.nz/arc/outboundfeeds/sitemap-news/?outputType=xml&_website=bay-of-plenty-times"", ""https://www.nzherald.co.nz/arc/outboundfeeds/sitemap-news/?outputType=xml&_website=hawkes-bay-today"", ""https://www.nzherald.co.nz/arc/outboundfeeds/sitemap-news/?outputType=xml&_website=newstalk-zb"", ""https://www.nzherald.co.nz/arc/outboundfeeds/sitemap-news/?outputType=xml&_website=rotorua-daily-post"", ""https://www.nzherald.co.nz/arc/outboundfeeds/sitemap-news/?outputType=xml&_website=the-country"", ""https://www.nzherald.co.nz/arc/outboundfeeds/sitemap-news/?outputType=xml&_website=northern-advocate"", ""https://www.nzherald.co.nz/arc/outboundfeeds/sitemap-news/?outputType=xml&_website=northland-age"", ""https://www.nzherald.co.nz/arc/outboundfeeds/sitemap-news/?outputType=xml&_website=waikato-news"", ""https://www.nzherald.co.nz/arc/outboundfeeds/sitemap-news/?outputType=xml&_website=whanganui-chronicle"", ""https://www.nzherald.co.nz/arc/outboundfeeds/sitemap-news/?outputType=xml&_website=eatwell"", ""https://www.nzherald.co.nz/arc/outboundfeeds/sitemap-news/?outputType=xml&_website=the-listener"", ""https://www.nzherald.co.nz/arc/outboundfeeds/sitemap-news/?outputType=xml&_website=gisborne-herald""]",True,True,False,,,False,[],0,True,"[""https://www.nzherald.co.nz/arc/outboundfeeds/sitemap-index/?outputType=xml&_website=nzh"", ""https://www.nzherald.co.nz/arc/outboundfeeds/sitemap/latest/?outputType=xml&_website=nzh"", ""https://www.nzherald.co.nz/arc/outboundfeeds/sitemap/2026-05-16/?outputType=xml&_website=nzh"", ""https://www.nzherald.co.nz/arc/outboundfeeds/sitemap2/2026-05-15/?outputType=xml&_website=nzh"", ""https://www.nzherald.co.nz/arc/outboundfeeds/sitemap2/2026-05-14/?outputType=xml&_website=nzh"", ""https://www.nzherald.co.nz/arc/outboundfeeds/sitemap2/2026-05-13/?outputType=xml&_website=nzh"", ""https://www.nzherald.co.nz/arc/outboundfeeds/sitemap2/2026-05-12/?outputType=xml&_website=nzh"", ""https://www.nzherald.co.nz/arc/outboundfeeds/sitemap2/2026-05-11/?outputType=xml&_website=nzh"", ""https://www.nzherald.co.nz/arc/outboundfeeds/sitemap3/2026-05-10/?outputType=xml&_website=nzh"", ""https://www.nzherald.co.nz/arc/outboundfeeds/sitemap3/2026-05-09/?outputType=xml&_website=nzh"", ""https://www.nzherald.co.nz/arc/outboundfeeds/sitemap3/2026-05-08/?outputType=xml&_website=nzh"", ""https://www.nzherald.co.nz/arc/outboundfeeds/sitemap3/2026-05-07/?outputType=xml&_website=nzh"", ""https://www.nzherald.co.nz/arc/outboundfeeds/sitemap3/2026-05-06/?outputType=xml&_website=nzh"", ""https://www.nzherald.co.nz/arc/outboundfeeds/sitemap3/2026-05-05/?outputType=xml&_website=nzh"", ""https://www.nzherald.co.nz/arc/outboundfeeds/sitemap3/2026-05-04/?outputType=xml&_website=nzh"", ""https://www.nzherald.co.nz/arc/outboundfeeds/sitemap3/2026-05-03/?outputType=xml&_website=nzh"", ""https://www.nzherald.co.nz/arc/outboundfeeds/sitemap3/2026-05-02/?outputType=xml&_website=nzh"", ""https://www.nzherald.co.nz/arc/outboundfeeds/sitemap3/2026-05-01/?outputType=xml&_website=nzh"", ""https://www.nzherald.co.nz/arc/outboundfeeds/sitemap3/2026-04-30/?outputType=xml&_website=nzh"", ""https://www.nzherald.co.nz/arc/outboundfeeds/sitemap3/2026-04-29/?outputType=xml&_website=nzh"", ""https://www.nzherald.co.nz/arc/outboundfeeds/sitemap3/2026-04-28/?outputType=xml&_website=nzh"", ""https://www.nzherald.co.nz/arc/outboundfeeds/sitemap3/2026-04-27/?outputType=xml&_website=nzh"", ""https://www.nzherald.co.nz/arc/outboundfeeds/sitemap3/2026-04-26/?outputType=xml&_website=nzh"", ""https://www.nzherald.co.nz/arc/outboundfeeds/sitemap3/2026-04-25/?outputType=xml&_website=nzh"", ""https://www.nzherald.co.nz/arc/outboundfeeds/sitemap3/2026-04-24/?outputType=xml&_website=nzh"", ""https://www.nzherald.co.nz/arc/outboundfeeds/sitemap3/2026-04-23/?outputType=xml&_website=nzh"", ""https://www.nzherald.co.nz/arc/outboundfeeds/sitemap3/2026-04-22/?outputType=xml&_website=nzh"", ""https://www.nzherald.co.nz/arc/outboundfeeds/sitemap3/2026-04-21/?outputType=xml&_website=nzh"", ""https://www.nzherald.co.nz/arc/outboundfeeds/sitemap3/2026-04-20/?outputType=xml&_website=nzh"", ""https://www.nzherald.co.nz/arc/outboundfeeds/sitemap3/2026-04-19/?outputType=xml&_website=nzh"", ""https://www.nzherald.co.nz/arc/outboundfeeds/sitemap3/2026-04-18/?outputType=xml&_website=nzh"", ""https://www.nzherald.co.nz/arc/outboundfeeds/sitemap3/2026-04-17/?outputType=xml&_website=nzh"", ""https://www.nzherald.co.nz/arc/outboundfeeds/sitemap3/2026-04-16/?outputType=xml&_website=nzh"", ""https://www.nzherald.co.nz/arc/outboundfeeds/sitemap3/2026-04-15/?outputType=xml&_website=nzh"", ""https://www.nzherald.co.nz/arc/outboundfeeds/sitemap3/2026-04-14/?outputType=xml&_website=nzh"", ""https://www.nzherald.co.nz/arc/outboundfeeds/sitemap3/2026-04-13/?outputType=xml&_website=nzh"", ""https://www.nzherald.co.nz/arc/outboundfeeds/sitemap3/2026-04-12/?outputType=xml&_website=nzh"", ""https://www.nzherald.co.nz/arc/outboundfeeds/sitemap3/2026-04-11/?outputType=xml&_website=nzh"", ""https://www.nzherald.co.nz/arc/outboundfeeds/sitemap3/2026-04-10/?outputType=xml&_website=nzh"", ""https://www.nzherald.co.nz/arc/outboundfeeds/sitemap3/2026-04-09/?outputType=xml&_website=nzh"", ""https://www.nzherald.co.nz/arc/outboundfeeds/sitemap3/2026-04-08/?outputType=xml&_website=nzh"", ""https://www.nzherald.co.nz/arc/outboundfeeds/sitemap3/2026-04-07/?outputType=xml&_website=nzh"", ""https://www.nzherald.co.nz/arc/outboundfeeds/sitemap3/2026-04-06/?outputType=xml&_website=nzh"", ""https://www.nzherald.co.nz/arc/outboundfeeds/sitemap3/2026-04-05/?outputType=xml&_website=nzh"", ""https://www.nzherald.co.nz/arc/outboundfeeds/sitemap3/2026-04-04/?outputType=xml&_website=nzh"", ""https://www.nzherald.co.nz/arc/outboundfeeds/sitemap3/2026-04-03/?outputType=xml&_website=nzh"", ""https://www.nzherald.co.nz/arc/outboundfeeds/sitemap3/2026-04-02/?outputType=xml&_website=nzh"", ""https://www.nzherald.co.nz/arc/outboundfeeds/sitemap3/2026-04-01/?outputType=xml&_website=nzh"", ""https://www.nzherald.co.nz/arc/outboundfeeds/sitemap3/2026-03-31/?outputType=xml&_website=nzh"", ""https://www.nzherald.co.nz/arc/outboundfeeds/sitemap3/2026-03-30/?outputType=xml&_website=nzh"", ""https://www.nzherald.co.nz/arc/outboundfeeds/sitemap3/2026-03-29/?outputType=xml&_website=nzh"", ""https://www.nzherald.co.nz/arc/outboundfeeds/sitemap3/2026-03-28/?outputType=xml&_website=nzh"", ""https://www.nzherald.co.nz/arc/outboundfeeds/sitemap3/2026-03-27/?outputType=xml&_website=nzh"", ""https://www.nzherald.co.nz/arc/outboundfeeds/sitemap3/2026-03-26/?outputType=xml&_website=nzh"", ""https://www.nzherald.co.nz/arc/outboundfeeds/sitemap3/2026-03-25/?outputType=xml&_website=nzh"", ""https://www.nzherald.co.nz/arc/outboundfeeds/sitemap3/2026-03-24/?outputType=xml&_website=nzh"", ""https://www.nzherald.co.nz/arc/outboundfeeds/sitemap3/2026-03-23/?outputType=xml&_website=nzh"", ""https://www.nzherald.co.nz/arc/outboundfeeds/sitemap3/2026-03-22/?outputType=xml&_website=nzh"", ""https://www.nzherald.co.nz/arc/outboundfeeds/sitemap3/2026-03-21/?outputType=xml&_website=nzh"", ""https://www.nzherald.co.nz/arc/outboundfeeds/sitemap3/2026-03-20/?outputType=xml&_website=nzh"", ""https://www.nzherald.co.nz/arc/outboundfeeds/sitemap3/2026-03-19/?outputType=xml&_website=nzh"", ""https://www.nzherald.co.nz/arc/outboundfeeds/sitemap3/2026-03-18/?outputType=xml&_website=nzh"", ""https://www.nzherald.co.nz/arc/outboundfeeds/sitemap3/2026-03-17/?outputType=xml&_website=nzh"", ""https://www.nzherald.co.nz/arc/outboundfeeds/sitemap3/2026-03-16/?outputType=xml&_website=nzh"", ""https://www.nzherald.co.nz/arc/outboundfeeds/sitemap3/2026-03-15/?outputType=xml&_website=nzh"", ""https://www.nzherald.co.nz/arc/outboundfeeds/sitemap3/2026-03-14/?outputType=xml&_website=nzh"", ""https://www.nzherald.co.nz/arc/outboundfeeds/sitemap3/2026-03-13/?outputType=xml&_website=nzh"", ""https://www.nzherald.co.nz/arc/outboundfeeds/sitemap3/2026-03-12/?outputType=xml&_website=nzh"", ""https://www.nzherald.co.nz/arc/outboundfeeds/sitemap3/2026-03-11/?outputType=xml&_website=nzh"", ""https://www.nzherald.co.nz/arc/outboundfeeds/sitemap3/2026-03-10/?outputType=xml&_website=nzh"", ""https://www.nzherald.co.nz/arc/outboundfeeds/sitemap3/2026-03-09/?outputType=xml&_website=nzh"", ""https://www.nzherald.co.nz/arc/outboundfeeds/sitemap3/2026-03-08/?outputType=xml&_website=nzh"", ""https://www.nzherald.co.nz/arc/outboundfeeds/sitemap3/2026-03-07/?outputType=xml&_website=nzh"", ""https://www.nzherald.co.nz/arc/outboundfeeds/sitemap3/2026-03-06/?outputType=xml&_website=nzh"", ""https://www.nzherald.co.nz/arc/outboundfeeds/sitemap3/2026-03-05/?outputType=xml&_website=nzh"", ""https://www.nzherald.co.nz/arc/outboundfeeds/sitemap3/2026-03-04/?outputType=xml&_website=nzh"", ""https://www.nzherald.co.nz/arc/outboundfeeds/sitemap3/2026-03-03/?outputType=xml&_website=nzh"", ""https://www.nzherald.co.nz/arc/outboundfeeds/sitemap3/2026-03-02/?outputType=xml&_website=nzh"", ""https://www.nzherald.co.nz/arc/outboundfeeds/sitemap3/2026-03-01/?outputType=xml&_website=nzh"", ""https://www.nzherald.co.nz/arc/outboundfeeds/sitemap3/2026-02-28/?outputType=xml&_website=nzh"", ""https://www.nzherald.co.nz/arc/outboundfeeds/sitemap3/2026-02-27/?outputType=xml&_website=nzh"", ""https://www.nzherald.co.nz/arc/outboundfeeds/sitemap3/2026-02-26/?outputType=xml&_website=nzh"", ""https://www.nzherald.co.nz/arc/outboundfeeds/sitemap3/2026-02-25/?outputType=xml&_website=nzh"", ""https://www.nzherald.co.nz/arc/outboundfeeds/sitemap3/2026-02-24/?outputType=xml&_website=nzh"", ""https://www.nzherald.co.nz/arc/outboundfeeds/sitemap3/2026-02-23/?outputType=xml&_website=nzh"", ""https://www.nzherald.co.nz/arc/outboundfeeds/sitemap3/2026-02-22/?outputType=xml&_website=nzh"", ""https://www.nzherald.co.nz/arc/outboundfeeds/sitemap3/2026-02-21/?outputType=xml&_website=nzh"", ""https://www.nzherald.co.nz/arc/outboundfeeds/sitemap3/2026-02-20/?outputType=xml&_website=nzh"", ""https://www.nzherald.co.nz/arc/outboundfeeds/sitemap3/2026-02-19/?outputType=xml&_website=nzh"", ""https://www.nzherald.co.nz/arc/outboundfeeds/sitemap3/2026-02-18/?outputType=xml&_website=nzh"", ""https://www.nzherald.co.nz/arc/outboundfeeds/sitemap3/2026-02-17/?outputType=xml&_website=nzh"", ""https://www.nzherald.co.nz/arc/outboundfeeds/sitemap3/2026-02-16/?outputType=xml&_website=nzh"", ""https://www.nzherald.co.nz/arc/outboundfeeds/sitemap3/2026-02-15/?outputType=xml&_website=nzh"", ""https://www.nzherald.co.nz/arc/outboundfeeds/sitemap3/2026-02-14/?outputType=xml&_website=nzh"", ""https://www.nzherald.co.nz/arc/outboundfeeds/sitemap3/2026-02-13/?outputType=xml&_website=nzh"", ""https://www.nzherald.co.nz/arc/outboundfeeds/sitemap3/2026-02-12/?outputType=xml&_website=nzh"", ""https://www.nzherald.co.nz/arc/outboundfeeds/sitemap3/2026-02-11/?outputType=xml&_website=nzh"", ""https://www.nzherald.co.nz/arc/outboundfeeds/sitemap3/2026-02-10/?outputType=xml&_website=nzh"", ""https://www.nzherald.co.nz/arc/outboundfeeds/sitemap3/2026-02-09/?outputType=xml&_website=nzh"", ""https://www.nzherald.co.nz/arc/outboundfeeds/sitemap3/2026-02-08/?outputType=xml&_website=nzh"", ""https://www.nzherald.co.nz/arc/outboundfeeds/sitemap3/2026-02-07/?outputType=xml&_website=nzh"", ""https://www.nzherald.co.nz/arc/outboundfeeds/sitemap3/2026-02-06/?outputType=xml&_website=nzh"", ""https://www.nzherald.co.nz/arc/outboundfeeds/sitemap3/2026-02-05/?outputType=xml&_website=nzh"", ""https://www.nzherald.co.nz/arc/outboundfeeds/sitemap3/2026-02-04/?outputType=xml&_website=nzh"", ""https://www.nzherald.co.nz/arc/outboundfeeds/sitemap3/2026-02-03/?outputType=xml&_website=nzh"", ""https://www.nzherald.co.nz/arc/outboundfeeds/sitemap3/2026-02-02/?outputType=xml&_website=nzh"", ""https://www.nzherald.co.nz/arc/outboundfeeds/sitemap3/2026-02-01/?outputType=xml&_website=nzh"", ""https://www.nzherald.co.nz/arc/outboundfeeds/sitemap3/2026-01-31/?outputType=xml&_website=nzh"", ""https://www.nzherald.co.nz/arc/outboundfeeds/sitemap3/2026-01-30/?outputType=xml&_website=nzh"", ""https://www.nzherald.co.nz/arc/outboundfeeds/sitemap3/2026-01-29/?outputType=xml&_website=nzh"", ""https://www.nzherald.co.nz/arc/outboundfeeds/sitemap3/2026-01-28/?outputType=xml&_website=nzh"", ""https://www.nzherald.co.nz/arc/outboundfeeds/sitemap3/2026-01-27/?outputType=xml&_website=nzh"", ""https://www.nzherald.co.nz/arc/outboundfeeds/sitemap3/2026-01-26/?outputType=xml&_website=nzh"", ""https://www.nzherald.co.nz/arc/outboundfeeds/sitemap3/2026-01-25/?outputType=xml&_website=nzh"", ""https://www.nzherald.co.nz/arc/outboundfeeds/sitemap3/2026-01-24/?outputType=xml&_website=nzh"", ""https://www.nzherald.co.nz/arc/outboundfeeds/sitemap3/2026-01-23/?outputType=xml&_website=nzh"", ""https://www.nzherald.co.nz/arc/outboundfeeds/sitemap3/2026-01-22/?outputType=xml&_website=nzh"", ""https://www.nzherald.co.nz/arc/outboundfeeds/sitemap3/2026-01-21/?outputType=xml&_website=nzh"", ""https://www.nzherald.co.nz/arc/outboundfeeds/sitemap3/2026-01-20/?outputType=xml&_website=nzh"", ""https://www.nzherald.co.nz/arc/outboundfeeds/sitemap3/2026-01-19/?outputType=xml&_website=nzh""]",120,200,NZ Herald: Breaking & Latest New Zealand News - NZ Herald,20503,837,True,455,False,True,False,True,sitemap_then_article_extract,medium,active,,2026-05-17 19:13:44.925985
oecd_org,https://www.oecd.org/,https://www.oecd.org/,oecd.org,https,https://www.oecd.org/,https://www.oecd.org/robots.txt,True,"[""https://www.oecd.org/sitemap.xml""]",True,True,False,,,False,[],0,False,[],0,403,,0,0,False,0,True,True,False,False,playwright_fallback,medium,active_candidate,,2026-05-17 19:02:02.931456
ons_gov_uk,https://www.ons.gov.uk/,https://www.ons.gov.uk/,ons.gov.uk,https,https://www.ons.gov.uk/,https://www.ons.gov.uk/robots.txt,True,[],False,True,False,,,False,[],0,False,[],0,200,"Home
      - Office for National Statistics",4943,119,True,1898,False,True,False,False,html_then_trafilatura,medium,active_candidate,,2026-05-17 19:04:19.471457
openalex_org,https://www.openalex.org/,https://www.openalex.org/,openalex.org,https,https://www.openalex.org/,https://www.openalex.org/robots.txt,False,[],False,True,True,openalex_collector,https://api.openalex.org/,False,[],0,False,[],0,0,,0,0,False,0,False,False,False,False,manual_review,unknown,review,"[SSL: TLSV1_UNRECOGNIZED_NAME] tlsv1 unrecognized name (_ssl.c:1000)
Traceback (most recent call last):
  File ""C:\Users\lehoa\AppData\Roaming\Python\Python312\site-packages\httpx\_transports\default.py"", line 101, in map_httpcore_exceptions
    yield
  File ""C:\Users\lehoa\AppData\Roaming\Python\Python312\site-packages\httpx\_transports\default.py"", line 250, in handle_request
    resp = self._pool.handle_request(req)
           ^^^^^^^^^^^^^^^^^^^^^^^^^^^^^^
  File ""C:\Users\lehoa\AppData\Roaming\Python\Python312\site-packages\httpcore\_sync\connection_pool.py"", line 256, in handle_request
    raise exc from None
  File ""C:\Users\lehoa\AppData\Roaming\Python\Python312\site-packages\httpcore\_sync\connection_pool.py"", line 236, in handle_request
    response = connection.handle_request(
               ^^^^^^^^^^^^^^^^^^^^^^^^^^
  File ""C:\Users\lehoa\AppData\Roaming\Python\Python312\site-packages\httpcore\_sync\connection.py"", line 101, in handle_request
    raise exc
httpcore.ConnectError: [SSL: TLSV1_UNRECOGNIZED_NAME] tlsv1 unrecognized name (_ssl.c:1000)

The above exception was the direct cause of the following exception:

Traceback (most recent call last):
  File ""D:\cursor\LEONCODE\CRAWL WEB\leon_web_intel\src\profiler\source_profiler.py"", line 281, in profile_source
    probe = run_html_probe(norm, homepage_url, self.rules, self._fetch_text, self.raw_store)
            ^^^^^^^^^^^^^^^^^^^^^^^^^^^^^^^^^^^^^^^^^^^^^^^^^^^^^^^^^^^^^^^^^^^^^^^^^^^^^^^^
  File ""D:\cursor\LEONCODE\CRAWL WEB\leon_web_intel\src\profiler\html_probe.py"", line 38, in run_html_probe
    status, html = fetch_text(homepage_url)
                   ^^^^^^^^^^^^^^^^^^^^^^^^
  File ""D:\cursor\LEONCODE\CRAWL WEB\leon_web_intel\src\profiler\source_profiler.py"", line 211, in _fetch_text
    return self.http.get_text(url)
           ^^^^^^^^^^^^^^^^^^^^^^^
  File ""D:\cursor\LEONCODE\CRAWL WEB\leon_web_intel\src\utils\cache.py"", line 152, in get_text
    entry = self.get(url)
            ^^^^^^^^^^^^^
  File ""D:\cursor\LEONCODE\CRAWL WEB\leon_web_intel\src\utils\cache.py"", line 142, in get
    entry = self._fetch_uncached(url)
            ^^^^^^^^^^^^^^^^^^^^^^^^^
httpx.ConnectError: [SSL: TLSV1_UNRECOGNIZED_NAME] tlsv1 unrecognized name (_ssl.c:1000)
",2026-05-17 19:02:02.931456
osc_ca,https://www.osc.ca/,https://www.osc.ca/,osc.ca,https,https://www.osc.ca/,https://www.osc.ca/robots.txt,True,[],True,True,False,,,False,[],0,True,"[""https://www.osc.ca/sitemap.xml"", ""https://www.osc.ca/en/sitemap.xml?page=1"", ""https://www.osc.ca/en/sitemap.xml?page=2"", ""https://www.osc.ca/en/sitemap.xml?page=3"", ""https://www.osc.ca/en/sitemap.xml?page=4"", ""https://www.osc.ca/en/sitemap.xml?page=5"", ""https://www.osc.ca/en/sitemap.xml?page=6"", ""https://www.osc.ca/en/sitemap.xml?page=7"", ""https://www.osc.ca/en/sitemap.xml?page=8"", ""https://www.osc.ca/en/sitemap.xml?page=9"", ""https://www.osc.ca/en/sitemap.xml?page=10"", ""https://www.osc.ca/en/sitemap.xml?page=11"", ""https://www.osc.ca/en/sitemap.xml?page=12""]",13,200,Homepage | OSC,18185,548,True,1120,False,True,True,False,sitemap_then_article_extract,medium,active,,2026-05-17 19:14:40.484475
ourworldindata_org,https://ourworldindata.org/,https://ourworldindata.org/,ourworldindata.org,https,https://ourworldindata.org/,https://ourworldindata.org/robots.txt,True,"[""https://ourworldindata.org/sitemap.xml""]",False,True,False,,,True,"[""https://ourworldindata.org/atom.xml""]",1,True,"[""https://ourworldindata.org/sitemap.xml""]",1,200,Our World in Data,23352,304,True,769,False,True,False,False,rss_then_article_extract,medium,active,,2026-05-17 19:02:02.931456
parliament_uk,https://www.parliament.uk/,https://www.parliament.uk/,parliament.uk,https,https://www.parliament.uk/,https://www.parliament.uk/robots.txt,True,[],False,True,False,,,False,[],0,False,[],0,403,,0,0,False,0,True,True,False,False,playwright_fallback,medium,active_candidate,,2026-05-17 19:06:26.862471
pbc_gov_cn,https://www.pbc.gov.cn/en/,https://www.pbc.gov.cn/en,pbc.gov.cn,https,https://www.pbc.gov.cn/en,https://www.pbc.gov.cn/robots.txt,True,[],True,False,False,,,False,[],0,False,[],0,403,,0,0,False,0,True,False,False,False,manual_review,high,review,robots.txt disallows User-Agent from fetching homepage (https://www.pbc.gov.cn/en); removed strategy playwright_fallback → manual_review,2026-05-17 19:02:32.812933
pbs_org,https://www.pbs.org/newshour/,https://www.pbs.org/newshour,pbs.org,https,https://www.pbs.org/newshour,https://www.pbs.org/robots.txt,True,"[""https://www.pbs.org/sitemap.xml"", ""http://www.pbs.org/mercy-street/sitemap.xml"", ""https://www.pbs.org/newshour/sitemaps/sitemap.xml"", ""https://www.pbs.org/weta/washingtonweek/sitemap.xml""]",True,True,False,,,True,"[""https://www.pbs.org/newshour/feeds/rss/headlines""]",1,True,"[""https://www.pbs.org/sitemap.xml"", ""https://www.pbs.org/10thirtysix-sitemap.xml"", ""https://www.pbs.org/around-corner-john-mcgivern-sitemap.xml"", ""https://www.pbs.org/arkansas-womens-hall-fame-sitemap.xml"", ""https://www.pbs.org/art-48-sitemap.xml"", ""https://www.pbs.org/at-howard-sitemap.xml"", ""https://www.pbs.org/carolina-collectibles-sitemap.xml"", ""https://www.pbs.org/check-please-dc-sitemap.xml"", ""https://www.pbs.org/bay-area-bountiful-sitemap.xml"", ""https://www.pbs.org/beautiful-tennessee-sitemap.xml"", ""https://www.pbs.org/conversations-digital-age-jim-zirin-sitemap.xml"", ""https://www.pbs.org/broken-bread-sitemap.xml"", ""https://www.pbs.org/check-please-south-florida-sitemap.xml"", ""https://www.pbs.org/finding-your-roots-seedlings-sitemap.xml"", ""https://www.pbs.org/folks-sitemap.xml"", ""https://www.pbs.org/from-the-archives-sitemap.xml"", ""https://www.pbs.org/guppies-groupers-sitemap.xml"", ""https://www.pbs.org/wfyi-presents-heartland-film-sitemap.xml"", ""https://www.pbs.org/home-christmas-shelea-sitemap.xml"", ""https://www.pbs.org/lets-polka-sitemap.xml"", ""https://www.pbs.org/lost-louisiana-sitemap.xml"", ""https://www.pbs.org/louisiana-history-sitemap.xml"", ""https://www.pbs.org/louisiana-legends-sitemap.xml"", ""https://www.pbs.org/louisiana-public-broadcasting-presents-sitemap.xml"", ""https://www.pbs.org/live-at-the-charleston-music-hall-sitemap.xml"", ""https://www.pbs.org/ms-lucys-classic-cajun-culture-and-cooking-sitemap.xml"", ""https://www.pbs.org/memories-nashville-sitemap.xml"", ""https://www.pbs.org/npt-history-sitemap.xml"", ""https://www.pbs.org/ohio-state-football-classics-sitemap.xml"", ""https://www.pbs.org/outdoor-wisconsin-sitemap.xml"", ""https://www.pbs.org/new-orleans-cooking-kevin-belton-sitemap.xml"", ""https://www.pbs.org/crooked-road-sitemap.xml"", ""https://www.pbs.org/sounds-29th-sitemap.xml"", ""https://www.pbs.org/lecom-healthy-living-kitchen-mary-mulard-sitemap.xml"", ""https://www.pbs.org/under-radar-sitemap.xml"", ""https://www.pbs.org/southland-sessions-sitemap.xml"", ""https://www.pbs.org/southwest-living-sitemap.xml"", ""https://www.pbs.org/street-level-sitemap.xml"", ""https://www.pbs.org/thirteen-specials-sitemap.xml"", ""https://www.pbs.org/write-around-corner-sitemap.xml"", ""https://www.pbs.org/wvia-our-town-series-sitemap.xml"", ""https://www.pbs.org/varsity-quiz-vegas-pbs-sitemap.xml"", ""https://www.pbs.org/vpm-documentaries-sitemap.xml"", ""https://www.pbs.org/wlvt-jazz-upstairs-sitemap.xml"", ""https://www.pbs.org/historic-buildings-iowa-sitemap.xml"", ""https://www.pbs.org/arizonans-sitemap.xml"", ""https://www.pbs.org/hattebergs-people-sitemap.xml"", ""https://www.pbs.org/wqln-our-town-sitemap.xml"", ""https://www.pbs.org/rick-steves-europe-sitemap.xml"", ""https://www.pbs.org/positively-kansas-sitemap.xml"", ""https://www.pbs.org/empowering-seniors-sitemap.xml"", ""https://www.pbs.org/one-one-victor-hogstrom-sitemap.xml"", ""https://www.pbs.org/kansas-week-sitemap.xml"", ""https://www.pbs.org/naturescene-sitemap.xml"", ""https://www.pbs.org/family-dinner-table-sitemap.xml"", ""https://www.pbs.org/kinnick-documentary-sitemap.xml"", ""https://www.pbs.org/sounds-atl-sitemap.xml"", ""https://www.pbs.org/two-main-street-david-james-sitemap.xml"", ""https://www.pbs.org/list-alison-lebovitz-sitemap.xml"", ""https://www.pbs.org/more-game-6-6-basketball-iowa-sitemap.xml"", ""https://www.pbs.org/viral-antisemitism-four-mutations-sitemap.xml"", ""https://www.pbs.org/french-chef-julia-child-sitemap.xml"", ""https://www.pbs.org/journey-concert-houston-1981-sitemap.xml"", ""https://www.pbs.org/eagles-decorah-sitemap.xml"", ""https://www.pbs.org/french-case-sitemap.xml"", ""https://www.pbs.org/land-girls-sitemap.xml"", ""https://www.pbs.org/tracks-ahead-sitemap.xml"", ""https://www.pbs.org/check-please-arizona-sitemap.xml"", ""https://www.pbs.org/arizona-and-vietnam-war-sitemap.xml"", ""https://www.pbs.org/oregon-revealed-sitemap.xml"", ""https://www.pbs.org/healthful-indian-flavors-alamelu-sitemap.xml"", ""https://www.pbs.org/i-remember-sitemap.xml"", ""https://www.pbs.org/origins-sitemap.xml"", ""https://www.pbs.org/rustic-living-sitemap.xml"", ""https://www.pbs.org/radical-restoration-sitemap.xml"", ""https://www.pbs.org/the-lady-with-the-black-veil-sitemap.xml"", ""https://www.pbs.org/antiques-road-trip-sitemap.xml"", ""https://www.pbs.org/people-near-here-sitemap.xml"", ""https://www.pbs.org/best-joy-painting-sitemap.xml"", ""https://www.pbs.org/hope-is-here-sitemap.xml"", ""https://www.pbs.org/lord-master-sitemap.xml"", ""https://www.pbs.org/moveable-feast-relish-sitemap.xml"", ""https://www.pbs.org/adirondack-outdoors-sitemap.xml"", ""https://www.pbs.org/mystery-manon-sitemap.xml"", ""https://www.pbs.org/finding-home-sitemap.xml"", ""https://www.pbs.org/back-island-sitemap.xml"", ""https://www.pbs.org/redefining-history-sitemap.xml"", ""https://www.pbs.org/behind-the-bridge-sessions-sitemap.xml"", ""https://www.pbs.org/wall-berlin-wall-sitemap.xml"", ""https://www.pbs.org/art-express-sitemap.xml"", ""https://www.pbs.org/julia-child-baking-julia-sitemap.xml"", ""https://www.pbs.org/one-step-heaven-sitemap.xml"", ""https://www.pbs.org/amanpour-co-sitemap.xml"", ""https://www.pbs.org/circles-of-power-sitemap.xml"", ""https://www.pbs.org/luna-and-sophie-sitemap.xml"", ""https://www.pbs.org/bad-apples-sitemap.xml"", ""https://www.pbs.org/5-minute-yoga-fix-with-peggy-cappy-sitemap.xml"", ""https://www.pbs.org/finance-for-the-people-with-paco-de-leon-sitemap.xml"", ""https://www.pbs.org/the-brain-gut-connection-with-dr-emeran-mayer-sitemap.xml"", ""https://www.pbs.org/main-street-unplugged-sitemap.xml"", ""https://www.pbs.org/jekyll-and-hyde-sitemap.xml"", ""https://www.pbs.org/all-heart-sitemap.xml"", ""https://www.pbs.org/in-flanders-field-sitemap.xml"", ""https://www.pbs.org/broadchurch-sitemap.xml"", ""https://www.pbs.org/painting-with-paulson-sitemap.xml"", ""https://www.pbs.org/making-lady-sitemap.xml"", ""https://www.pbs.org/lakeshore-classic-movies-sitemap.xml"", ""https://www.pbs.org/the-maestro-the-european-pop-orchestra-love-peace-concert-sitemap.xml"", ""https://www.pbs.org/astrid-sitemap.xml"", ""https://www.pbs.org/mountain-detective-sitemap.xml"", ""https://www.pbs.org/beowulf-sitemap.xml"", ""https://www.pbs.org/rebecca-sitemap.xml"", ""https://www.pbs.org/a-familiar-stranger-sitemap.xml"", ""https://www.pbs.org/house-of-promises-sitemap.xml"", ""https://www.pbs.org/adulterer-sitemap.xml"", ""https://www.pbs.org/agathe-koltes-sitemap.xml"", ""https://www.pbs.org/cooking-in-concert-sitemap.xml"", ""https://www.pbs.org/dear-mama-sitemap.xml"", ""https://www.pbs.org/wagner-method-sitemap.xml"", ""https://www.pbs.org/our-miracle-years-sitemap.xml""]",120,200,"PBS News: News, Analysis, Top Headlines, Live Coverage",6317,180,True,2160,False,True,False,False,rss_then_article_extract,medium,active,,2026-05-17 19:02:13.935418
philstar_com,https://www.philstar.com/,https://www.philstar.com/,philstar.com,https,https://www.philstar.com/,https://www.philstar.com/robots.txt,True,[],True,True,False,,,False,[],0,True,"[""https://www.philstar.com/sitemap.xml""]",1,200,Philstar.com | Latest Philippine news and multimedia,11882,419,True,542,False,True,False,True,sitemap_then_article_extract,medium,active,,2026-05-17 19:11:33.123999
pib_gov_in,https://www.pib.gov.in/,https://www.pib.gov.in/,pib.gov.in,https,https://www.pib.gov.in/,https://www.pib.gov.in/robots.txt,True,[],False,True,False,,,False,[],0,False,[],0,403,,0,0,False,0,True,True,False,False,playwright_fallback,medium,active_candidate,,2026-05-17 19:08:10.866811
politico_eu,https://www.politico.eu/,https://www.politico.eu/,politico.eu,https,https://www.politico.eu/,https://www.politico.eu/robots.txt,True,"[""https://www.politico.eu/news-sitemap.xml"", ""https://www.politico.eu/sitemap.xml""]",True,True,False,,,True,"[""https://www.politico.eu/feed/""]",1,True,"[""https://www.politico.eu/news-sitemap.xml""]",1,200,"POLITICO – European Politics, Policy, Government News",8791,264,True,1265,False,True,True,True,rss_then_article_extract,medium,active,,2026-05-17 19:07:13.683919
pravda_com_ua,https://www.pravda.com.ua/eng/,https://www.pravda.com.ua/eng,pravda.com.ua,https,https://www.pravda.com.ua/eng,https://www.pravda.com.ua/robots.txt,True,"[""https://www.pravda.com.ua/sitemap/sitemap.xml""]",True,True,False,,,True,"[""https://www.pravda.com.ua/rss""]",1,True,"[""https://www.pravda.com.ua/sitemap/sitemap.xml"", ""https://www.pravda.com.ua/sitemap/sitemap-menu.xml"", ""https://www.pravda.com.ua/sitemap/sitemap-now.xml.gz"", ""https://www.pravda.com.ua/sitemap/sitemap-news.xml"", ""https://www.pravda.com.ua/sitemap/sitemap-archive.xml""]",5,200,Ukrainska Pravda - online news about Ukraine,6565,118,True,4938,False,True,False,True,rss_then_article_extract,medium,active,,2026-05-17 19:12:50.201206
qna_org_qa,https://www.qna.org.qa/en,https://www.qna.org.qa/en,qna.org.qa,https,https://www.qna.org.qa/en,https://www.qna.org.qa/robots.txt,True,[],True,True,False,,,False,[],0,True,"[""https://www.qna.org.qa/sitemap.xml""]",1,200,Home | Qatar news agency,15056,225,True,403,False,True,True,True,sitemap_then_article_extract,medium,active,,2026-05-17 19:11:50.043549
rba_gov_au,https://www.rba.gov.au/,https://www.rba.gov.au/,rba.gov.au,https,https://www.rba.gov.au/,https://www.rba.gov.au/robots.txt,True,[],True,True,False,,,True,"[""https://www.rba.gov.au/rss/rss-cb-bulletin.xml""]",1,True,"[""https://www.rba.gov.au/sitemap.xml""]",1,200,Reserve Bank of Australia,11288,99,True,4627,False,True,False,False,rss_then_article_extract,medium,active,,2026-05-17 19:13:15.766787
rbc_ru,https://www.rbc.ru/,https://www.rbc.ru/,rbc.ru,https,https://www.rbc.ru/,https://www.rbc.ru/robots.txt,True,"[""https://www.rbc.ru/sitemap_index.xml""]",True,True,False,,,False,[],0,True,"[""https://www.rbc.ru/sitemap_index.xml"", ""https://www.rbc.ru/sitemap_964.xml"", ""https://www.rbc.ru/sitemap_945.xml"", ""https://www.rbc.ru/sitemap_954.xml"", ""https://www.rbc.ru/sitemap_645.xml"", ""https://www.rbc.ru/sitemap_854.xml"", ""https://www.rbc.ru/sitemap_692.xml"", ""https://www.rbc.ru/sitemap_810.xml"", ""https://www.rbc.ru/sitemap_659.xml"", ""https://www.rbc.ru/sitemap_808.xml"", ""https://www.rbc.ru/sitemap_755.xml"", ""https://www.rbc.ru/sitemap_801.xml"", ""https://www.rbc.ru/sitemap_936.xml"", ""https://www.rbc.ru/sitemap_907.xml"", ""https://www.rbc.ru/sitemap_955.xml"", ""https://www.rbc.ru/sitemap_821.xml"", ""https://www.rbc.ru/sitemap_807.xml"", ""https://www.rbc.ru/sitemap_782.xml"", ""https://www.rbc.ru/sitemap_822.xml"", ""https://www.rbc.ru/sitemap_852.xml"", ""https://www.rbc.ru/sitemap_933.xml"", ""https://www.rbc.ru/sitemap_925.xml"", ""https://www.rbc.ru/sitemap_816.xml"", ""https://www.rbc.ru/sitemap_853.xml"", ""https://www.rbc.ru/sitemap_963.xml"", ""https://www.rbc.ru/sitemap_951.xml"", ""https://www.rbc.ru/sitemap_911.xml"", ""https://www.rbc.ru/sitemap_744.xml"", ""https://www.rbc.ru/sitemap_956.xml"", ""https://www.rbc.ru/sitemap_856.xml"", ""https://www.rbc.ru/sitemap_879.xml"", ""https://www.rbc.ru/sitemap_959.xml"", ""https://www.rbc.ru/sitemap_958.xml"", ""https://www.rbc.ru/sitemap_786.xml"", ""https://www.rbc.ru/sitemap_943.xml"", ""https://www.rbc.ru/sitemap_868.xml"", ""https://www.rbc.ru/sitemap_919.xml"", ""https://www.rbc.ru/sitemap_889.xml"", ""https://www.rbc.ru/sitemap_824.xml"", ""https://www.rbc.ru/sitemap_729.xml"", ""https://www.rbc.ru/sitemap_823.xml"", ""https://www.rbc.ru/sitemap_962.xml"", ""https://www.rbc.ru/sitemap_577.xml"", ""https://www.rbc.ru/sitemap_883.xml"", ""https://www.rbc.ru/sitemap_590.xml"", ""https://www.rbc.ru/sitemap_812.xml"", ""https://www.rbc.ru/sitemap_798.xml"", ""https://www.rbc.ru/sitemap_797.xml"", ""https://www.rbc.ru/sitemap_923.xml"", ""https://www.rbc.ru/sitemap_763.xml"", ""https://www.rbc.ru/sitemap_779.xml"", ""https://www.rbc.ru/sitemap_748.xml"", ""https://www.rbc.ru/sitemap_787.xml"", ""https://www.rbc.ru/sitemap_784.xml"", ""https://www.rbc.ru/sitemap_773.xml"", ""https://www.rbc.ru/sitemap_709.xml"", ""https://www.rbc.ru/sitemap_788.xml"", ""https://www.rbc.ru/sitemap_796.xml"", ""https://www.rbc.ru/sitemap_803.xml"", ""https://www.rbc.ru/sitemap_802.xml"", ""https://www.rbc.ru/sitemap_813.xml"", ""https://www.rbc.ru/sitemap_814.xml"", ""https://www.rbc.ru/sitemap_815.xml"", ""https://www.rbc.ru/sitemap_839.xml"", ""https://www.rbc.ru/sitemap_842.xml"", ""https://www.rbc.ru/sitemap_846.xml"", ""https://www.rbc.ru/sitemap_860.xml"", ""https://www.rbc.ru/sitemap_861.xml"", ""https://www.rbc.ru/sitemap_862.xml"", ""https://www.rbc.ru/sitemap_866.xml"", ""https://www.rbc.ru/sitemap_805.xml"", ""https://www.rbc.ru/sitemap_845.xml"", ""https://www.rbc.ru/sitemap_867.xml"", ""https://www.rbc.ru/sitemap_869.xml"", ""https://www.rbc.ru/sitemap_872.xml"", ""https://www.rbc.ru/sitemap_873.xml"", ""https://www.rbc.ru/sitemap_875.xml"", ""https://www.rbc.ru/sitemap_957.xml"", ""https://www.rbc.ru/sitemap_877.xml"", ""https://www.rbc.ru/sitemap_878.xml"", ""https://www.rbc.ru/sitemap_884.xml"", ""https://www.rbc.ru/sitemap_887.xml"", ""https://www.rbc.ru/sitemap_888.xml"", ""https://www.rbc.ru/sitemap_890.xml"", ""https://www.rbc.ru/sitemap_891.xml"", ""https://www.rbc.ru/sitemap_870.xml"", ""https://www.rbc.ru/sitemap_880.xml"", ""https://www.rbc.ru/sitemap_894.xml"", ""https://www.rbc.ru/sitemap_898.xml"", ""https://www.rbc.ru/sitemap_899.xml"", ""https://www.rbc.ru/sitemap_901.xml"", ""https://www.rbc.ru/sitemap_902.xml"", ""https://www.rbc.ru/sitemap_829.xml"", ""https://www.rbc.ru/sitemap_768.xml"", ""https://www.rbc.ru/sitemap_904.xml"", ""https://www.rbc.ru/sitemap_906.xml"", ""https://www.rbc.ru/sitemap_914.xml"", ""https://www.rbc.ru/sitemap_908.xml"", ""https://www.rbc.ru/sitemap_916.xml"", ""https://www.rbc.ru/sitemap_917.xml"", ""https://www.rbc.ru/sitemap_941.xml"", ""https://www.rbc.ru/sitemap_948.xml"", ""https://www.rbc.ru/sitemap_942.xml"", ""https://www.rbc.ru/sitemap_920.xml"", ""https://www.rbc.ru/sitemap_949.xml"", ""https://www.rbc.ru/sitemap_871.xml"", ""https://www.rbc.ru/sitemap_924.xml"", ""https://www.rbc.ru/sitemap_893.xml"", ""https://www.rbc.ru/sitemap_900.xml"", ""https://www.rbc.ru/sitemap_885.xml"", ""https://www.rbc.ru/sitemap_886.xml"", ""https://www.rbc.ru/sitemap_940.xml"", ""https://www.rbc.ru/sitemap_892.xml"", ""https://www.rbc.ru/sitemap_905.xml"", ""https://www.rbc.ru/sitemap_935.xml"", ""https://www.rbc.ru/sitemap_946.xml"", ""https://www.rbc.ru/sitemap_938.xml"", ""https://www.rbc.ru/sitemap_937.xml"", ""https://www.rbc.ru/sitemap_932.xml"", ""https://www.rbc.ru/sitemap_929.xml""]",120,401,,0,0,False,0,True,False,False,False,sitemap_then_article_extract,medium,active,,2026-05-17 19:12:31.100307
rbi_org_in,https://www.rbi.org.in/,https://www.rbi.org.in/,rbi.org.in,https,https://www.rbi.org.in/,https://www.rbi.org.in/robots.txt,True,[],False,True,False,,,False,[],0,True,"[""https://www.rbi.org.in/sitemap.xml""]",1,200,Home - Reserve Bank of India,16260,402,True,414,False,True,False,False,sitemap_then_article_extract,medium,active,,2026-05-17 19:08:19.531302
rbnz_govt_nz,https://www.rbnz.govt.nz/,https://www.rbnz.govt.nz/,rbnz.govt.nz,https,https://www.rbnz.govt.nz/,https://www.rbnz.govt.nz/robots.txt,True,[],False,True,False,,,False,[],0,False,[],0,403,,0,0,False,0,True,False,False,False,playwright_fallback,medium,active_candidate,,2026-05-17 19:13:28.306318
reforma_com,https://www.reforma.com/,https://www.reforma.com/,reforma.com,https,https://www.reforma.com/,https://www.reforma.com/robots.txt,True,"[""https://www.reforma.com/sitemap_index.xml""]",True,True,False,,,True,"[""https://www.reforma.com/rss/portada.xml""]",1,True,"[""https://www.reforma.com/sitemap_index.xml"", ""https://www.reforma.com/sitemap.xml"", ""https://www.reforma.com/news_sitemap.xml"", ""https://www.reforma.com/sitemap_all.xml""]",4,200,REFORMA | Periodismo independiente,2095,13,True,784,False,True,False,False,rss_then_article_extract,medium,active,,2026-05-17 19:14:57.007611
resbank_co_za,https://www.resbank.co.za/,https://www.resbank.co.za/,resbank.co.za,https,https://www.resbank.co.za/,https://www.resbank.co.za/robots.txt,True,"[""https://www.resbank.co.za/en.sitemap.xml""]",True,True,False,,,False,[],0,True,"[""https://www.resbank.co.za/en.sitemap.xml"", ""https://www.resbank.co.za/sitemap.xml"", ""https://www.resbank.co.za/sitemap.xml.gz""]",3,200,Home,9430,239,True,2506,False,True,False,False,sitemap_then_article_extract,medium,active,,2026-05-17 19:15:13.068443
reutersagency_com,https://reutersagency.com/,https://reutersagency.com/,reutersagency.com,https,https://reutersagency.com/,https://reutersagency.com/robots.txt,True,[],True,True,False,,,False,[],0,True,"[""https://reutersagency.com/sitemap.xml"", ""https://reutersagency.com/sitemap.xml.gz""]",2,200,"Reuters: The Trusted, International News Agency",13024,174,True,5624,False,True,False,False,sitemap_then_article_extract,medium,active,,2026-05-17 19:02:02.920906
rnz_co_nz,https://www.rnz.co.nz/news,https://www.rnz.co.nz/news,rnz.co.nz,https,https://www.rnz.co.nz/news,https://www.rnz.co.nz/robots.txt,True,[],False,True,False,,,False,[],0,False,[],0,403,,0,0,False,0,True,True,False,False,playwright_fallback,medium,active_candidate,,2026-05-17 19:13:41.799187
sama_gov_sa,https://www.sama.gov.sa/en-US,https://www.sama.gov.sa/en-US,sama.gov.sa,https,https://www.sama.gov.sa/en-US,https://www.sama.gov.sa/robots.txt,True,[],False,True,False,,,False,[],0,False,[],0,200,Saudi Central Bank,811,49,True,725,False,True,False,True,html_then_trafilatura,medium,active_candidate,,2026-05-17 19:11:50.266408
science_org,https://www.science.org/,https://www.science.org/,science.org,https,https://www.science.org/,https://www.science.org/robots.txt,True,"[""https://www.science.org/sitemap_index.xml"", ""https://www.science.org/sitemap-index-1.txt""]",True,True,False,,,False,[],0,False,[],0,403,,0,0,False,0,True,True,False,False,playwright_fallback,medium,active_candidate,,2026-05-17 19:02:02.931456
scmp_com,https://www.scmp.com/,https://www.scmp.com/,scmp.com,https,https://www.scmp.com/,https://www.scmp.com/robots.txt,True,"[""https://www.scmp.com/sitemap/sitemap.xml"", ""https://www.scmp.com/sitemap/archives-0.xml""]",True,True,False,,,True,"[""https://www.scmp.com/rss/feed""]",1,True,"[""https://www.scmp.com/sitemap/sitemap.xml"", ""https://www.scmp.com/sitemap/articles.xml"", ""https://www.scmp.com/sitemap/authors.xml"", ""https://www.scmp.com/sitemap/collections.xml"", ""https://www.scmp.com/sitemap/custom.xml"", ""https://www.scmp.com/sitemap/galleries.xml"", ""https://www.scmp.com/sitemap/recipes.xml"", ""https://www.scmp.com/sitemap/sections.xml"", ""https://www.scmp.com/sitemap/sections/20th_party_congress.xml"", ""https://www.scmp.com/sitemap/sections/abacus.xml"", ""https://www.scmp.com/sitemap/sections/about_us.xml"", ""https://www.scmp.com/sitemap/sections/announcements.xml"", ""https://www.scmp.com/sitemap/sections/beijing_olympics_2022.xml"", ""https://www.scmp.com/sitemap/sections/better_life.xml"", ""https://www.scmp.com/sitemap/sections/business.xml"", ""https://www.scmp.com/sitemap/sections/comment.xml"", ""https://www.scmp.com/sitemap/sections/cooking.xml"", ""https://www.scmp.com/sitemap/sections/coronavirus.xml"", ""https://www.scmp.com/sitemap/sections/country_reports.xml"", ""https://www.scmp.com/sitemap/sections/culture.xml"", ""https://www.scmp.com/sitemap/sections/destination_macau.xml"", ""https://www.scmp.com/sitemap/sections/directories.xml"", ""https://www.scmp.com/sitemap/sections/economy.xml"", ""https://www.scmp.com/sitemap/sections/explained.xml"", ""https://www.scmp.com/sitemap/sections/goldthread.xml"", ""https://www.scmp.com/sitemap/sections/hong_kong_25.xml"", ""https://www.scmp.com/sitemap/sections/infographics.xml"", ""https://www.scmp.com/sitemap/sections/inkstone.xml"", ""https://www.scmp.com/sitemap/sections/k_pop.xml"", ""https://www.scmp.com/sitemap/sections/knowledge.xml"", ""https://www.scmp.com/sitemap/sections/lifestyle.xml"", ""https://www.scmp.com/sitemap/sections/lists.xml"", ""https://www.scmp.com/sitemap/sections/magazines.xml"", ""https://www.scmp.com/sitemap/sections/news.xml"", ""https://www.scmp.com/sitemap/sections/photos.xml"", ""https://www.scmp.com/sitemap/sections/podcasts.xml"", ""https://www.scmp.com/sitemap/sections/posties.xml"", ""https://www.scmp.com/sitemap/sections/postmag.xml"", ""https://www.scmp.com/sitemap/sections/property.xml"", ""https://www.scmp.com/sitemap/sections/scmp_editorials.xml"", ""https://www.scmp.com/sitemap/sections/scmp_pr_blog.xml"", ""https://www.scmp.com/sitemap/sections/special_reports.xml"", ""https://www.scmp.com/sitemap/sections/sport.xml"", ""https://www.scmp.com/sitemap/sections/taxonomy_term_521455.xml"", ""https://www.scmp.com/sitemap/sections/taxonomy_term_521456.xml"", ""https://www.scmp.com/sitemap/sections/tech.xml"", ""https://www.scmp.com/sitemap/sections/tokyo_olympics.xml"", ""https://www.scmp.com/sitemap/sections/video.xml"", ""https://www.scmp.com/sitemap/sections/video_60_second_inspiration.xml"", ""https://www.scmp.com/sitemap/sections/video_852.xml"", ""https://www.scmp.com/sitemap/sections/video_asia.xml"", ""https://www.scmp.com/sitemap/sections/video_deep_dive.xml"", ""https://www.scmp.com/sitemap/sections/video_eat_drink_asia.xml"", ""https://www.scmp.com/sitemap/sections/video_more_travel.xml"", ""https://www.scmp.com/sitemap/sections/video_music.xml"", ""https://www.scmp.com/sitemap/sections/video_opinion.xml"", ""https://www.scmp.com/sitemap/sections/video_scmp_explains.xml"", ""https://www.scmp.com/sitemap/sections/video_scmp_films.xml"", ""https://www.scmp.com/sitemap/sections/video_scmp_originals.xml"", ""https://www.scmp.com/sitemap/sections/video_talking_post.xml"", ""https://www.scmp.com/sitemap/sections/video_tell_me.xml"", ""https://www.scmp.com/sitemap/sections/weather.xml"", ""https://www.scmp.com/sitemap/sections/week_asia.xml"", ""https://www.scmp.com/sitemap/sections/yp.xml"", ""https://www.scmp.com/sitemap/topics.xml"", ""https://www.scmp.com/sitemap/yp-topics.xml"", ""https://www.scmp.com/sitemap/archives-0.xml"", ""https://www.scmp.com/sitemap/archives/articles/1991_jun.xml"", ""https://www.scmp.com/sitemap/archives/articles/1992_dec.xml"", ""https://www.scmp.com/sitemap/archives/articles/1993_apr.xml"", ""https://www.scmp.com/sitemap/archives/articles/1993_aug.xml"", ""https://www.scmp.com/sitemap/archives/articles/1993_dec.xml"", ""https://www.scmp.com/sitemap/archives/articles/1993_feb.xml"", ""https://www.scmp.com/sitemap/archives/articles/1993_jan.xml"", ""https://www.scmp.com/sitemap/archives/articles/1993_jul.xml"", ""https://www.scmp.com/sitemap/archives/articles/1993_jun.xml"", ""https://www.scmp.com/sitemap/archives/articles/1993_mar.xml"", ""https://www.scmp.com/sitemap/archives/articles/1993_may.xml"", ""https://www.scmp.com/sitemap/archives/articles/1993_nov.xml"", ""https://www.scmp.com/sitemap/archives/articles/1993_oct.xml"", ""https://www.scmp.com/sitemap/archives/articles/1993_sep.xml"", ""https://www.scmp.com/sitemap/archives/articles/1994_apr.xml"", ""https://www.scmp.com/sitemap/archives/articles/1994_aug.xml"", ""https://www.scmp.com/sitemap/archives/articles/1994_dec.xml"", ""https://www.scmp.com/sitemap/archives/articles/1994_feb.xml"", ""https://www.scmp.com/sitemap/archives/articles/1994_jan.xml"", ""https://www.scmp.com/sitemap/archives/articles/1994_jul.xml"", ""https://www.scmp.com/sitemap/archives/articles/1994_jun.xml"", ""https://www.scmp.com/sitemap/archives/articles/1994_mar.xml"", ""https://www.scmp.com/sitemap/archives/articles/1994_may.xml"", ""https://www.scmp.com/sitemap/archives/articles/1994_nov.xml"", ""https://www.scmp.com/sitemap/archives/articles/1994_oct.xml"", ""https://www.scmp.com/sitemap/archives/articles/1994_sep.xml"", ""https://www.scmp.com/sitemap/archives/articles/1995_apr.xml"", ""https://www.scmp.com/sitemap/archives/articles/1995_aug.xml"", ""https://www.scmp.com/sitemap/archives/articles/1995_dec.xml"", ""https://www.scmp.com/sitemap/archives/articles/1995_feb.xml"", ""https://www.scmp.com/sitemap/archives/articles/1995_jan.xml"", ""https://www.scmp.com/sitemap/archives/articles/1995_jul.xml"", ""https://www.scmp.com/sitemap/archives/articles/1995_jun.xml"", ""https://www.scmp.com/sitemap/archives/articles/1995_mar.xml"", ""https://www.scmp.com/sitemap/archives/articles/1995_may.xml"", ""https://www.scmp.com/sitemap/archives/articles/1995_nov.xml"", ""https://www.scmp.com/sitemap/archives/articles/1995_oct.xml"", ""https://www.scmp.com/sitemap/archives/articles/1995_sep.xml"", ""https://www.scmp.com/sitemap/archives/articles/1996_apr.xml"", ""https://www.scmp.com/sitemap/archives/articles/1996_aug.xml"", ""https://www.scmp.com/sitemap/archives/articles/1996_dec.xml"", ""https://www.scmp.com/sitemap/archives/articles/1996_feb.xml"", ""https://www.scmp.com/sitemap/archives/articles/1996_jan.xml"", ""https://www.scmp.com/sitemap/archives/articles/1996_jul.xml"", ""https://www.scmp.com/sitemap/archives/articles/1996_jun.xml"", ""https://www.scmp.com/sitemap/archives/articles/1996_mar.xml"", ""https://www.scmp.com/sitemap/archives/articles/1996_may.xml"", ""https://www.scmp.com/sitemap/archives/articles/1996_oct.xml"", ""https://www.scmp.com/sitemap/archives/articles/1996_sep.xml"", ""https://www.scmp.com/sitemap/archives/articles/1997_apr.xml"", ""https://www.scmp.com/sitemap/archives/articles/1997_aug.xml"", ""https://www.scmp.com/sitemap/archives/articles/1997_dec.xml"", ""https://www.scmp.com/sitemap/archives/articles/1997_feb.xml""]",120,200,"Breaking China, Asia, HK News, Opinions and Insights | South China Morning Post",10247,174,True,10167,True,True,True,False,rss_then_article_extract,medium,active,,2026-05-17 19:02:30.318400
sebi_gov_in,https://www.sebi.gov.in/,https://www.sebi.gov.in/,sebi.gov.in,https,https://www.sebi.gov.in/,https://www.sebi.gov.in/robots.txt,True,[],True,True,False,,,False,[],0,True,"[""https://www.sebi.gov.in/sitemap.xml""]",1,200,Securities and Exchange Board of India,12989,177,True,417,False,False,False,True,sitemap_then_article_extract,medium,active,,2026-05-17 19:08:30.624009
sec_gov,https://www.sec.gov/,https://www.sec.gov/,sec.gov,https,https://www.sec.gov/,https://www.sec.gov/robots.txt,True,"[""https://www.sec.gov/sec-sitemap.xml"", ""https://www.sec.gov/sitemap/sitemap-index.xml"", ""https://www.investor.gov/sitemap.xml""]",True,True,True,sec_edgar_collector,https://www.sec.gov/about/developer-resources,False,[],0,True,"[""https://www.sec.gov/sec-sitemap.xml"", ""https://www.sec.gov/sec-sitemap.xml?page=1"", ""https://www.sec.gov/sec-sitemap.xml?page=2"", ""https://www.sec.gov/sec-sitemap.xml?page=3"", ""https://www.sec.gov/sec-sitemap.xml?page=4"", ""https://www.sec.gov/sec-sitemap.xml?page=5"", ""https://www.sec.gov/sec-sitemap.xml?page=6"", ""https://www.sec.gov/sec-sitemap.xml?page=7"", ""https://www.sec.gov/sec-sitemap.xml?page=8"", ""https://www.sec.gov/sec-sitemap.xml?page=9"", ""https://www.sec.gov/sec-sitemap.xml?page=10"", ""https://www.sec.gov/sec-sitemap.xml?page=11"", ""https://www.sec.gov/sec-sitemap.xml?page=12"", ""https://www.sec.gov/sec-sitemap.xml?page=13"", ""https://www.sec.gov/sec-sitemap.xml?page=14"", ""https://www.sec.gov/sec-sitemap.xml?page=15"", ""https://www.sec.gov/sec-sitemap.xml?page=16"", ""https://www.sec.gov/sec-sitemap.xml?page=17"", ""https://www.sec.gov/sec-sitemap.xml?page=18"", ""https://www.sec.gov/sec-sitemap.xml?page=19"", ""https://www.sec.gov/sec-sitemap.xml?page=20"", ""https://www.sec.gov/sec-sitemap.xml?page=21"", ""https://www.sec.gov/sec-sitemap.xml?page=22"", ""https://www.sec.gov/sec-sitemap.xml?page=23"", ""https://www.sec.gov/sec-sitemap.xml?page=24"", ""https://www.sec.gov/sec-sitemap.xml?page=25"", ""https://www.sec.gov/sec-sitemap.xml?page=26"", ""https://www.sec.gov/sec-sitemap.xml?page=27"", ""https://www.sec.gov/sec-sitemap.xml?page=28"", ""https://www.sec.gov/sec-sitemap.xml?page=29"", ""https://www.sec.gov/sec-sitemap.xml?page=30"", ""https://www.sec.gov/sec-sitemap.xml?page=31"", ""https://www.sec.gov/sec-sitemap.xml?page=32"", ""https://www.sec.gov/sec-sitemap.xml?page=33"", ""https://www.sec.gov/sec-sitemap.xml?page=34"", ""https://www.sec.gov/sec-sitemap.xml?page=35"", ""https://www.sec.gov/sec-sitemap.xml?page=36"", ""https://www.sec.gov/sec-sitemap.xml?page=37"", ""https://www.sec.gov/sec-sitemap.xml?page=38"", ""https://www.sec.gov/sec-sitemap.xml?page=39"", ""https://www.sec.gov/sec-sitemap.xml?page=40"", ""https://www.sec.gov/sec-sitemap.xml?page=41"", ""https://www.sec.gov/sec-sitemap.xml?page=42"", ""https://www.sec.gov/sec-sitemap.xml?page=43"", ""https://www.sec.gov/sec-sitemap.xml?page=44"", ""https://www.sec.gov/sec-sitemap.xml?page=45"", ""https://www.sec.gov/sec-sitemap.xml?page=46"", ""https://www.sec.gov/sec-sitemap.xml?page=47"", ""https://www.sec.gov/sec-sitemap.xml?page=48"", ""https://www.sec.gov/sec-sitemap.xml?page=49"", ""https://www.sec.gov/sec-sitemap.xml?page=50"", ""https://www.sec.gov/sec-sitemap.xml?page=51"", ""https://www.sec.gov/sec-sitemap.xml?page=52"", ""https://www.sec.gov/sec-sitemap.xml?page=53"", ""https://www.sec.gov/sec-sitemap.xml?page=54"", ""https://www.sec.gov/sec-sitemap.xml?page=55"", ""https://www.sec.gov/sec-sitemap.xml?page=56"", ""https://www.sec.gov/sec-sitemap.xml?page=57"", ""https://www.sec.gov/sec-sitemap.xml?page=58"", ""https://www.sec.gov/sec-sitemap.xml?page=59"", ""https://www.sec.gov/sec-sitemap.xml?page=60"", ""https://www.sec.gov/sec-sitemap.xml?page=61"", ""https://www.sec.gov/sec-sitemap.xml?page=62"", ""https://www.sec.gov/sec-sitemap.xml?page=63"", ""https://www.sec.gov/sec-sitemap.xml?page=64"", ""https://www.sec.gov/sec-sitemap.xml?page=65"", ""https://www.sec.gov/sec-sitemap.xml?page=66"", ""https://www.sec.gov/sec-sitemap.xml?page=67"", ""https://www.sec.gov/sec-sitemap.xml?page=68"", ""https://www.sec.gov/sec-sitemap.xml?page=69"", ""https://www.sec.gov/sec-sitemap.xml?page=70"", ""https://www.sec.gov/sec-sitemap.xml?page=71"", ""https://www.sec.gov/sec-sitemap.xml?page=72"", ""https://www.sec.gov/sec-sitemap.xml?page=73"", ""https://www.sec.gov/sec-sitemap.xml?page=74"", ""https://www.sec.gov/sec-sitemap.xml?page=75"", ""https://www.sec.gov/sec-sitemap.xml?page=76"", ""https://www.sec.gov/sec-sitemap.xml?page=77"", ""https://www.sec.gov/sec-sitemap.xml?page=78"", ""https://www.sec.gov/sec-sitemap.xml?page=79"", ""https://www.sec.gov/sitemap/sitemap-index.xml"", ""https://www.sec.gov/sitemap/sitemap1.xml"", ""https://www.sec.gov/sitemap/sitemap2.xml"", ""https://www.sec.gov/sitemap/sitemap3.xml"", ""https://www.sec.gov/sitemap/sitemap4.xml"", ""https://www.sec.gov/sitemap/sitemap5.xml"", ""https://www.sec.gov/sitemap/sitemap6.xml""]",87,200,SEC.gov | Home,4893,117,True,910,False,True,False,True,api_first,low,active,,2026-05-17 19:02:02.931456
semanticscholar_org,https://www.semanticscholar.org/,https://www.semanticscholar.org/,semanticscholar.org,https,https://www.semanticscholar.org/,https://www.semanticscholar.org/robots.txt,True,"[""https://www.semanticscholar.org/sitemap_author_index.xml"", ""https://www.semanticscholar.org/sitemap_paper_index.xml"", ""https://www.semanticscholar.org/sitemap_topic_index.xml""]",True,True,True,semantic_scholar_collector,,False,[],0,True,"[""https://www.semanticscholar.org/sitemap_author_index.xml"", ""https://www.semanticscholar.org/sitemap-author-0000000.xml"", ""https://www.semanticscholar.org/sitemap-author-0000001.xml"", ""https://www.semanticscholar.org/sitemap-author-0000002.xml"", ""https://www.semanticscholar.org/sitemap-author-0000003.xml"", ""https://www.semanticscholar.org/sitemap-author-0000004.xml"", ""https://www.semanticscholar.org/sitemap-author-0000005.xml"", ""https://www.semanticscholar.org/sitemap-author-0000006.xml"", ""https://www.semanticscholar.org/sitemap-author-0000007.xml"", ""https://www.semanticscholar.org/sitemap-author-0000008.xml"", ""https://www.semanticscholar.org/sitemap-author-0000009.xml"", ""https://www.semanticscholar.org/sitemap-author-0000010.xml"", ""https://www.semanticscholar.org/sitemap-author-0000011.xml"", ""https://www.semanticscholar.org/sitemap-author-0000012.xml"", ""https://www.semanticscholar.org/sitemap-author-0000013.xml"", ""https://www.semanticscholar.org/sitemap-author-0000014.xml"", ""https://www.semanticscholar.org/sitemap-author-0000015.xml"", ""https://www.semanticscholar.org/sitemap-author-0000016.xml"", ""https://www.semanticscholar.org/sitemap-author-0000017.xml"", ""https://www.semanticscholar.org/sitemap-author-0000018.xml"", ""https://www.semanticscholar.org/sitemap-author-0000019.xml"", ""https://www.semanticscholar.org/sitemap-author-0000020.xml"", ""https://www.semanticscholar.org/sitemap-author-0000021.xml"", ""https://www.semanticscholar.org/sitemap-author-0000022.xml"", ""https://www.semanticscholar.org/sitemap-author-0000023.xml"", ""https://www.semanticscholar.org/sitemap-author-0000024.xml"", ""https://www.semanticscholar.org/sitemap-author-0000025.xml"", ""https://www.semanticscholar.org/sitemap-author-0000026.xml"", ""https://www.semanticscholar.org/sitemap-author-0000027.xml"", ""https://www.semanticscholar.org/sitemap-author-0000028.xml"", ""https://www.semanticscholar.org/sitemap-author-0000029.xml"", ""https://www.semanticscholar.org/sitemap-author-0000030.xml"", ""https://www.semanticscholar.org/sitemap-author-0000031.xml"", ""https://www.semanticscholar.org/sitemap-author-0000032.xml"", ""https://www.semanticscholar.org/sitemap-author-0000033.xml"", ""https://www.semanticscholar.org/sitemap-author-0000034.xml"", ""https://www.semanticscholar.org/sitemap-author-0000035.xml"", ""https://www.semanticscholar.org/sitemap-author-0000036.xml"", ""https://www.semanticscholar.org/sitemap-author-0000037.xml"", ""https://www.semanticscholar.org/sitemap-author-0000038.xml"", ""https://www.semanticscholar.org/sitemap-author-0000039.xml"", ""https://www.semanticscholar.org/sitemap-author-0000040.xml"", ""https://www.semanticscholar.org/sitemap-author-0000041.xml"", ""https://www.semanticscholar.org/sitemap-author-0000042.xml"", ""https://www.semanticscholar.org/sitemap-author-0000043.xml"", ""https://www.semanticscholar.org/sitemap-author-0000044.xml"", ""https://www.semanticscholar.org/sitemap-author-0000045.xml"", ""https://www.semanticscholar.org/sitemap-author-0000046.xml"", ""https://www.semanticscholar.org/sitemap-author-0000047.xml"", ""https://www.semanticscholar.org/sitemap-author-0000048.xml"", ""https://www.semanticscholar.org/sitemap-author-0000049.xml"", ""https://www.semanticscholar.org/sitemap-author-0000050.xml"", ""https://www.semanticscholar.org/sitemap-author-0000051.xml"", ""https://www.semanticscholar.org/sitemap-author-0000052.xml"", ""https://www.semanticscholar.org/sitemap-author-0000053.xml"", ""https://www.semanticscholar.org/sitemap-author-0000054.xml"", ""https://www.semanticscholar.org/sitemap-author-0000055.xml"", ""https://www.semanticscholar.org/sitemap-author-0000056.xml"", ""https://www.semanticscholar.org/sitemap-author-0000057.xml"", ""https://www.semanticscholar.org/sitemap-author-0000058.xml"", ""https://www.semanticscholar.org/sitemap-author-0000059.xml"", ""https://www.semanticscholar.org/sitemap-author-0000060.xml"", ""https://www.semanticscholar.org/sitemap-author-0000061.xml"", ""https://www.semanticscholar.org/sitemap-author-0000062.xml"", ""https://www.semanticscholar.org/sitemap-author-0000063.xml"", ""https://www.semanticscholar.org/sitemap-author-0000064.xml"", ""https://www.semanticscholar.org/sitemap-author-0000065.xml"", ""https://www.semanticscholar.org/sitemap-author-0000066.xml"", ""https://www.semanticscholar.org/sitemap-author-0000067.xml"", ""https://www.semanticscholar.org/sitemap-author-0000068.xml"", ""https://www.semanticscholar.org/sitemap-author-0000069.xml"", ""https://www.semanticscholar.org/sitemap-author-0000070.xml"", ""https://www.semanticscholar.org/sitemap-author-0000071.xml"", ""https://www.semanticscholar.org/sitemap-author-0000072.xml"", ""https://www.semanticscholar.org/sitemap-author-0000073.xml"", ""https://www.semanticscholar.org/sitemap-author-0000074.xml"", ""https://www.semanticscholar.org/sitemap-author-0000075.xml"", ""https://www.semanticscholar.org/sitemap-author-0000076.xml"", ""https://www.semanticscholar.org/sitemap-author-0000077.xml"", ""https://www.semanticscholar.org/sitemap-author-0000078.xml"", ""https://www.semanticscholar.org/sitemap-author-0000079.xml"", ""https://www.semanticscholar.org/sitemap-author-0000080.xml"", ""https://www.semanticscholar.org/sitemap-author-0000081.xml"", ""https://www.semanticscholar.org/sitemap-author-0000082.xml"", ""https://www.semanticscholar.org/sitemap-author-0000083.xml"", ""https://www.semanticscholar.org/sitemap-author-0000084.xml"", ""https://www.semanticscholar.org/sitemap-author-0000085.xml"", ""https://www.semanticscholar.org/sitemap-author-0000086.xml"", ""https://www.semanticscholar.org/sitemap-author-0000087.xml"", ""https://www.semanticscholar.org/sitemap-author-0000088.xml"", ""https://www.semanticscholar.org/sitemap-author-0000089.xml"", ""https://www.semanticscholar.org/sitemap-author-0000090.xml"", ""https://www.semanticscholar.org/sitemap-author-0000091.xml"", ""https://www.semanticscholar.org/sitemap-author-0000092.xml"", ""https://www.semanticscholar.org/sitemap-author-0000093.xml"", ""https://www.semanticscholar.org/sitemap-author-0000094.xml"", ""https://www.semanticscholar.org/sitemap-author-0000095.xml"", ""https://www.semanticscholar.org/sitemap-author-0000096.xml"", ""https://www.semanticscholar.org/sitemap-author-0000097.xml"", ""https://www.semanticscholar.org/sitemap-author-0000098.xml"", ""https://www.semanticscholar.org/sitemap-author-0000099.xml"", ""https://www.semanticscholar.org/sitemap-author-0000100.xml"", ""https://www.semanticscholar.org/sitemap-author-0000101.xml"", ""https://www.semanticscholar.org/sitemap-author-0000102.xml"", ""https://www.semanticscholar.org/sitemap-author-0000103.xml"", ""https://www.semanticscholar.org/sitemap-author-0000104.xml"", ""https://www.semanticscholar.org/sitemap-author-0000105.xml"", ""https://www.semanticscholar.org/sitemap-author-0000106.xml"", ""https://www.semanticscholar.org/sitemap-author-0000107.xml"", ""https://www.semanticscholar.org/sitemap-author-0000108.xml"", ""https://www.semanticscholar.org/sitemap-author-0000109.xml"", ""https://www.semanticscholar.org/sitemap-author-0000110.xml"", ""https://www.semanticscholar.org/sitemap-author-0000111.xml"", ""https://www.semanticscholar.org/sitemap-author-0000112.xml"", ""https://www.semanticscholar.org/sitemap-author-0000113.xml"", ""https://www.semanticscholar.org/sitemap-author-0000114.xml"", ""https://www.semanticscholar.org/sitemap-author-0000115.xml"", ""https://www.semanticscholar.org/sitemap-author-0000116.xml"", ""https://www.semanticscholar.org/sitemap-author-0000117.xml"", ""https://www.semanticscholar.org/sitemap-author-0000118.xml""]",120,200,Semantic Scholar | AI-Powered Research Tool,1846,33,True,368,False,True,False,True,api_first,low,active,,2026-05-17 19:02:02.946067
sgx_com,https://www.sgx.com/,https://www.sgx.com/,sgx.com,https,https://www.sgx.com/,https://www.sgx.com/robots.txt,True,"[""https://www.sgx.com/sitemap.xml""]",True,False,False,,,False,[],0,True,"[""https://www.sgx.com/sitemap.xml""]",1,403,,0,0,False,0,True,False,False,False,sitemap_then_article_extract,medium,active,,2026-05-17 19:11:16.740443
singstat_gov_sg,https://www.singstat.gov.sg/,https://www.singstat.gov.sg/,singstat.gov.sg,https,https://www.singstat.gov.sg/,https://www.singstat.gov.sg/robots.txt,True,[],False,True,False,,,False,[],0,True,"[""https://www.singstat.gov.sg/sitemap.xml""]",1,200,Singapore Department of Statistics,7830,188,True,623,False,True,True,False,sitemap_then_article_extract,medium,active,,2026-05-17 19:11:09.417111
smh_com_au,https://www.smh.com.au/,https://www.smh.com.au/,smh.com.au,https,https://www.smh.com.au/,https://www.smh.com.au/robots.txt,True,"[""https://www.smh.com.au/sitemaps/news/brands/smh"", ""https://www.smh.com.au/sitemaps/smh-sitemaps-videos.xml"", ""https://www.smh.com.au/sitemaps/smh-sitemaps-articles.xml"", ""https://www.smh.com.au/rss/feed.xml""]",True,True,False,,,True,"[""https://www.smh.com.au/rss/feed.xml""]",1,True,"[""https://www.smh.com.au/sitemaps/news/brands/smh"", ""https://www.smh.com.au/sitemaps/smh-sitemaps-videos.xml"", ""https://www.smh.com.au/sitemaps/smh-videos-20260516.xml"", ""https://www.smh.com.au/sitemaps/smh-videos-20260515.xml"", ""https://www.smh.com.au/sitemaps/smh-videos-20260514.xml"", ""https://www.smh.com.au/sitemaps/smh-videos-20260513.xml"", ""https://www.smh.com.au/sitemaps/smh-videos-20260512.xml"", ""https://www.smh.com.au/sitemaps/smh-videos-20260511.xml"", ""https://www.smh.com.au/sitemaps/smh-videos-20260510.xml"", ""https://www.smh.com.au/sitemaps/smh-videos-20260509.xml"", ""https://www.smh.com.au/sitemaps/smh-videos-20260508.xml"", ""https://www.smh.com.au/sitemaps/smh-videos-20260507.xml"", ""https://www.smh.com.au/sitemaps/smh-videos-20260506.xml"", ""https://www.smh.com.au/sitemaps/smh-videos-20260505.xml"", ""https://www.smh.com.au/sitemaps/smh-videos-20260504.xml"", ""https://www.smh.com.au/sitemaps/smh-videos-20260503.xml"", ""https://www.smh.com.au/sitemaps/smh-videos-20260502.xml"", ""https://www.smh.com.au/sitemaps/smh-videos-20260501.xml"", ""https://www.smh.com.au/sitemaps/smh-videos-20260430.xml"", ""https://www.smh.com.au/sitemaps/smh-videos-20260429.xml"", ""https://www.smh.com.au/sitemaps/smh-videos-20260428.xml"", ""https://www.smh.com.au/sitemaps/smh-videos-20260427.xml"", ""https://www.smh.com.au/sitemaps/smh-videos-20260426.xml"", ""https://www.smh.com.au/sitemaps/smh-videos-20260425.xml"", ""https://www.smh.com.au/sitemaps/smh-videos-20260424.xml"", ""https://www.smh.com.au/sitemaps/smh-videos-20260423.xml"", ""https://www.smh.com.au/sitemaps/smh-videos-20260422.xml"", ""https://www.smh.com.au/sitemaps/smh-videos-20260421.xml"", ""https://www.smh.com.au/sitemaps/smh-videos-20260420.xml"", ""https://www.smh.com.au/sitemaps/smh-videos-20260419.xml"", ""https://www.smh.com.au/sitemaps/smh-videos-20260418.xml"", ""https://www.smh.com.au/sitemaps/smh-videos-20260417.xml"", ""https://www.smh.com.au/sitemaps/smh-videos-20260416.xml"", ""https://www.smh.com.au/sitemaps/smh-videos-20260415.xml"", ""https://www.smh.com.au/sitemaps/smh-videos-20260414.xml"", ""https://www.smh.com.au/sitemaps/smh-videos-20260413.xml"", ""https://www.smh.com.au/sitemaps/smh-videos-20260412.xml"", ""https://www.smh.com.au/sitemaps/smh-videos-20260411.xml"", ""https://www.smh.com.au/sitemaps/smh-videos-20260410.xml"", ""https://www.smh.com.au/sitemaps/smh-videos-20260409.xml"", ""https://www.smh.com.au/sitemaps/smh-videos-20260408.xml"", ""https://www.smh.com.au/sitemaps/smh-videos-20260407.xml"", ""https://www.smh.com.au/sitemaps/smh-videos-20260406.xml"", ""https://www.smh.com.au/sitemaps/smh-videos-20260405.xml"", ""https://www.smh.com.au/sitemaps/smh-videos-20260404.xml"", ""https://www.smh.com.au/sitemaps/smh-videos-20260403.xml"", ""https://www.smh.com.au/sitemaps/smh-videos-20260402.xml"", ""https://www.smh.com.au/sitemaps/smh-videos-20260401.xml"", ""https://www.smh.com.au/sitemaps/smh-videos-20260331.xml"", ""https://www.smh.com.au/sitemaps/smh-videos-20260330.xml"", ""https://www.smh.com.au/sitemaps/smh-videos-20260329.xml"", ""https://www.smh.com.au/sitemaps/smh-videos-20260328.xml"", ""https://www.smh.com.au/sitemaps/smh-videos-20260327.xml"", ""https://www.smh.com.au/sitemaps/smh-videos-20260326.xml"", ""https://www.smh.com.au/sitemaps/smh-videos-20260325.xml"", ""https://www.smh.com.au/sitemaps/smh-videos-20260324.xml"", ""https://www.smh.com.au/sitemaps/smh-videos-20260323.xml"", ""https://www.smh.com.au/sitemaps/smh-videos-20260322.xml"", ""https://www.smh.com.au/sitemaps/smh-videos-20260321.xml"", ""https://www.smh.com.au/sitemaps/smh-videos-20260320.xml"", ""https://www.smh.com.au/sitemaps/smh-videos-20260319.xml"", ""https://www.smh.com.au/sitemaps/smh-videos-20260318.xml"", ""https://www.smh.com.au/sitemaps/smh-videos-20260317.xml"", ""https://www.smh.com.au/sitemaps/smh-videos-20260316.xml"", ""https://www.smh.com.au/sitemaps/smh-videos-20260315.xml"", ""https://www.smh.com.au/sitemaps/smh-videos-20260314.xml"", ""https://www.smh.com.au/sitemaps/smh-videos-20260313.xml"", ""https://www.smh.com.au/sitemaps/smh-videos-20260312.xml"", ""https://www.smh.com.au/sitemaps/smh-videos-20260311.xml"", ""https://www.smh.com.au/sitemaps/smh-videos-20260310.xml"", ""https://www.smh.com.au/sitemaps/smh-videos-20260309.xml"", ""https://www.smh.com.au/sitemaps/smh-videos-20260308.xml"", ""https://www.smh.com.au/sitemaps/smh-videos-20260307.xml"", ""https://www.smh.com.au/sitemaps/smh-videos-20260306.xml"", ""https://www.smh.com.au/sitemaps/smh-videos-20260305.xml"", ""https://www.smh.com.au/sitemaps/smh-videos-20260304.xml"", ""https://www.smh.com.au/sitemaps/smh-videos-20260303.xml"", ""https://www.smh.com.au/sitemaps/smh-videos-20260302.xml"", ""https://www.smh.com.au/sitemaps/smh-videos-20260301.xml"", ""https://www.smh.com.au/sitemaps/smh-videos-20260228.xml"", ""https://www.smh.com.au/sitemaps/smh-videos-20260227.xml"", ""https://www.smh.com.au/sitemaps/smh-videos-20260226.xml"", ""https://www.smh.com.au/sitemaps/smh-videos-20260225.xml"", ""https://www.smh.com.au/sitemaps/smh-videos-20260224.xml"", ""https://www.smh.com.au/sitemaps/smh-videos-20260223.xml"", ""https://www.smh.com.au/sitemaps/smh-videos-20260222.xml"", ""https://www.smh.com.au/sitemaps/smh-videos-20260221.xml"", ""https://www.smh.com.au/sitemaps/smh-videos-20260220.xml"", ""https://www.smh.com.au/sitemaps/smh-videos-20260219.xml"", ""https://www.smh.com.au/sitemaps/smh-videos-20260218.xml"", ""https://www.smh.com.au/sitemaps/smh-videos-20260217.xml"", ""https://www.smh.com.au/sitemaps/smh-videos-20260216.xml"", ""https://www.smh.com.au/sitemaps/smh-videos-20260215.xml"", ""https://www.smh.com.au/sitemaps/smh-videos-20260214.xml"", ""https://www.smh.com.au/sitemaps/smh-videos-20260213.xml"", ""https://www.smh.com.au/sitemaps/smh-videos-20260212.xml"", ""https://www.smh.com.au/sitemaps/smh-videos-20260211.xml"", ""https://www.smh.com.au/sitemaps/smh-videos-20260210.xml"", ""https://www.smh.com.au/sitemaps/smh-videos-20260209.xml"", ""https://www.smh.com.au/sitemaps/smh-videos-20260208.xml"", ""https://www.smh.com.au/sitemaps/smh-videos-20260207.xml"", ""https://www.smh.com.au/sitemaps/smh-videos-20260206.xml"", ""https://www.smh.com.au/sitemaps/smh-videos-20260205.xml"", ""https://www.smh.com.au/sitemaps/smh-videos-20260204.xml"", ""https://www.smh.com.au/sitemaps/smh-videos-20260203.xml"", ""https://www.smh.com.au/sitemaps/smh-videos-20260202.xml"", ""https://www.smh.com.au/sitemaps/smh-videos-20260201.xml"", ""https://www.smh.com.au/sitemaps/smh-videos-20260131.xml"", ""https://www.smh.com.au/sitemaps/smh-videos-20260130.xml"", ""https://www.smh.com.au/sitemaps/smh-videos-20260129.xml"", ""https://www.smh.com.au/sitemaps/smh-videos-20260128.xml"", ""https://www.smh.com.au/sitemaps/smh-videos-20260127.xml"", ""https://www.smh.com.au/sitemaps/smh-videos-20260126.xml"", ""https://www.smh.com.au/sitemaps/smh-videos-20260125.xml"", ""https://www.smh.com.au/sitemaps/smh-videos-20260124.xml"", ""https://www.smh.com.au/sitemaps/smh-videos-20260123.xml"", ""https://www.smh.com.au/sitemaps/smh-videos-20260122.xml"", ""https://www.smh.com.au/sitemaps/smh-videos-20260121.xml"", ""https://www.smh.com.au/sitemaps/smh-videos-20260120.xml"", ""https://www.smh.com.au/sitemaps/smh-videos-20260119.xml""]",120,200,Australian Breaking News Headlines & World News Online | SMH.com.au,19017,524,True,10333,False,True,False,True,rss_then_article_extract,medium,active,,2026-05-17 19:13:01.012524
spa_gov_sa,https://www.spa.gov.sa/en,https://www.spa.gov.sa/en,spa.gov.sa,https,https://www.spa.gov.sa/en,https://www.spa.gov.sa/robots.txt,True,"[""https://www.spa.gov.sa/sitemap.xml"", ""https://www.spa.gov.sa/ar/sitemap.xml"", ""https://www.spa.gov.sa/en/sitemap.xml"", ""https://www.spa.gov.sa/fa/sitemap.xml"", ""https://www.spa.gov.sa/fr/sitemap.xml"", ""https://www.spa.gov.sa/ru/sitemap.xml"", ""https://www.spa.gov.sa/zh/sitemap.xml""]",True,True,False,,,False,[],0,True,"[""https://www.spa.gov.sa/sitemap.xml"", ""https://www.spa.gov.sa/sitemap-0.xml"", ""https://www.spa.gov.sa/ar/sitemap.xml"", ""https://www.spa.gov.sa/en/sitemap.xml"", ""https://www.spa.gov.sa/fa/sitemap.xml"", ""https://www.spa.gov.sa/fr/sitemap.xml"", ""https://www.spa.gov.sa/ru/sitemap.xml"", ""https://www.spa.gov.sa/zh/sitemap.xml""]",8,200,The official Saudi Press Agency,31,0,False,0,True,False,False,True,sitemap_then_article_extract,medium,active,,2026-05-17 19:11:47.592584
stat_go_jp,https://www.stat.go.jp/english/,https://www.stat.go.jp/english,stat.go.jp,https,https://www.stat.go.jp/english,https://www.stat.go.jp/robots.txt,True,[],False,True,False,,,False,[],0,False,[],0,404,,0,0,False,0,True,False,False,False,playwright_fallback,medium,active_candidate,,2026-05-17 19:09:25.955190
straitstimes_com,https://www.straitstimes.com/,https://www.straitstimes.com/,straitstimes.com,https,https://www.straitstimes.com/,https://www.straitstimes.com/robots.txt,True,"[""https://www.straitstimes.com/livecoverage.xml"", ""https://www.straitstimes.com/googlenews.xml"", ""https://www.straitstimes.com/sitemap.xml""]",True,True,False,,,True,"[""https://www.straitstimes.com/rss.xml""]",1,True,"[""https://www.straitstimes.com/livecoverage.xml"", ""https://www.straitstimes.com/googlenews.xml"", ""https://www.straitstimes.com/sitemap.xml"", ""https://www.straitstimes.com/sitemap/sections.xml"", ""https://www.straitstimes.com/sitemap/2026/05/feeds.xml"", ""https://www.straitstimes.com/sitemap/2026/04/feeds.xml"", ""https://www.straitstimes.com/sitemap/2026/03/feeds.xml"", ""https://www.straitstimes.com/sitemap/2026/02/feeds.xml"", ""https://www.straitstimes.com/sitemap/2026/01/feeds.xml"", ""https://www.straitstimes.com/sitemap/2025/12/feeds.xml"", ""https://www.straitstimes.com/sitemap/2025/11/feeds.xml"", ""https://www.straitstimes.com/sitemap/2025/10/feeds.xml"", ""https://www.straitstimes.com/sitemap/2025/09/feeds.xml"", ""https://www.straitstimes.com/sitemap/2025/08/feeds.xml"", ""https://www.straitstimes.com/sitemap/2025/07/feeds.xml"", ""https://www.straitstimes.com/sitemap/2025/06/feeds.xml"", ""https://www.straitstimes.com/sitemap/2025/05/feeds.xml"", ""https://www.straitstimes.com/sitemap/2025/04/feeds.xml"", ""https://www.straitstimes.com/sitemap/2025/03/feeds.xml"", ""https://www.straitstimes.com/sitemap/2025/02/feeds.xml"", ""https://www.straitstimes.com/sitemap/2025/01/feeds.xml"", ""https://www.straitstimes.com/sitemap/2024/12/feeds.xml"", ""https://www.straitstimes.com/sitemap/2024/11/feeds.xml"", ""https://www.straitstimes.com/sitemap/2024/10/feeds.xml"", ""https://www.straitstimes.com/sitemap/2024/09/feeds.xml"", ""https://www.straitstimes.com/sitemap/2024/08/feeds.xml"", ""https://www.straitstimes.com/sitemap/2024/07/feeds.xml"", ""https://www.straitstimes.com/sitemap/2024/06/feeds.xml"", ""https://www.straitstimes.com/sitemap/2024/05/feeds.xml"", ""https://www.straitstimes.com/sitemap/2024/04/feeds.xml"", ""https://www.straitstimes.com/sitemap/2024/03/feeds.xml"", ""https://www.straitstimes.com/sitemap/2024/02/feeds.xml"", ""https://www.straitstimes.com/sitemap/2024/01/feeds.xml"", ""https://www.straitstimes.com/sitemap/2023/12/feeds.xml"", ""https://www.straitstimes.com/sitemap/2023/11/feeds.xml"", ""https://www.straitstimes.com/sitemap/2023/10/feeds.xml"", ""https://www.straitstimes.com/sitemap/2023/09/feeds.xml"", ""https://www.straitstimes.com/sitemap/2023/08/feeds.xml"", ""https://www.straitstimes.com/sitemap/2023/07/feeds.xml"", ""https://www.straitstimes.com/sitemap/2023/06/feeds.xml"", ""https://www.straitstimes.com/sitemap/2023/05/feeds.xml"", ""https://www.straitstimes.com/sitemap/2023/04/feeds.xml"", ""https://www.straitstimes.com/sitemap/2023/03/feeds.xml"", ""https://www.straitstimes.com/sitemap/2023/02/feeds.xml"", ""https://www.straitstimes.com/sitemap/2023/01/feeds.xml"", ""https://www.straitstimes.com/sitemap/2022/12/feeds.xml"", ""https://www.straitstimes.com/sitemap/2022/11/feeds.xml"", ""https://www.straitstimes.com/sitemap/2022/10/feeds.xml"", ""https://www.straitstimes.com/sitemap/2022/09/feeds.xml"", ""https://www.straitstimes.com/sitemap/2022/08/feeds.xml"", ""https://www.straitstimes.com/sitemap/2022/07/feeds.xml"", ""https://www.straitstimes.com/sitemap/2022/06/feeds.xml"", ""https://www.straitstimes.com/sitemap/2022/05/feeds.xml"", ""https://www.straitstimes.com/sitemap/2022/04/feeds.xml"", ""https://www.straitstimes.com/sitemap/2022/03/feeds.xml"", ""https://www.straitstimes.com/sitemap/2022/02/feeds.xml"", ""https://www.straitstimes.com/sitemap/2022/01/feeds.xml"", ""https://www.straitstimes.com/sitemap/2021/12/feeds.xml"", ""https://www.straitstimes.com/sitemap/2021/11/feeds.xml"", ""https://www.straitstimes.com/sitemap/2021/10/feeds.xml"", ""https://www.straitstimes.com/sitemap/2021/09/feeds.xml"", ""https://www.straitstimes.com/sitemap/2021/08/feeds.xml"", ""https://www.straitstimes.com/sitemap/2021/07/feeds.xml"", ""https://www.straitstimes.com/sitemap/2021/06/feeds.xml"", ""https://www.straitstimes.com/sitemap/2021/05/feeds.xml"", ""https://www.straitstimes.com/sitemap/2021/04/feeds.xml"", ""https://www.straitstimes.com/sitemap/2021/03/feeds.xml"", ""https://www.straitstimes.com/sitemap/2021/02/feeds.xml"", ""https://www.straitstimes.com/sitemap/2021/01/feeds.xml"", ""https://www.straitstimes.com/sitemap/2020/12/feeds.xml"", ""https://www.straitstimes.com/sitemap/2020/11/feeds.xml"", ""https://www.straitstimes.com/sitemap/2020/10/feeds.xml"", ""https://www.straitstimes.com/sitemap/2020/09/feeds.xml"", ""https://www.straitstimes.com/sitemap/2020/08/feeds.xml"", ""https://www.straitstimes.com/sitemap/2020/07/feeds.xml"", ""https://www.straitstimes.com/sitemap/2020/06/feeds.xml"", ""https://www.straitstimes.com/sitemap/2020/05/feeds.xml"", ""https://www.straitstimes.com/sitemap/2020/04/feeds.xml"", ""https://www.straitstimes.com/sitemap/2020/03/feeds.xml"", ""https://www.straitstimes.com/sitemap/2020/02/feeds.xml"", ""https://www.straitstimes.com/sitemap/2020/01/feeds.xml"", ""https://www.straitstimes.com/sitemap/2019/12/feeds.xml"", ""https://www.straitstimes.com/sitemap/2019/11/feeds.xml"", ""https://www.straitstimes.com/sitemap/2019/10/feeds.xml"", ""https://www.straitstimes.com/sitemap/2019/09/feeds.xml"", ""https://www.straitstimes.com/sitemap/2019/08/feeds.xml"", ""https://www.straitstimes.com/sitemap/2019/07/feeds.xml"", ""https://www.straitstimes.com/sitemap/2019/06/feeds.xml"", ""https://www.straitstimes.com/sitemap/2019/05/feeds.xml"", ""https://www.straitstimes.com/sitemap/2019/04/feeds.xml"", ""https://www.straitstimes.com/sitemap/2019/03/feeds.xml"", ""https://www.straitstimes.com/sitemap/2019/02/feeds.xml"", ""https://www.straitstimes.com/sitemap/2019/01/feeds.xml"", ""https://www.straitstimes.com/sitemap/2018/12/feeds.xml"", ""https://www.straitstimes.com/sitemap/2018/11/feeds.xml"", ""https://www.straitstimes.com/sitemap/2018/10/feeds.xml"", ""https://www.straitstimes.com/sitemap/2018/09/feeds.xml"", ""https://www.straitstimes.com/sitemap/2018/08/feeds.xml"", ""https://www.straitstimes.com/sitemap/2018/07/feeds.xml"", ""https://www.straitstimes.com/sitemap/2018/06/feeds.xml"", ""https://www.straitstimes.com/sitemap/2018/05/feeds.xml"", ""https://www.straitstimes.com/sitemap/2018/04/feeds.xml"", ""https://www.straitstimes.com/sitemap/2018/03/feeds.xml"", ""https://www.straitstimes.com/sitemap/2018/02/feeds.xml"", ""https://www.straitstimes.com/sitemap/2018/01/feeds.xml"", ""https://www.straitstimes.com/sitemap/2017/12/feeds.xml"", ""https://www.straitstimes.com/sitemap/2017/11/feeds.xml"", ""https://www.straitstimes.com/sitemap/2017/10/feeds.xml"", ""https://www.straitstimes.com/sitemap/2017/09/feeds.xml"", ""https://www.straitstimes.com/sitemap/2017/08/feeds.xml"", ""https://www.straitstimes.com/sitemap/2017/07/feeds.xml"", ""https://www.straitstimes.com/sitemap/2017/06/feeds.xml"", ""https://www.straitstimes.com/sitemap/2017/05/feeds.xml"", ""https://www.straitstimes.com/sitemap/2017/04/feeds.xml"", ""https://www.straitstimes.com/sitemap/2017/03/feeds.xml"", ""https://www.straitstimes.com/sitemap/2017/02/feeds.xml"", ""https://www.straitstimes.com/sitemap/2017/01/feeds.xml"", ""https://www.straitstimes.com/sitemap/2016/12/feeds.xml"", ""https://www.straitstimes.com/sitemap/2016/11/feeds.xml"", ""https://www.straitstimes.com/sitemap/2016/10/feeds.xml""]",120,200,"The Straits Times - Breaking news, Singapore news, Asia and world news & multimedia",6519,156,True,797,True,True,False,True,rss_then_article_extract,medium,active,,2026-05-17 19:10:54.929956
tadawulgroup_sa,https://www.tadawulgroup.sa/,https://www.tadawulgroup.sa/,tadawulgroup.sa,https,https://www.tadawulgroup.sa/,https://www.tadawulgroup.sa/robots.txt,True,[],False,True,False,,,False,[],0,False,[],0,200,Home,4261,91,True,469,False,True,False,False,html_then_trafilatura,medium,active_candidate,,2026-05-17 19:11:54.806722
taiwannews_com_tw,https://www.taiwannews.com.tw/,https://www.taiwannews.com.tw/,taiwannews.com.tw,https,https://www.taiwannews.com.tw/,https://www.taiwannews.com.tw/robots.txt,True,"[""https://www.taiwannews.com.tw/sitemap.xml"", ""https://www.taiwannews.com.tw/sitemap_en.xml"", ""https://www.taiwannews.com.tw/sitemap_zh.xml""]",False,True,False,,,False,[],0,True,"[""https://www.taiwannews.com.tw/sitemap.xml"", ""https://www.taiwannews.com.tw/sitemap_en.xml"", ""https://www.taiwannews.com.tw/sitemap_zh.xml""]",3,200,"Taiwan News - Voice of the People, Bridge to the World",26574,317,True,2065,False,True,False,False,sitemap_then_article_extract,medium,active,,2026-05-17 19:10:20.161663
tass_com,https://tass.com/,https://tass.com/,tass.com,https,https://tass.com/,https://tass.com/robots.txt,True,"[""https://tass.com/sitemap.xml""]",True,True,False,,,False,[],0,True,"[""https://tass.com/sitemap.xml"", ""https://tass.com/sitemap/sitemap_hot.xml"", ""https://tass.com/sitemap/sitemap_section.xml"", ""https://tass.com/sitemap/sitemap_news0.xml"", ""https://tass.com/sitemap/sitemap_news1.xml"", ""https://tass.com/sitemap/sitemap_news2.xml"", ""https://tass.com/sitemap/sitemap_news3.xml"", ""https://tass.com/sitemap/sitemap_news4.xml"", ""https://tass.com/sitemap/sitemap_news5.xml"", ""https://tass.com/sitemap/sitemap_news6.xml"", ""https://tass.com/sitemap/sitemap_news7.xml"", ""https://tass.com/sitemap/sitemap_news8.xml""]",12,200,TASS Russian News Agency,5774,105,True,951,False,True,True,False,sitemap_then_article_extract,medium,active,,2026-05-17 19:12:20.743209
thanhnien_vn,https://thanhnien.vn/,https://thanhnien.vn/,thanhnien.vn,https,https://thanhnien.vn/,https://thanhnien.vn/robots.txt,True,"[""https://thanhnien.vn/sitemap.xml"", ""https://thanhnien.vn/google-news-sitemap.xml""]",True,True,False,,,True,"[""https://thanhnien.vn/rss/home.rss""]",1,True,"[""https://thanhnien.vn/sitemap.xml"", ""https://thanhnien.vn/sitemaps/categories-sitemap.xml"", ""https://thanhnien.vn/google-news-sitemap.xml"", ""https://thanhnien.vn/latest-news-sitemap.xml"", ""https://thanhnien.vn/sitemaps/sitemaps-2026-5-1-5.xml"", ""https://thanhnien.vn/sitemaps/sitemaps-2026-5-6-10.xml"", ""https://thanhnien.vn/sitemaps/sitemaps-2026-5-11-15.xml"", ""https://thanhnien.vn/sitemaps/sitemaps-2026-5-16-20.xml"", ""https://thanhnien.vn/sitemaps/sitemaps-2026-4-1-5.xml"", ""https://thanhnien.vn/sitemaps/sitemaps-2026-4-6-10.xml"", ""https://thanhnien.vn/sitemaps/sitemaps-2026-4-11-15.xml"", ""https://thanhnien.vn/sitemaps/sitemaps-2026-4-16-20.xml"", ""https://thanhnien.vn/sitemaps/sitemaps-2026-4-21-25.xml"", ""https://thanhnien.vn/sitemaps/sitemaps-2026-4-26-30.xml"", ""https://thanhnien.vn/sitemaps/sitemaps-2026-3-1-5.xml"", ""https://thanhnien.vn/sitemaps/sitemaps-2026-3-6-10.xml"", ""https://thanhnien.vn/sitemaps/sitemaps-2026-3-11-15.xml"", ""https://thanhnien.vn/sitemaps/sitemaps-2026-3-16-20.xml"", ""https://thanhnien.vn/sitemaps/sitemaps-2026-3-21-25.xml"", ""https://thanhnien.vn/sitemaps/sitemaps-2026-3-26-31.xml"", ""https://thanhnien.vn/sitemaps/sitemaps-2026-2-1-5.xml"", ""https://thanhnien.vn/sitemaps/sitemaps-2026-2-6-10.xml"", ""https://thanhnien.vn/sitemaps/sitemaps-2026-2-11-15.xml"", ""https://thanhnien.vn/sitemaps/sitemaps-2026-2-16-20.xml"", ""https://thanhnien.vn/sitemaps/sitemaps-2026-2-21-25.xml"", ""https://thanhnien.vn/sitemaps/sitemaps-2026-2-26-28.xml"", ""https://thanhnien.vn/sitemaps/sitemaps-2026-1-1-5.xml"", ""https://thanhnien.vn/sitemaps/sitemaps-2026-1-6-10.xml"", ""https://thanhnien.vn/sitemaps/sitemaps-2026-1-11-15.xml"", ""https://thanhnien.vn/sitemaps/sitemaps-2026-1-16-20.xml"", ""https://thanhnien.vn/sitemaps/sitemaps-2026-1-21-25.xml"", ""https://thanhnien.vn/sitemaps/sitemaps-2026-1-26-31.xml"", ""https://thanhnien.vn/sitemaps/sitemaps-2025-12-1-5.xml"", ""https://thanhnien.vn/sitemaps/sitemaps-2025-12-6-10.xml"", ""https://thanhnien.vn/sitemaps/sitemaps-2025-12-11-15.xml"", ""https://thanhnien.vn/sitemaps/sitemaps-2025-12-16-20.xml"", ""https://thanhnien.vn/sitemaps/sitemaps-2025-12-21-25.xml"", ""https://thanhnien.vn/sitemaps/sitemaps-2025-12-26-31.xml"", ""https://thanhnien.vn/sitemaps/sitemaps-2025-11-1-5.xml"", ""https://thanhnien.vn/sitemaps/sitemaps-2025-11-6-10.xml"", ""https://thanhnien.vn/sitemaps/sitemaps-2025-11-11-15.xml"", ""https://thanhnien.vn/sitemaps/sitemaps-2025-11-16-20.xml"", ""https://thanhnien.vn/sitemaps/sitemaps-2025-11-21-25.xml"", ""https://thanhnien.vn/sitemaps/sitemaps-2025-11-26-30.xml"", ""https://thanhnien.vn/sitemaps/sitemaps-2025-10-1-5.xml"", ""https://thanhnien.vn/sitemaps/sitemaps-2025-10-6-10.xml"", ""https://thanhnien.vn/sitemaps/sitemaps-2025-10-11-15.xml"", ""https://thanhnien.vn/sitemaps/sitemaps-2025-10-16-20.xml"", ""https://thanhnien.vn/sitemaps/sitemaps-2025-10-21-25.xml"", ""https://thanhnien.vn/sitemaps/sitemaps-2025-10-26-31.xml"", ""https://thanhnien.vn/sitemaps/sitemaps-2025-9-1-5.xml"", ""https://thanhnien.vn/sitemaps/sitemaps-2025-9-6-10.xml"", ""https://thanhnien.vn/sitemaps/sitemaps-2025-9-11-15.xml"", ""https://thanhnien.vn/sitemaps/sitemaps-2025-9-16-20.xml"", ""https://thanhnien.vn/sitemaps/sitemaps-2025-9-21-25.xml"", ""https://thanhnien.vn/sitemaps/sitemaps-2025-9-26-30.xml"", ""https://thanhnien.vn/sitemaps/sitemaps-2025-8-1-5.xml"", ""https://thanhnien.vn/sitemaps/sitemaps-2025-8-6-10.xml"", ""https://thanhnien.vn/sitemaps/sitemaps-2025-8-11-15.xml"", ""https://thanhnien.vn/sitemaps/sitemaps-2025-8-16-20.xml"", ""https://thanhnien.vn/sitemaps/sitemaps-2025-8-21-25.xml"", ""https://thanhnien.vn/sitemaps/sitemaps-2025-8-26-31.xml"", ""https://thanhnien.vn/sitemaps/sitemaps-2025-7-1-5.xml"", ""https://thanhnien.vn/sitemaps/sitemaps-2025-7-6-10.xml"", ""https://thanhnien.vn/sitemaps/sitemaps-2025-7-11-15.xml"", ""https://thanhnien.vn/sitemaps/sitemaps-2025-7-16-20.xml"", ""https://thanhnien.vn/sitemaps/sitemaps-2025-7-21-25.xml"", ""https://thanhnien.vn/sitemaps/sitemaps-2025-7-26-31.xml"", ""https://thanhnien.vn/sitemaps/sitemaps-2025-6-1-5.xml"", ""https://thanhnien.vn/sitemaps/sitemaps-2025-6-6-10.xml"", ""https://thanhnien.vn/sitemaps/sitemaps-2025-6-11-15.xml"", ""https://thanhnien.vn/sitemaps/sitemaps-2025-6-16-20.xml"", ""https://thanhnien.vn/sitemaps/sitemaps-2025-6-21-25.xml"", ""https://thanhnien.vn/sitemaps/sitemaps-2025-6-26-30.xml"", ""https://thanhnien.vn/sitemaps/sitemaps-2025-5-1-5.xml"", ""https://thanhnien.vn/sitemaps/sitemaps-2025-5-6-10.xml"", ""https://thanhnien.vn/sitemaps/sitemaps-2025-5-11-15.xml"", ""https://thanhnien.vn/sitemaps/sitemaps-2025-5-16-20.xml"", ""https://thanhnien.vn/sitemaps/sitemaps-2025-5-21-25.xml"", ""https://thanhnien.vn/sitemaps/sitemaps-2025-5-26-31.xml"", ""https://thanhnien.vn/sitemaps/sitemaps-2025-4-1-5.xml"", ""https://thanhnien.vn/sitemaps/sitemaps-2025-4-6-10.xml"", ""https://thanhnien.vn/sitemaps/sitemaps-2025-4-11-15.xml"", ""https://thanhnien.vn/sitemaps/sitemaps-2025-4-16-20.xml"", ""https://thanhnien.vn/sitemaps/sitemaps-2025-4-21-25.xml"", ""https://thanhnien.vn/sitemaps/sitemaps-2025-4-26-30.xml"", ""https://thanhnien.vn/sitemaps/sitemaps-2025-3-1-5.xml"", ""https://thanhnien.vn/sitemaps/sitemaps-2025-3-6-10.xml"", ""https://thanhnien.vn/sitemaps/sitemaps-2025-3-11-15.xml"", ""https://thanhnien.vn/sitemaps/sitemaps-2025-3-16-20.xml"", ""https://thanhnien.vn/sitemaps/sitemaps-2025-3-21-25.xml"", ""https://thanhnien.vn/sitemaps/sitemaps-2025-3-26-31.xml"", ""https://thanhnien.vn/sitemaps/sitemaps-2025-2-1-5.xml"", ""https://thanhnien.vn/sitemaps/sitemaps-2025-2-6-10.xml"", ""https://thanhnien.vn/sitemaps/sitemaps-2025-2-11-15.xml"", ""https://thanhnien.vn/sitemaps/sitemaps-2025-2-16-20.xml"", ""https://thanhnien.vn/sitemaps/sitemaps-2025-2-21-25.xml"", ""https://thanhnien.vn/sitemaps/sitemaps-2025-2-26-28.xml"", ""https://thanhnien.vn/sitemaps/sitemaps-2025-1-1-5.xml"", ""https://thanhnien.vn/sitemaps/sitemaps-2025-1-6-10.xml"", ""https://thanhnien.vn/sitemaps/sitemaps-2025-1-11-15.xml"", ""https://thanhnien.vn/sitemaps/sitemaps-2025-1-16-20.xml"", ""https://thanhnien.vn/sitemaps/sitemaps-2025-1-21-25.xml"", ""https://thanhnien.vn/sitemaps/sitemaps-2025-1-26-31.xml"", ""https://thanhnien.vn/sitemaps/sitemaps-2024-12-1-5.xml"", ""https://thanhnien.vn/sitemaps/sitemaps-2024-12-6-10.xml"", ""https://thanhnien.vn/sitemaps/sitemaps-2024-12-11-15.xml"", ""https://thanhnien.vn/sitemaps/sitemaps-2024-12-16-20.xml"", ""https://thanhnien.vn/sitemaps/sitemaps-2024-12-21-25.xml"", ""https://thanhnien.vn/sitemaps/sitemaps-2024-12-26-31.xml"", ""https://thanhnien.vn/sitemaps/sitemaps-2024-11-1-5.xml"", ""https://thanhnien.vn/sitemaps/sitemaps-2024-11-6-10.xml"", ""https://thanhnien.vn/sitemaps/sitemaps-2024-11-11-15.xml"", ""https://thanhnien.vn/sitemaps/sitemaps-2024-11-16-20.xml"", ""https://thanhnien.vn/sitemaps/sitemaps-2024-11-21-25.xml"", ""https://thanhnien.vn/sitemaps/sitemaps-2024-11-26-30.xml"", ""https://thanhnien.vn/sitemaps/sitemaps-2024-10-1-5.xml"", ""https://thanhnien.vn/sitemaps/sitemaps-2024-10-6-10.xml"", ""https://thanhnien.vn/sitemaps/sitemaps-2024-10-11-15.xml"", ""https://thanhnien.vn/sitemaps/sitemaps-2024-10-16-20.xml""]",120,200,"Tin tức 24h mới nhất, tin nhanh, tin nóng hàng ngày | Báo Thanh Niên",6929,251,True,164,False,False,False,True,rss_then_article_extract,medium,active,,2026-05-17 19:03:11.179521
theaustralian_com_au,https://www.theaustralian.com.au/,https://www.theaustralian.com.au/,theaustralian.com.au,https,https://www.theaustralian.com.au/,https://www.theaustralian.com.au/robots.txt,True,"[""https://www.theaustralian.com.au/sitemap.xml"", ""https://www.theaustralian.com.au/news-sitemap.xml""]",True,False,False,,,False,[],0,True,"[""https://www.theaustralian.com.au/sitemap.xml"", ""https://www.theaustralian.com.au/sitemap.xml?yyyy=2026&mm=05&dd=18"", ""https://www.theaustralian.com.au/sitemap.xml?yyyy=2026&mm=05&dd=17"", ""https://www.theaustralian.com.au/sitemap.xml?yyyy=2026&mm=05&dd=16"", ""https://www.theaustralian.com.au/sitemap.xml?yyyy=2026&mm=05&dd=15"", ""https://www.theaustralian.com.au/sitemap.xml?yyyy=2026&mm=05&dd=14"", ""https://www.theaustralian.com.au/sitemap.xml?yyyy=2026&mm=05&dd=13"", ""https://www.theaustralian.com.au/sitemap.xml?yyyy=2026&mm=05&dd=12"", ""https://www.theaustralian.com.au/sitemap.xml?yyyy=2026&mm=05&dd=11"", ""https://www.theaustralian.com.au/sitemap.xml?yyyy=2026&mm=05&dd=10"", ""https://www.theaustralian.com.au/sitemap.xml?yyyy=2026&mm=05&dd=09"", ""https://www.theaustralian.com.au/sitemap.xml?yyyy=2026&mm=05&dd=08"", ""https://www.theaustralian.com.au/sitemap.xml?yyyy=2026&mm=05&dd=07"", ""https://www.theaustralian.com.au/sitemap.xml?yyyy=2026&mm=05&dd=06"", ""https://www.theaustralian.com.au/sitemap.xml?yyyy=2026&mm=05&dd=05"", ""https://www.theaustralian.com.au/sitemap.xml?yyyy=2026&mm=05&dd=04"", ""https://www.theaustralian.com.au/sitemap.xml?yyyy=2026&mm=05&dd=03"", ""https://www.theaustralian.com.au/sitemap.xml?yyyy=2026&mm=05&dd=02"", ""https://www.theaustralian.com.au/sitemap.xml?yyyy=2026&mm=05&dd=01"", ""https://www.theaustralian.com.au/sitemap.xml?yyyy=2026&mm=04&dd=30"", ""https://www.theaustralian.com.au/sitemap.xml?yyyy=2026&mm=04&dd=29"", ""https://www.theaustralian.com.au/sitemap.xml?yyyy=2026&mm=04&dd=28"", ""https://www.theaustralian.com.au/sitemap.xml?yyyy=2026&mm=04&dd=27"", ""https://www.theaustralian.com.au/sitemap.xml?yyyy=2026&mm=04&dd=26"", ""https://www.theaustralian.com.au/sitemap.xml?yyyy=2026&mm=04&dd=25"", ""https://www.theaustralian.com.au/sitemap.xml?yyyy=2026&mm=04&dd=24"", ""https://www.theaustralian.com.au/sitemap.xml?yyyy=2026&mm=04&dd=23"", ""https://www.theaustralian.com.au/sitemap.xml?yyyy=2026&mm=04&dd=22"", ""https://www.theaustralian.com.au/sitemap.xml?yyyy=2026&mm=04&dd=21"", ""https://www.theaustralian.com.au/sitemap.xml?yyyy=2026&mm=04&dd=20"", ""https://www.theaustralian.com.au/sitemap.xml?yyyy=2026&mm=04&dd=19"", ""https://www.theaustralian.com.au/sitemap.xml?yyyy=2026&mm=04&dd=18"", ""https://www.theaustralian.com.au/sitemap.xml?yyyy=2026&mm=04&dd=17"", ""https://www.theaustralian.com.au/sitemap.xml?yyyy=2026&mm=04&dd=16"", ""https://www.theaustralian.com.au/sitemap.xml?yyyy=2026&mm=04&dd=15"", ""https://www.theaustralian.com.au/sitemap.xml?yyyy=2026&mm=04&dd=14"", ""https://www.theaustralian.com.au/sitemap.xml?yyyy=2026&mm=04&dd=13"", ""https://www.theaustralian.com.au/sitemap.xml?yyyy=2026&mm=04&dd=12"", ""https://www.theaustralian.com.au/sitemap.xml?yyyy=2026&mm=04&dd=11"", ""https://www.theaustralian.com.au/sitemap.xml?yyyy=2026&mm=04&dd=10"", ""https://www.theaustralian.com.au/sitemap.xml?yyyy=2026&mm=04&dd=09"", ""https://www.theaustralian.com.au/sitemap.xml?yyyy=2026&mm=04&dd=08"", ""https://www.theaustralian.com.au/sitemap.xml?yyyy=2026&mm=04&dd=07"", ""https://www.theaustralian.com.au/sitemap.xml?yyyy=2026&mm=04&dd=06"", ""https://www.theaustralian.com.au/sitemap.xml?yyyy=2026&mm=04&dd=05"", ""https://www.theaustralian.com.au/sitemap.xml?yyyy=2026&mm=04&dd=04"", ""https://www.theaustralian.com.au/sitemap.xml?yyyy=2026&mm=04&dd=03"", ""https://www.theaustralian.com.au/sitemap.xml?yyyy=2026&mm=04&dd=02"", ""https://www.theaustralian.com.au/sitemap.xml?yyyy=2026&mm=04&dd=01"", ""https://www.theaustralian.com.au/sitemap.xml?yyyy=2026&mm=03&dd=31"", ""https://www.theaustralian.com.au/sitemap.xml?yyyy=2026&mm=03&dd=30"", ""https://www.theaustralian.com.au/sitemap.xml?yyyy=2026&mm=03&dd=29"", ""https://www.theaustralian.com.au/sitemap.xml?yyyy=2026&mm=03&dd=28"", ""https://www.theaustralian.com.au/sitemap.xml?yyyy=2026&mm=03&dd=27"", ""https://www.theaustralian.com.au/sitemap.xml?yyyy=2026&mm=03&dd=26"", ""https://www.theaustralian.com.au/sitemap.xml?yyyy=2026&mm=03&dd=25"", ""https://www.theaustralian.com.au/sitemap.xml?yyyy=2026&mm=03&dd=24"", ""https://www.theaustralian.com.au/sitemap.xml?yyyy=2026&mm=03&dd=23"", ""https://www.theaustralian.com.au/sitemap.xml?yyyy=2026&mm=03&dd=22"", ""https://www.theaustralian.com.au/sitemap.xml?yyyy=2026&mm=03&dd=21"", ""https://www.theaustralian.com.au/sitemap.xml?yyyy=2026&mm=03&dd=20"", ""https://www.theaustralian.com.au/sitemap.xml?yyyy=2026&mm=03&dd=19"", ""https://www.theaustralian.com.au/sitemap.xml?yyyy=2026&mm=03&dd=18"", ""https://www.theaustralian.com.au/sitemap.xml?yyyy=2026&mm=03&dd=17"", ""https://www.theaustralian.com.au/sitemap.xml?yyyy=2026&mm=03&dd=16"", ""https://www.theaustralian.com.au/sitemap.xml?yyyy=2026&mm=03&dd=15"", ""https://www.theaustralian.com.au/sitemap.xml?yyyy=2026&mm=03&dd=14"", ""https://www.theaustralian.com.au/sitemap.xml?yyyy=2026&mm=03&dd=13"", ""https://www.theaustralian.com.au/sitemap.xml?yyyy=2026&mm=03&dd=12"", ""https://www.theaustralian.com.au/sitemap.xml?yyyy=2026&mm=03&dd=11"", ""https://www.theaustralian.com.au/sitemap.xml?yyyy=2026&mm=03&dd=10"", ""https://www.theaustralian.com.au/sitemap.xml?yyyy=2026&mm=03&dd=09"", ""https://www.theaustralian.com.au/sitemap.xml?yyyy=2026&mm=03&dd=08"", ""https://www.theaustralian.com.au/sitemap.xml?yyyy=2026&mm=03&dd=07"", ""https://www.theaustralian.com.au/sitemap.xml?yyyy=2026&mm=03&dd=06"", ""https://www.theaustralian.com.au/sitemap.xml?yyyy=2026&mm=03&dd=05"", ""https://www.theaustralian.com.au/sitemap.xml?yyyy=2026&mm=03&dd=04"", ""https://www.theaustralian.com.au/sitemap.xml?yyyy=2026&mm=03&dd=03"", ""https://www.theaustralian.com.au/sitemap.xml?yyyy=2026&mm=03&dd=02"", ""https://www.theaustralian.com.au/sitemap.xml?yyyy=2026&mm=03&dd=01"", ""https://www.theaustralian.com.au/sitemap.xml?yyyy=2026&mm=02&dd=28"", ""https://www.theaustralian.com.au/sitemap.xml?yyyy=2026&mm=02&dd=27"", ""https://www.theaustralian.com.au/sitemap.xml?yyyy=2026&mm=02&dd=26"", ""https://www.theaustralian.com.au/sitemap.xml?yyyy=2026&mm=02&dd=25"", ""https://www.theaustralian.com.au/sitemap.xml?yyyy=2026&mm=02&dd=24"", ""https://www.theaustralian.com.au/sitemap.xml?yyyy=2026&mm=02&dd=23"", ""https://www.theaustralian.com.au/sitemap.xml?yyyy=2026&mm=02&dd=22"", ""https://www.theaustralian.com.au/sitemap.xml?yyyy=2026&mm=02&dd=21"", ""https://www.theaustralian.com.au/sitemap.xml?yyyy=2026&mm=02&dd=20"", ""https://www.theaustralian.com.au/sitemap.xml?yyyy=2026&mm=02&dd=19"", ""https://www.theaustralian.com.au/sitemap.xml?yyyy=2026&mm=02&dd=18"", ""https://www.theaustralian.com.au/sitemap.xml?yyyy=2026&mm=02&dd=17"", ""https://www.theaustralian.com.au/sitemap.xml?yyyy=2026&mm=02&dd=16"", ""https://www.theaustralian.com.au/sitemap.xml?yyyy=2026&mm=02&dd=15"", ""https://www.theaustralian.com.au/sitemap.xml?yyyy=2026&mm=02&dd=14"", ""https://www.theaustralian.com.au/sitemap.xml?yyyy=2026&mm=02&dd=13"", ""https://www.theaustralian.com.au/sitemap.xml?yyyy=2026&mm=02&dd=12"", ""https://www.theaustralian.com.au/sitemap.xml?yyyy=2026&mm=02&dd=11"", ""https://www.theaustralian.com.au/sitemap.xml?yyyy=2026&mm=02&dd=10"", ""https://www.theaustralian.com.au/sitemap.xml?yyyy=2026&mm=02&dd=09"", ""https://www.theaustralian.com.au/sitemap.xml?yyyy=2026&mm=02&dd=08"", ""https://www.theaustralian.com.au/sitemap.xml?yyyy=2026&mm=02&dd=07"", ""https://www.theaustralian.com.au/sitemap.xml?yyyy=2026&mm=02&dd=06"", ""https://www.theaustralian.com.au/sitemap.xml?yyyy=2026&mm=02&dd=05"", ""https://www.theaustralian.com.au/sitemap.xml?yyyy=2026&mm=02&dd=04"", ""https://www.theaustralian.com.au/sitemap.xml?yyyy=2026&mm=02&dd=03"", ""https://www.theaustralian.com.au/sitemap.xml?yyyy=2026&mm=02&dd=02"", ""https://www.theaustralian.com.au/sitemap.xml?yyyy=2026&mm=02&dd=01"", ""https://www.theaustralian.com.au/sitemap.xml?yyyy=2026&mm=01&dd=31"", ""https://www.theaustralian.com.au/sitemap.xml?yyyy=2026&mm=01&dd=30"", ""https://www.theaustralian.com.au/sitemap.xml?yyyy=2026&mm=01&dd=29"", ""https://www.theaustralian.com.au/sitemap.xml?yyyy=2026&mm=01&dd=28"", ""https://www.theaustralian.com.au/sitemap.xml?yyyy=2026&mm=01&dd=27"", ""https://www.theaustralian.com.au/sitemap.xml?yyyy=2026&mm=01&dd=26"", ""https://www.theaustralian.com.au/sitemap.xml?yyyy=2026&mm=01&dd=25"", ""https://www.theaustralian.com.au/sitemap.xml?yyyy=2026&mm=01&dd=24"", ""https://www.theaustralian.com.au/sitemap.xml?yyyy=2026&mm=01&dd=23"", ""https://www.theaustralian.com.au/sitemap.xml?yyyy=2026&mm=01&dd=22"", ""https://www.theaustralian.com.au/sitemap.xml?yyyy=2026&mm=01&dd=21"", ""https://www.theaustralian.com.au/sitemap.xml?yyyy=2026&mm=01&dd=20""]",120,403,,0,0,False,0,True,False,False,False,sitemap_then_article_extract,medium,active,,2026-05-17 19:13:02.279097
theeastafrican_co_ke,https://www.theeastafrican.co.ke/,https://www.theeastafrican.co.ke/,theeastafrican.co.ke,https,https://www.theeastafrican.co.ke/,https://www.theeastafrican.co.ke/robots.txt,True,"[""https://www.theeastafrican.co.ke/sitemap.xml""]",True,True,False,,,True,"[""https://www.theeastafrican.co.ke/rss.xml""]",1,True,"[""https://www.theeastafrican.co.ke/sitemap.xml"", ""https://www.theeastafrican.co.ke/news-sitemap.xml"", ""https://www.theeastafrican.co.ke/sitemap.xml.gz""]",3,200,The EastAfrican,4882,119,True,1025,False,True,True,True,rss_then_article_extract,medium,active,,2026-05-17 19:15:28.825692
theglobeandmail_com,https://www.theglobeandmail.com/,https://www.theglobeandmail.com/,theglobeandmail.com,https,https://www.theglobeandmail.com/,https://www.theglobeandmail.com/robots.txt,True,"[""https://www.theglobeandmail.com/sitemap.xml?outputType=xml""]",True,True,False,,,False,[],0,True,"[""https://www.theglobeandmail.com/sitemap.xml?outputType=xml"", ""https://www.theglobeandmail.com/arc/outboundfeeds/sitemap-index/?outputType=xml"", ""https://www.theglobeandmail.com/arc/outboundfeeds/video-sitemap/?outputType=xml"", ""https://www.theglobeandmail.com/arc/outboundfeeds/news-sitemap-index/?outputType=xml"", ""https://www.theglobeandmail.com/sitemap.xml""]",5,200,"The Globe and Mail: Canadian, World, Politics and Business News & Analysis",17389,523,True,2482,False,True,True,True,sitemap_then_article_extract,medium,active,,2026-05-17 19:13:49.713896
theguardian_com,https://www.theguardian.com/international,https://www.theguardian.com/international,theguardian.com,https,https://www.theguardian.com/international,https://www.theguardian.com/robots.txt,True,"[""http://www.theguardian.com/sitemaps/news.xml"", ""http://www.theguardian.com/sitemaps/video.xml""]",True,True,False,,,True,"[""https://www.theguardian.com/international/rss""]",1,True,"[""http://www.theguardian.com/sitemaps/news.xml"", ""http://www.theguardian.com/sitemaps/video.xml""]",2,200,"Latest news, sport and opinion from the Guardian",20167,337,True,424,False,True,True,True,rss_then_article_extract,medium,active,,2026-05-17 19:02:02.920906
thehindu_com,https://www.thehindu.com/,https://www.thehindu.com/,thehindu.com,https,https://www.thehindu.com/,https://www.thehindu.com/robots.txt,True,"[""https://www.thehindu.com/sitemap/googlenews/all/all.xml"", ""https://www.thehindu.com/sitemap/update/all.xml"", ""https://www.thehindu.com/sitemap/update/section.xml"", ""https://www.thehindu.com/feeder/default.rss"", ""https://www.thehindu.com/?service=videositemap"", ""https://www.thehindu.com/entertainment/feeder/default.rss"", ""https://www.thehindu.com/shorts/feeder/default.rss"", ""https://www.thehindu.com/sport/feeder/default.rss"", ""https://www.thehindu.com/business/feeder/default.rss""]",True,True,False,,,True,"[""https://www.thehindu.com/feeder/default.rss""]",1,True,"[""https://www.thehindu.com/sitemap/googlenews/all/all.xml"", ""https://www.thehindu.com/sitemap/update/all.xml"", ""https://www.thehindu.com/sitemap/update/section.xml"", ""https://www.thehindu.com/?service=videositemap""]",4,200,"The Hindu: Latest News today from India and the World, Breaking news, Top Headlines and Trending News Videos. | The Hindu",16483,594,True,688,False,True,False,True,rss_then_article_extract,medium,active,,2026-05-17 19:07:22.867805
thejakartapost_com,https://www.thejakartapost.com/,https://www.thejakartapost.com/,thejakartapost.com,https,https://www.thejakartapost.com/,https://www.thejakartapost.com/robots.txt,True,"[""https://www.thejakartapost.com/sitemap.xml""]",True,True,False,,,False,[],0,True,"[""https://www.thejakartapost.com/sitemap.xml"", ""https://www.thejakartapost.com/news/news/sitemap.xml"", ""https://www.thejakartapost.com/news/web/sitemap.xml"", ""https://www.thejakartapost.com/news/images/sitemap.xml"", ""https://www.thejakartapost.com/news/politics/news/sitemap.xml"", ""https://www.thejakartapost.com/news/politics/web/sitemap.xml"", ""https://www.thejakartapost.com/news/politics/images/sitemap.xml"", ""https://www.thejakartapost.com/news/business/news/sitemap.xml"", ""https://www.thejakartapost.com/news/business/web/sitemap.xml"", ""https://www.thejakartapost.com/news/business/images/sitemap.xml"", ""https://www.thejakartapost.com/news/world/news/sitemap.xml"", ""https://www.thejakartapost.com/news/world/web/sitemap.xml"", ""https://www.thejakartapost.com/news/world/images/sitemap.xml"", ""https://www.thejakartapost.com/news/national/news/sitemap.xml"", ""https://www.thejakartapost.com/news/national/web/sitemap.xml"", ""https://www.thejakartapost.com/news/national/images/sitemap.xml"", ""https://www.thejakartapost.com/news/city/news/sitemap.xml"", ""https://www.thejakartapost.com/news/city/web/sitemap.xml"", ""https://www.thejakartapost.com/news/city/images/sitemap.xml"", ""https://www.thejakartapost.com/community/news/sitemap.xml"", ""https://www.thejakartapost.com/community/web/sitemap.xml"", ""https://www.thejakartapost.com/community/images/sitemap.xml"", ""https://www.thejakartapost.com/academia/interview/news/sitemap.xml"", ""https://www.thejakartapost.com/academia/interview/web/sitemap.xml"", ""https://www.thejakartapost.com/academia/interview/images/sitemap.xml"", ""https://www.thejakartapost.com/academia/opinion/news/sitemap.xml"", ""https://www.thejakartapost.com/academia/opinion/web/sitemap.xml"", ""https://www.thejakartapost.com/academia/opinion/images/sitemap.xml"", ""https://www.thejakartapost.com/life/web/sitemap.xml"", ""https://www.thejakartapost.com/life/style/news/sitemap.xml"", ""https://www.thejakartapost.com/life/style/web/sitemap.xml"", ""https://www.thejakartapost.com/life/style/images/sitemap.xml"", ""https://www.thejakartapost.com/life/entertainment/news/sitemap.xml"", ""https://www.thejakartapost.com/life/entertainment/web/sitemap.xml"", ""https://www.thejakartapost.com/life/entertainment/images/sitemap.xml"", ""https://www.thejakartapost.com/life/arts-culture/news/sitemap.xml"", ""https://www.thejakartapost.com/life/arts-culture/web/sitemap.xml"", ""https://www.thejakartapost.com/life/arts-culture/images/sitemap.xml"", ""https://www.thejakartapost.com/life/science-tech/news/sitemap.xml"", ""https://www.thejakartapost.com/life/science-tech/web/sitemap.xml"", ""https://www.thejakartapost.com/life/science-tech/images/sitemap.xml"", ""https://www.thejakartapost.com/life/people/news/sitemap.xml"", ""https://www.thejakartapost.com/life/people/web/sitemap.xml"", ""https://www.thejakartapost.com/life/people/images/sitemap.xml"", ""https://www.thejakartapost.com/life/health/news/sitemap.xml"", ""https://www.thejakartapost.com/life/health/web/sitemap.xml"", ""https://www.thejakartapost.com/life/health/images/sitemap.xml"", ""https://www.thejakartapost.com/life/parents/news/sitemap.xml"", ""https://www.thejakartapost.com/life/parents/web/sitemap.xml"", ""https://www.thejakartapost.com/life/parents/images/sitemap.xml"", ""https://www.thejakartapost.com/life/food/news/sitemap.xml"", ""https://www.thejakartapost.com/life/food/web/sitemap.xml"", ""https://www.thejakartapost.com/life/food/images/sitemap.xml"", ""https://www.thejakartapost.com/travel/news/sitemap.xml"", ""https://www.thejakartapost.com/travel/news/news/sitemap.xml"", ""https://www.thejakartapost.com/travel/news/web/sitemap.xml"", ""https://www.thejakartapost.com/travel/news/images/sitemap.xml"", ""https://www.thejakartapost.com/travel/destinations/news/sitemap.xml"", ""https://www.thejakartapost.com/travel/destinations/web/sitemap.xml"", ""https://www.thejakartapost.com/travel/destinations/images/sitemap.xml"", ""https://www.thejakartapost.com/youth/news/sitemap.xml"", ""https://www.thejakartapost.com/youth/web/sitemap.xml"", ""https://www.thejakartapost.com/youth/images/sitemap.xml"", ""https://www.thejakartapost.com/multimedia/news/sitemap.xml"", ""https://www.thejakartapost.com/multimedia/web/sitemap.xml"", ""https://www.thejakartapost.com/multimedia/images/sitemap.xml"", ""https://www.thejakartapost.com/multimedia/video/news/sitemap.xml"", ""https://www.thejakartapost.com/multimedia/video/web/sitemap.xml"", ""https://www.thejakartapost.com/multimedia/video/images/sitemap.xml"", ""https://www.thejakartapost.com/multimedia/photo/news/sitemap.xml"", ""https://www.thejakartapost.com/multimedia/photo/web/sitemap.xml"", ""https://www.thejakartapost.com/multimedia/photo/images/sitemap.xml"", ""https://www.thejakartapost.com/longform/news/sitemap.xml"", ""https://www.thejakartapost.com/longform/web/sitemap.xml"", ""https://www.thejakartapost.com/longform/images/sitemap.xml""]",75,200,"The Jakarta Post  - Still bold, fiercely independent",9932,254,True,450,False,True,False,True,sitemap_then_article_extract,medium,active,,2026-05-17 19:11:28.626320
themoscowtimes_com,https://www.themoscowtimes.com/,https://www.themoscowtimes.com/,themoscowtimes.com,https,https://www.themoscowtimes.com/,https://www.themoscowtimes.com/robots.txt,True,"[""https://static.themoscowtimes.com/sitemap/sitemap.xml""]",True,True,False,,,False,[],0,True,"[""https://static.themoscowtimes.com/sitemap/sitemap.xml"", ""https://static.themoscowtimes.com/sitemap/2026-5.xml"", ""https://static.themoscowtimes.com/sitemap/2026-4.xml"", ""https://static.themoscowtimes.com/sitemap/2026-3.xml"", ""https://static.themoscowtimes.com/sitemap/2026-2.xml"", ""https://static.themoscowtimes.com/sitemap/2026-1.xml"", ""https://static.themoscowtimes.com/sitemap/2025-9.xml"", ""https://static.themoscowtimes.com/sitemap/2025-8.xml"", ""https://static.themoscowtimes.com/sitemap/2025-7.xml"", ""https://static.themoscowtimes.com/sitemap/2025-6.xml"", ""https://static.themoscowtimes.com/sitemap/2025-5.xml"", ""https://static.themoscowtimes.com/sitemap/2025-4.xml"", ""https://static.themoscowtimes.com/sitemap/2025-3.xml"", ""https://static.themoscowtimes.com/sitemap/2025-2.xml"", ""https://static.themoscowtimes.com/sitemap/2025-12.xml"", ""https://static.themoscowtimes.com/sitemap/2025-11.xml"", ""https://static.themoscowtimes.com/sitemap/2025-10.xml"", ""https://static.themoscowtimes.com/sitemap/2025-1.xml"", ""https://static.themoscowtimes.com/sitemap/2024-9.xml"", ""https://static.themoscowtimes.com/sitemap/2024-8.xml"", ""https://static.themoscowtimes.com/sitemap/2024-7.xml"", ""https://static.themoscowtimes.com/sitemap/2024-6.xml"", ""https://static.themoscowtimes.com/sitemap/2024-5.xml"", ""https://static.themoscowtimes.com/sitemap/2024-4.xml"", ""https://static.themoscowtimes.com/sitemap/2024-3.xml"", ""https://static.themoscowtimes.com/sitemap/2024-2.xml"", ""https://static.themoscowtimes.com/sitemap/2024-12.xml"", ""https://static.themoscowtimes.com/sitemap/2024-11.xml"", ""https://static.themoscowtimes.com/sitemap/2024-10.xml"", ""https://static.themoscowtimes.com/sitemap/2024-1.xml"", ""https://static.themoscowtimes.com/sitemap/2023-9.xml"", ""https://static.themoscowtimes.com/sitemap/2023-8.xml"", ""https://static.themoscowtimes.com/sitemap/2023-7.xml"", ""https://static.themoscowtimes.com/sitemap/2023-6.xml"", ""https://static.themoscowtimes.com/sitemap/2023-5.xml"", ""https://static.themoscowtimes.com/sitemap/2023-4.xml"", ""https://static.themoscowtimes.com/sitemap/2023-3.xml"", ""https://static.themoscowtimes.com/sitemap/2023-2.xml"", ""https://static.themoscowtimes.com/sitemap/2023-12.xml"", ""https://static.themoscowtimes.com/sitemap/2023-11.xml"", ""https://static.themoscowtimes.com/sitemap/2023-10.xml"", ""https://static.themoscowtimes.com/sitemap/2023-1.xml"", ""https://static.themoscowtimes.com/sitemap/2022-9.xml"", ""https://static.themoscowtimes.com/sitemap/2022-8.xml"", ""https://static.themoscowtimes.com/sitemap/2022-7.xml"", ""https://static.themoscowtimes.com/sitemap/2022-6.xml"", ""https://static.themoscowtimes.com/sitemap/2022-3.xml"", ""https://static.themoscowtimes.com/sitemap/2022-2.xml"", ""https://static.themoscowtimes.com/sitemap/2022-12.xml"", ""https://static.themoscowtimes.com/sitemap/2022-11.xml"", ""https://static.themoscowtimes.com/sitemap/2022-10.xml"", ""https://static.themoscowtimes.com/sitemap/2022-1.xml"", ""https://static.themoscowtimes.com/sitemap/2021-9.xml"", ""https://static.themoscowtimes.com/sitemap/2021-8.xml"", ""https://static.themoscowtimes.com/sitemap/2021-7.xml"", ""https://static.themoscowtimes.com/sitemap/2021-6.xml"", ""https://static.themoscowtimes.com/sitemap/2021-5.xml"", ""https://static.themoscowtimes.com/sitemap/2021-4.xml"", ""https://static.themoscowtimes.com/sitemap/2021-3.xml"", ""https://static.themoscowtimes.com/sitemap/2021-2.xml"", ""https://static.themoscowtimes.com/sitemap/2021-12.xml"", ""https://static.themoscowtimes.com/sitemap/2021-11.xml"", ""https://static.themoscowtimes.com/sitemap/2021-10.xml"", ""https://static.themoscowtimes.com/sitemap/2021-1.xml"", ""https://static.themoscowtimes.com/sitemap/2020-9.xml"", ""https://static.themoscowtimes.com/sitemap/2020-8.xml"", ""https://static.themoscowtimes.com/sitemap/2020-7.xml"", ""https://static.themoscowtimes.com/sitemap/2020-6.xml"", ""https://static.themoscowtimes.com/sitemap/2020-5.xml"", ""https://static.themoscowtimes.com/sitemap/2020-4.xml"", ""https://static.themoscowtimes.com/sitemap/2020-3.xml"", ""https://static.themoscowtimes.com/sitemap/2020-2.xml"", ""https://static.themoscowtimes.com/sitemap/2020-12.xml"", ""https://static.themoscowtimes.com/sitemap/2020-11.xml"", ""https://static.themoscowtimes.com/sitemap/2020-10.xml"", ""https://static.themoscowtimes.com/sitemap/2020-1.xml"", ""https://static.themoscowtimes.com/sitemap/2019-9.xml"", ""https://static.themoscowtimes.com/sitemap/2019-8.xml"", ""https://static.themoscowtimes.com/sitemap/2019-7.xml"", ""https://static.themoscowtimes.com/sitemap/2019-6.xml"", ""https://static.themoscowtimes.com/sitemap/2019-5.xml"", ""https://static.themoscowtimes.com/sitemap/2019-4.xml"", ""https://static.themoscowtimes.com/sitemap/2019-3.xml"", ""https://static.themoscowtimes.com/sitemap/2019-2.xml"", ""https://static.themoscowtimes.com/sitemap/2019-12.xml"", ""https://static.themoscowtimes.com/sitemap/2019-11.xml"", ""https://static.themoscowtimes.com/sitemap/2019-10.xml"", ""https://static.themoscowtimes.com/sitemap/2019-1.xml"", ""https://static.themoscowtimes.com/sitemap/2018-9.xml"", ""https://static.themoscowtimes.com/sitemap/2018-8.xml"", ""https://static.themoscowtimes.com/sitemap/2018-7.xml"", ""https://static.themoscowtimes.com/sitemap/2018-6.xml"", ""https://static.themoscowtimes.com/sitemap/2018-5.xml"", ""https://static.themoscowtimes.com/sitemap/2018-4.xml"", ""https://static.themoscowtimes.com/sitemap/2018-3.xml"", ""https://static.themoscowtimes.com/sitemap/2018-2.xml"", ""https://static.themoscowtimes.com/sitemap/2018-12.xml"", ""https://static.themoscowtimes.com/sitemap/2018-11.xml"", ""https://static.themoscowtimes.com/sitemap/2018-10.xml"", ""https://static.themoscowtimes.com/sitemap/2018-1.xml"", ""https://static.themoscowtimes.com/sitemap/2017-9.xml"", ""https://static.themoscowtimes.com/sitemap/2017-8.xml"", ""https://static.themoscowtimes.com/sitemap/2017-7.xml"", ""https://static.themoscowtimes.com/sitemap/2017-6.xml"", ""https://static.themoscowtimes.com/sitemap/2017-5.xml"", ""https://static.themoscowtimes.com/sitemap/2017-4.xml"", ""https://static.themoscowtimes.com/sitemap/2017-3.xml"", ""https://static.themoscowtimes.com/sitemap/2017-2.xml"", ""https://static.themoscowtimes.com/sitemap/2017-12.xml"", ""https://static.themoscowtimes.com/sitemap/2017-11.xml"", ""https://static.themoscowtimes.com/sitemap/2017-10.xml"", ""https://static.themoscowtimes.com/sitemap/2017-1.xml"", ""https://static.themoscowtimes.com/sitemap/2016-9.xml"", ""https://static.themoscowtimes.com/sitemap/2016-8.xml"", ""https://static.themoscowtimes.com/sitemap/2016-7.xml"", ""https://static.themoscowtimes.com/sitemap/2016-6.xml"", ""https://static.themoscowtimes.com/sitemap/2016-5.xml"", ""https://static.themoscowtimes.com/sitemap/2016-4.xml"", ""https://static.themoscowtimes.com/sitemap/2016-3.xml"", ""https://static.themoscowtimes.com/sitemap/2016-2.xml""]",120,200,The Moscow Times,13703,155,True,532,False,True,False,False,sitemap_then_article_extract,medium,active,,2026-05-17 19:12:29.806610
thenationalnews_com,https://www.thenationalnews.com/,https://www.thenationalnews.com/,thenationalnews.com,https,https://www.thenationalnews.com/,https://www.thenationalnews.com/robots.txt,True,"[""https://www.thenationalnews.com/arc/outboundfeeds/sitemap/?outputType=xml"", ""https://www.thenationalnews.com/arc/outboundfeeds/sitemap-index/?outputType=xml"", ""https://www.thenationalnews.com/arc/outboundfeeds/news-sitemap/?outputType=xml"", ""https://www.thenationalnews.com/arc/outboundfeeds/news-sitemap-index/?outputType=xml"", ""https://www.thenationalnews.com/arc/outboundfeeds/video-sitemap/?outputType=xml"", ""https://www.thenationalnews.com/arc/outboundfeeds/video-sitemap-index/?outputType=xml"", ""https://www.thenationalnews.com/OldArticlesMissingSitemap/sitemap_article_0.xml"", ""https://www.thenationalnews.com/OldArticlesMissingSitemap/sitemap_article_1.xml"", ""https://www.thenationalnews.com/OldArticlesMissingSitemap/sitemap_article_2.xml"", ""https://www.thenationalnews.com/OldArticlesMissingSitemap/sitemap_article_3.xml"", ""https://www.thenationalnews.com/OldArticlesMissingSitemap/sitemap_article_4.xml"", ""https://www.thenationalnews.com/OldArticlesMissingSitemap/sitemap_article_5.xml"", ""https://www.thenationalnews.com/OldArticlesMissingSitemap/sitemap_article_6.xml"", ""https://www.thenationalnews.com/OldArticlesMissingSitemap/sitemap_article_7.xml"", ""https://www.thenationalnews.com/OldArticlesMissingSitemap/sitemap_article_8.xml"", ""https://www.thenationalnews.com/OldArticlesMissingSitemap/sitemap_article_9.xml"", ""https://www.thenationalnews.com/OldArticlesMissingSitemap/sitemap_article_10.xml"", ""https://www.thenationalnews.com/OldArticlesMissingSitemap/sitemap_article_11.xml"", ""https://www.thenationalnews.com/OldArticlesMissingSitemap/sitemap_article_12.xml"", ""https://www.thenationalnews.com/OldArticlesMissingSitemap/sitemap_article_13.xml"", ""https://www.thenationalnews.com/OldArticlesMissingSitemap/sitemap_archive_0.xml"", ""https://www.thenationalnews.com/OldArticlesMissingSitemap/sitemap_author_0.xml"", ""https://www.thenationalnews.com/OldArticlesMissingSitemap/sitemap_other_0.xml"", ""https://www.thenationalnews.com/OldArticlesMissingSitemap/sitemap_tag_0.xml"", ""https://www.thenationalnews.com/OldArticlesMissingSitemap/sitemap_video_0.xml""]",True,True,False,,,False,[],0,True,"[""https://www.thenationalnews.com/arc/outboundfeeds/sitemap/?outputType=xml"", ""https://www.thenationalnews.com/arc/outboundfeeds/sitemap-index/?outputType=xml"", ""https://www.thenationalnews.com/arc/outboundfeeds/sitemap/?outputType=xml&from=100"", ""https://www.thenationalnews.com/arc/outboundfeeds/sitemap/?outputType=xml&from=200"", ""https://www.thenationalnews.com/arc/outboundfeeds/sitemap/?outputType=xml&from=300"", ""https://www.thenationalnews.com/arc/outboundfeeds/sitemap/?outputType=xml&from=400"", ""https://www.thenationalnews.com/arc/outboundfeeds/sitemap/?outputType=xml&from=500"", ""https://www.thenationalnews.com/arc/outboundfeeds/sitemap/?outputType=xml&from=600"", ""https://www.thenationalnews.com/arc/outboundfeeds/sitemap/?outputType=xml&from=700"", ""https://www.thenationalnews.com/arc/outboundfeeds/sitemap/?outputType=xml&from=800"", ""https://www.thenationalnews.com/arc/outboundfeeds/sitemap/?outputType=xml&from=900"", ""https://www.thenationalnews.com/arc/outboundfeeds/sitemap/?outputType=xml&from=1000"", ""https://www.thenationalnews.com/arc/outboundfeeds/sitemap/?outputType=xml&from=1100"", ""https://www.thenationalnews.com/arc/outboundfeeds/sitemap/?outputType=xml&from=1200"", ""https://www.thenationalnews.com/arc/outboundfeeds/sitemap/?outputType=xml&from=1300"", ""https://www.thenationalnews.com/arc/outboundfeeds/sitemap/?outputType=xml&from=1400"", ""https://www.thenationalnews.com/arc/outboundfeeds/sitemap/?outputType=xml&from=1500"", ""https://www.thenationalnews.com/arc/outboundfeeds/sitemap/?outputType=xml&from=1600"", ""https://www.thenationalnews.com/arc/outboundfeeds/sitemap/?outputType=xml&from=1700"", ""https://www.thenationalnews.com/arc/outboundfeeds/sitemap/?outputType=xml&from=1800"", ""https://www.thenationalnews.com/arc/outboundfeeds/sitemap/?outputType=xml&from=1900"", ""https://www.thenationalnews.com/arc/outboundfeeds/sitemap/?outputType=xml&from=2000"", ""https://www.thenationalnews.com/arc/outboundfeeds/sitemap/?outputType=xml&from=2100"", ""https://www.thenationalnews.com/arc/outboundfeeds/sitemap/?outputType=xml&from=2200"", ""https://www.thenationalnews.com/arc/outboundfeeds/sitemap/?outputType=xml&from=2300"", ""https://www.thenationalnews.com/arc/outboundfeeds/sitemap/?outputType=xml&from=2400"", ""https://www.thenationalnews.com/arc/outboundfeeds/sitemap/?outputType=xml&from=2500"", ""https://www.thenationalnews.com/arc/outboundfeeds/sitemap/?outputType=xml&from=2600"", ""https://www.thenationalnews.com/arc/outboundfeeds/sitemap/?outputType=xml&from=2700"", ""https://www.thenationalnews.com/arc/outboundfeeds/sitemap/?outputType=xml&from=2800"", ""https://www.thenationalnews.com/arc/outboundfeeds/sitemap/?outputType=xml&from=2900"", ""https://www.thenationalnews.com/arc/outboundfeeds/sitemap/?outputType=xml&from=3000"", ""https://www.thenationalnews.com/arc/outboundfeeds/sitemap/?outputType=xml&from=3100"", ""https://www.thenationalnews.com/arc/outboundfeeds/sitemap/?outputType=xml&from=3200"", ""https://www.thenationalnews.com/arc/outboundfeeds/sitemap/?outputType=xml&from=3300"", ""https://www.thenationalnews.com/arc/outboundfeeds/sitemap/?outputType=xml&from=3400"", ""https://www.thenationalnews.com/arc/outboundfeeds/sitemap/?outputType=xml&from=3500"", ""https://www.thenationalnews.com/arc/outboundfeeds/sitemap/?outputType=xml&from=3600"", ""https://www.thenationalnews.com/arc/outboundfeeds/sitemap/?outputType=xml&from=3700"", ""https://www.thenationalnews.com/arc/outboundfeeds/sitemap/?outputType=xml&from=3800"", ""https://www.thenationalnews.com/arc/outboundfeeds/sitemap/?outputType=xml&from=3900"", ""https://www.thenationalnews.com/arc/outboundfeeds/sitemap/?outputType=xml&from=4000"", ""https://www.thenationalnews.com/arc/outboundfeeds/sitemap/?outputType=xml&from=4100"", ""https://www.thenationalnews.com/arc/outboundfeeds/sitemap/?outputType=xml&from=4200"", ""https://www.thenationalnews.com/arc/outboundfeeds/sitemap/?outputType=xml&from=4300"", ""https://www.thenationalnews.com/arc/outboundfeeds/sitemap/?outputType=xml&from=4400"", ""https://www.thenationalnews.com/arc/outboundfeeds/sitemap/?outputType=xml&from=4500"", ""https://www.thenationalnews.com/arc/outboundfeeds/sitemap/?outputType=xml&from=4600"", ""https://www.thenationalnews.com/arc/outboundfeeds/sitemap/?outputType=xml&from=4700"", ""https://www.thenationalnews.com/arc/outboundfeeds/sitemap/?outputType=xml&from=4800"", ""https://www.thenationalnews.com/arc/outboundfeeds/sitemap/?outputType=xml&from=4900"", ""https://www.thenationalnews.com/arc/outboundfeeds/sitemap/?outputType=xml&from=5000"", ""https://www.thenationalnews.com/arc/outboundfeeds/sitemap/?outputType=xml&from=5100"", ""https://www.thenationalnews.com/arc/outboundfeeds/sitemap/?outputType=xml&from=5200"", ""https://www.thenationalnews.com/arc/outboundfeeds/sitemap/?outputType=xml&from=5300"", ""https://www.thenationalnews.com/arc/outboundfeeds/sitemap/?outputType=xml&from=5400"", ""https://www.thenationalnews.com/arc/outboundfeeds/sitemap/?outputType=xml&from=5500"", ""https://www.thenationalnews.com/arc/outboundfeeds/sitemap/?outputType=xml&from=5600"", ""https://www.thenationalnews.com/arc/outboundfeeds/sitemap/?outputType=xml&from=5700"", ""https://www.thenationalnews.com/arc/outboundfeeds/sitemap/?outputType=xml&from=5800"", ""https://www.thenationalnews.com/arc/outboundfeeds/sitemap/?outputType=xml&from=5900"", ""https://www.thenationalnews.com/arc/outboundfeeds/sitemap/?outputType=xml&from=6000"", ""https://www.thenationalnews.com/arc/outboundfeeds/sitemap/?outputType=xml&from=6100"", ""https://www.thenationalnews.com/arc/outboundfeeds/sitemap/?outputType=xml&from=6200"", ""https://www.thenationalnews.com/arc/outboundfeeds/sitemap/?outputType=xml&from=6300"", ""https://www.thenationalnews.com/arc/outboundfeeds/sitemap/?outputType=xml&from=6400"", ""https://www.thenationalnews.com/arc/outboundfeeds/sitemap/?outputType=xml&from=6500"", ""https://www.thenationalnews.com/arc/outboundfeeds/sitemap/?outputType=xml&from=6600"", ""https://www.thenationalnews.com/arc/outboundfeeds/sitemap/?outputType=xml&from=6700"", ""https://www.thenationalnews.com/arc/outboundfeeds/sitemap/?outputType=xml&from=6800"", ""https://www.thenationalnews.com/arc/outboundfeeds/sitemap/?outputType=xml&from=6900"", ""https://www.thenationalnews.com/arc/outboundfeeds/sitemap/?outputType=xml&from=7000"", ""https://www.thenationalnews.com/arc/outboundfeeds/sitemap/?outputType=xml&from=7100"", ""https://www.thenationalnews.com/arc/outboundfeeds/sitemap/?outputType=xml&from=7200"", ""https://www.thenationalnews.com/arc/outboundfeeds/sitemap/?outputType=xml&from=7300"", ""https://www.thenationalnews.com/arc/outboundfeeds/sitemap/?outputType=xml&from=7400"", ""https://www.thenationalnews.com/arc/outboundfeeds/sitemap/?outputType=xml&from=7500"", ""https://www.thenationalnews.com/arc/outboundfeeds/sitemap/?outputType=xml&from=7600"", ""https://www.thenationalnews.com/arc/outboundfeeds/sitemap/?outputType=xml&from=7700"", ""https://www.thenationalnews.com/arc/outboundfeeds/sitemap/?outputType=xml&from=7800"", ""https://www.thenationalnews.com/arc/outboundfeeds/sitemap/?outputType=xml&from=7900"", ""https://www.thenationalnews.com/arc/outboundfeeds/sitemap/?outputType=xml&from=8000"", ""https://www.thenationalnews.com/arc/outboundfeeds/sitemap/?outputType=xml&from=8100"", ""https://www.thenationalnews.com/arc/outboundfeeds/sitemap/?outputType=xml&from=8200"", ""https://www.thenationalnews.com/arc/outboundfeeds/sitemap/?outputType=xml&from=8300"", ""https://www.thenationalnews.com/arc/outboundfeeds/sitemap/?outputType=xml&from=8400"", ""https://www.thenationalnews.com/arc/outboundfeeds/sitemap/?outputType=xml&from=8500"", ""https://www.thenationalnews.com/arc/outboundfeeds/sitemap/?outputType=xml&from=8600"", ""https://www.thenationalnews.com/arc/outboundfeeds/sitemap/?outputType=xml&from=8700"", ""https://www.thenationalnews.com/arc/outboundfeeds/sitemap/?outputType=xml&from=8800"", ""https://www.thenationalnews.com/arc/outboundfeeds/sitemap/?outputType=xml&from=8900"", ""https://www.thenationalnews.com/arc/outboundfeeds/sitemap/?outputType=xml&from=9000"", ""https://www.thenationalnews.com/arc/outboundfeeds/sitemap/?outputType=xml&from=9100"", ""https://www.thenationalnews.com/arc/outboundfeeds/sitemap/?outputType=xml&from=9200"", ""https://www.thenationalnews.com/arc/outboundfeeds/sitemap/?outputType=xml&from=9300"", ""https://www.thenationalnews.com/arc/outboundfeeds/sitemap/?outputType=xml&from=9400"", ""https://www.thenationalnews.com/arc/outboundfeeds/sitemap/?outputType=xml&from=9500"", ""https://www.thenationalnews.com/arc/outboundfeeds/sitemap/?outputType=xml&from=9600"", ""https://www.thenationalnews.com/arc/outboundfeeds/sitemap/?outputType=xml&from=9700"", ""https://www.thenationalnews.com/arc/outboundfeeds/sitemap/?outputType=xml&from=9800"", ""https://www.thenationalnews.com/arc/outboundfeeds/sitemap/?outputType=xml&from=9900"", ""https://www.thenationalnews.com/arc/outboundfeeds/news-sitemap/?outputType=xml"", ""https://www.thenationalnews.com/arc/outboundfeeds/news-sitemap-index/?outputType=xml"", ""https://www.thenationalnews.com/arc/outboundfeeds/video-sitemap/?outputType=xml"", ""https://www.thenationalnews.com/arc/outboundfeeds/video-sitemap-index/?outputType=xml"", ""https://www.thenationalnews.com/arc/outboundfeeds/video-sitemap/?outputType=xml&from=2"", ""https://www.thenationalnews.com/arc/outboundfeeds/video-sitemap/?outputType=xml&from=3"", ""https://www.thenationalnews.com/arc/outboundfeeds/video-sitemap/?outputType=xml&from=4"", ""https://www.thenationalnews.com/arc/outboundfeeds/video-sitemap/?outputType=xml&from=5"", ""https://www.thenationalnews.com/arc/outboundfeeds/video-sitemap/?outputType=xml&from=6"", ""https://www.thenationalnews.com/arc/outboundfeeds/video-sitemap/?outputType=xml&from=7"", ""https://www.thenationalnews.com/arc/outboundfeeds/video-sitemap/?outputType=xml&from=8"", ""https://www.thenationalnews.com/arc/outboundfeeds/video-sitemap/?outputType=xml&from=9"", ""https://www.thenationalnews.com/arc/outboundfeeds/video-sitemap/?outputType=xml&from=10"", ""https://www.thenationalnews.com/arc/outboundfeeds/video-sitemap/?outputType=xml&from=11"", ""https://www.thenationalnews.com/arc/outboundfeeds/video-sitemap/?outputType=xml&from=12"", ""https://www.thenationalnews.com/arc/outboundfeeds/video-sitemap/?outputType=xml&from=13"", ""https://www.thenationalnews.com/arc/outboundfeeds/video-sitemap/?outputType=xml&from=14"", ""https://www.thenationalnews.com/arc/outboundfeeds/video-sitemap/?outputType=xml&from=15"", ""https://www.thenationalnews.com/arc/outboundfeeds/video-sitemap/?outputType=xml&from=16""]",120,200,"The National - Latest UAE news, sport & opinion",12890,491,True,1020,False,True,True,True,sitemap_then_article_extract,medium,active,,2026-05-17 19:11:38.844800
thestar_com_my,https://www.thestar.com.my/,https://www.thestar.com.my/,thestar.com.my,https,https://www.thestar.com.my/,https://www.thestar.com.my/robots.txt,True,[],True,True,False,,,False,[],0,True,"[""https://www.thestar.com.my/sitemap.xml""]",1,200,"The Star | Malaysia News: National, Regional and World News",5780,255,True,395,False,True,False,True,sitemap_then_article_extract,medium,active,,2026-05-17 19:11:35.417842
timesofindia_indiatimes_com,https://timesofindia.indiatimes.com/,https://timesofindia.indiatimes.com/,timesofindia.indiatimes.com,https,https://timesofindia.indiatimes.com/,https://timesofindia.indiatimes.com/robots.txt,True,"[""https://timesofindia.indiatimes.com/sitemap/today"", ""https://timesofindia.indiatimes.com/sitemap/yesterday"", ""https://timesofindia.indiatimes.com/staticsitemap/toi/news/sitemap-index.xml"", ""https://timesofindia.indiatimes.com/staticsitemap/toi/category/city/sitemap-index.xml"", ""https://timesofindia.indiatimes.com/staticsitemap/toi/category/entertainment/sitemap-index.xml"", ""https://timesofindia.indiatimes.com/staticsitemap/toi/category/india/sitemap-index.xml"", ""https://timesofindia.indiatimes.com/staticsitemap/toi/category/sports/sitemap-index.xml"", ""https://timesofindia.indiatimes.com/staticsitemap/toi/category/business/sitemap-index.xml"", ""https://timesofindia.indiatimes.com/staticsitemap/toi/category/world/sitemap-index.xml"", ""https://timesofindia.indiatimes.com/staticsitemap/toi/slideshow/sitemap-index.xml"", ""https://timesofindia.indiatimes.com/staticsitemap/toi/category/life-style/sitemap-index.xml""]",True,True,False,,,False,[],0,True,"[""https://timesofindia.indiatimes.com/sitemap/today"", ""https://timesofindia.indiatimes.com/staticsitemap/toi/news/sitemap-today-1.xml"", ""https://timesofindia.indiatimes.com/staticsitemap/toi/news/sitemap-today-2.xml"", ""https://timesofindia.indiatimes.com/sitemap/yesterday"", ""https://timesofindia.indiatimes.com/staticsitemap/toi/news/sitemap-yesterday-1.xml"", ""https://timesofindia.indiatimes.com/staticsitemap/toi/news/sitemap-yesterday-2.xml"", ""https://timesofindia.indiatimes.com/staticsitemap/toi/news/sitemap-index.xml"", ""https://timesofindia.indiatimes.com/staticsitemap/toi/news/2026-May-1.xml"", ""https://timesofindia.indiatimes.com/staticsitemap/toi/news/2026-May-2.xml"", ""https://timesofindia.indiatimes.com/staticsitemap/toi/news/2026-May-3.xml"", ""https://timesofindia.indiatimes.com/staticsitemap/toi/news/2026-April-1.xml"", ""https://timesofindia.indiatimes.com/staticsitemap/toi/news/2026-April-2.xml"", ""https://timesofindia.indiatimes.com/staticsitemap/toi/news/2026-April-3.xml"", ""https://timesofindia.indiatimes.com/staticsitemap/toi/news/2026-April-4.xml"", ""https://timesofindia.indiatimes.com/staticsitemap/toi/news/2026-March-1.xml"", ""https://timesofindia.indiatimes.com/staticsitemap/toi/news/2026-March-2.xml"", ""https://timesofindia.indiatimes.com/staticsitemap/toi/news/2026-March-3.xml"", ""https://timesofindia.indiatimes.com/staticsitemap/toi/news/2026-March-4.xml"", ""https://timesofindia.indiatimes.com/staticsitemap/toi/news/2026-February-1.xml"", ""https://timesofindia.indiatimes.com/staticsitemap/toi/news/2026-February-2.xml"", ""https://timesofindia.indiatimes.com/staticsitemap/toi/news/2026-February-3.xml"", ""https://timesofindia.indiatimes.com/staticsitemap/toi/news/2026-February-4.xml"", ""https://timesofindia.indiatimes.com/staticsitemap/toi/news/2026-January-1.xml"", ""https://timesofindia.indiatimes.com/staticsitemap/toi/news/2026-January-2.xml"", ""https://timesofindia.indiatimes.com/staticsitemap/toi/news/2026-January-3.xml"", ""https://timesofindia.indiatimes.com/staticsitemap/toi/news/2026-January-4.xml"", ""https://timesofindia.indiatimes.com/staticsitemap/toi/news/2026-January-5.xml"", ""https://timesofindia.indiatimes.com/staticsitemap/toi/news/2025-December-1.xml"", ""https://timesofindia.indiatimes.com/staticsitemap/toi/news/2025-December-2.xml"", ""https://timesofindia.indiatimes.com/staticsitemap/toi/news/2025-December-3.xml"", ""https://timesofindia.indiatimes.com/staticsitemap/toi/news/2025-December-4.xml"", ""https://timesofindia.indiatimes.com/staticsitemap/toi/news/2025-December-5.xml"", ""https://timesofindia.indiatimes.com/staticsitemap/toi/news/2025-November-1.xml"", ""https://timesofindia.indiatimes.com/staticsitemap/toi/news/2025-November-2.xml"", ""https://timesofindia.indiatimes.com/staticsitemap/toi/news/2025-November-3.xml"", ""https://timesofindia.indiatimes.com/staticsitemap/toi/news/2025-November-4.xml"", ""https://timesofindia.indiatimes.com/staticsitemap/toi/news/2025-November-5.xml"", ""https://timesofindia.indiatimes.com/staticsitemap/toi/news/2025-October-1.xml"", ""https://timesofindia.indiatimes.com/staticsitemap/toi/news/2025-October-2.xml"", ""https://timesofindia.indiatimes.com/staticsitemap/toi/news/2025-October-3.xml"", ""https://timesofindia.indiatimes.com/staticsitemap/toi/news/2025-October-4.xml"", ""https://timesofindia.indiatimes.com/staticsitemap/toi/news/2025-October-5.xml"", ""https://timesofindia.indiatimes.com/staticsitemap/toi/news/2025-September-1.xml"", ""https://timesofindia.indiatimes.com/staticsitemap/toi/news/2025-September-2.xml"", ""https://timesofindia.indiatimes.com/staticsitemap/toi/news/2025-September-3.xml"", ""https://timesofindia.indiatimes.com/staticsitemap/toi/news/2025-September-4.xml"", ""https://timesofindia.indiatimes.com/staticsitemap/toi/news/2025-September-5.xml"", ""https://timesofindia.indiatimes.com/staticsitemap/toi/news/2025-August-1.xml"", ""https://timesofindia.indiatimes.com/staticsitemap/toi/news/2025-August-2.xml"", ""https://timesofindia.indiatimes.com/staticsitemap/toi/news/2025-August-3.xml"", ""https://timesofindia.indiatimes.com/staticsitemap/toi/news/2025-August-4.xml"", ""https://timesofindia.indiatimes.com/staticsitemap/toi/news/2025-August-5.xml"", ""https://timesofindia.indiatimes.com/staticsitemap/toi/news/2025-July-1.xml"", ""https://timesofindia.indiatimes.com/staticsitemap/toi/news/2025-July-2.xml"", ""https://timesofindia.indiatimes.com/staticsitemap/toi/news/2025-July-3.xml"", ""https://timesofindia.indiatimes.com/staticsitemap/toi/news/2025-July-4.xml"", ""https://timesofindia.indiatimes.com/staticsitemap/toi/news/2025-July-5.xml"", ""https://timesofindia.indiatimes.com/staticsitemap/toi/news/2025-June-1.xml"", ""https://timesofindia.indiatimes.com/staticsitemap/toi/news/2025-June-2.xml"", ""https://timesofindia.indiatimes.com/staticsitemap/toi/news/2025-June-3.xml"", ""https://timesofindia.indiatimes.com/staticsitemap/toi/news/2025-June-4.xml"", ""https://timesofindia.indiatimes.com/staticsitemap/toi/news/2025-June-5.xml"", ""https://timesofindia.indiatimes.com/staticsitemap/toi/news/2025-May-1.xml"", ""https://timesofindia.indiatimes.com/staticsitemap/toi/news/2025-May-2.xml"", ""https://timesofindia.indiatimes.com/staticsitemap/toi/news/2025-May-3.xml"", ""https://timesofindia.indiatimes.com/staticsitemap/toi/news/2025-May-4.xml"", ""https://timesofindia.indiatimes.com/staticsitemap/toi/news/2025-May-5.xml"", ""https://timesofindia.indiatimes.com/staticsitemap/toi/news/2025-April-1.xml"", ""https://timesofindia.indiatimes.com/staticsitemap/toi/news/2025-April-2.xml"", ""https://timesofindia.indiatimes.com/staticsitemap/toi/news/2025-April-3.xml"", ""https://timesofindia.indiatimes.com/staticsitemap/toi/news/2025-April-4.xml"", ""https://timesofindia.indiatimes.com/staticsitemap/toi/news/2025-April-5.xml"", ""https://timesofindia.indiatimes.com/staticsitemap/toi/news/2025-March-1.xml"", ""https://timesofindia.indiatimes.com/staticsitemap/toi/news/2025-March-2.xml"", ""https://timesofindia.indiatimes.com/staticsitemap/toi/news/2025-March-3.xml"", ""https://timesofindia.indiatimes.com/staticsitemap/toi/news/2025-March-4.xml"", ""https://timesofindia.indiatimes.com/staticsitemap/toi/news/2025-March-5.xml"", ""https://timesofindia.indiatimes.com/staticsitemap/toi/news/2025-February-1.xml"", ""https://timesofindia.indiatimes.com/staticsitemap/toi/news/2025-February-2.xml"", ""https://timesofindia.indiatimes.com/staticsitemap/toi/news/2025-February-3.xml"", ""https://timesofindia.indiatimes.com/staticsitemap/toi/news/2025-February-4.xml"", ""https://timesofindia.indiatimes.com/staticsitemap/toi/news/2025-January-1.xml"", ""https://timesofindia.indiatimes.com/staticsitemap/toi/news/2025-January-2.xml"", ""https://timesofindia.indiatimes.com/staticsitemap/toi/news/2025-January-3.xml"", ""https://timesofindia.indiatimes.com/staticsitemap/toi/news/2025-January-4.xml"", ""https://timesofindia.indiatimes.com/staticsitemap/toi/news/2025-January-5.xml"", ""https://timesofindia.indiatimes.com/staticsitemap/toi/news/2024-December-1.xml"", ""https://timesofindia.indiatimes.com/staticsitemap/toi/news/2024-December-2.xml"", ""https://timesofindia.indiatimes.com/staticsitemap/toi/news/2024-December-3.xml"", ""https://timesofindia.indiatimes.com/staticsitemap/toi/news/2024-December-4.xml"", ""https://timesofindia.indiatimes.com/staticsitemap/toi/news/2024-December-5.xml"", ""https://timesofindia.indiatimes.com/staticsitemap/toi/news/2024-November-1.xml"", ""https://timesofindia.indiatimes.com/staticsitemap/toi/news/2024-November-2.xml"", ""https://timesofindia.indiatimes.com/staticsitemap/toi/news/2024-November-3.xml"", ""https://timesofindia.indiatimes.com/staticsitemap/toi/news/2024-November-4.xml"", ""https://timesofindia.indiatimes.com/staticsitemap/toi/news/2024-November-5.xml"", ""https://timesofindia.indiatimes.com/staticsitemap/toi/news/2024-October-1.xml"", ""https://timesofindia.indiatimes.com/staticsitemap/toi/news/2024-October-2.xml"", ""https://timesofindia.indiatimes.com/staticsitemap/toi/news/2024-October-3.xml"", ""https://timesofindia.indiatimes.com/staticsitemap/toi/news/2024-October-4.xml"", ""https://timesofindia.indiatimes.com/staticsitemap/toi/news/2024-October-5.xml"", ""https://timesofindia.indiatimes.com/staticsitemap/toi/news/2024-September-1.xml"", ""https://timesofindia.indiatimes.com/staticsitemap/toi/news/2024-September-2.xml"", ""https://timesofindia.indiatimes.com/staticsitemap/toi/news/2024-September-3.xml"", ""https://timesofindia.indiatimes.com/staticsitemap/toi/news/2024-September-4.xml"", ""https://timesofindia.indiatimes.com/staticsitemap/toi/news/2024-September-5.xml"", ""https://timesofindia.indiatimes.com/staticsitemap/toi/news/2024-August-1.xml"", ""https://timesofindia.indiatimes.com/staticsitemap/toi/news/2024-August-2.xml"", ""https://timesofindia.indiatimes.com/staticsitemap/toi/news/2024-August-3.xml"", ""https://timesofindia.indiatimes.com/staticsitemap/toi/news/2024-August-4.xml"", ""https://timesofindia.indiatimes.com/staticsitemap/toi/news/2024-August-5.xml"", ""https://timesofindia.indiatimes.com/staticsitemap/toi/news/2024-July-1.xml"", ""https://timesofindia.indiatimes.com/staticsitemap/toi/news/2024-July-2.xml"", ""https://timesofindia.indiatimes.com/staticsitemap/toi/news/2024-July-3.xml"", ""https://timesofindia.indiatimes.com/staticsitemap/toi/news/2024-July-4.xml"", ""https://timesofindia.indiatimes.com/staticsitemap/toi/news/2024-July-5.xml"", ""https://timesofindia.indiatimes.com/staticsitemap/toi/news/2024-June-1.xml"", ""https://timesofindia.indiatimes.com/staticsitemap/toi/news/2024-June-2.xml"", ""https://timesofindia.indiatimes.com/staticsitemap/toi/news/2024-June-3.xml"", ""https://timesofindia.indiatimes.com/staticsitemap/toi/news/2024-June-4.xml""]",120,200,"Middle East News - Latest News, Breaking News, Bollywood, Sports, Business and Political News | The Times of India",36464,670,True,1680,False,True,False,True,sitemap_then_article_extract,medium,active,,2026-05-17 19:07:36.447576
timesofisrael_com,https://www.timesofisrael.com/,https://www.timesofisrael.com/,timesofisrael.com,https,https://www.timesofisrael.com/,https://www.timesofisrael.com/robots.txt,True,"[""https://www.timesofisrael.com/sitemap_index.xml""]",True,True,False,,,False,[],0,False,[],0,200,"The Times of Israel | News from Israel, the Middle East and the Jewish World",35298,894,True,2287,False,True,True,True,html_then_trafilatura,medium,active_candidate,,2026-05-17 19:12:09.940620
todayonline_com,https://www.todayonline.com/,https://www.todayonline.com/,todayonline.com,https,https://www.todayonline.com/,https://www.todayonline.com/robots.txt,True,[],False,True,False,,,False,[],0,False,[],0,200,The Weekend Digest: In-Depth Features and Columns from Singapore and the World - CNA,9860,212,True,1912,False,False,False,True,html_then_trafilatura,medium,active_candidate,,2026-05-17 19:11:06.664021
tsx_com,https://www.tsx.com/,https://www.tsx.com/,tsx.com,https,https://www.tsx.com/,https://www.tsx.com/robots.txt,True,"[""https://www.tsx.com/sitemap.xml""]",True,True,False,,,False,[],0,True,"[""https://www.tsx.com/sitemap.xml""]",1,200,TMX TSX | TSXV - Toronto Stock Exchange and TSX Venture Exchange,13541,458,True,2672,False,True,False,True,sitemap_then_article_extract,medium,active,,2026-05-17 19:14:40.506273
tuoitre_vn,https://tuoitre.vn/,https://tuoitre.vn/,tuoitre.vn,https,https://tuoitre.vn/,https://tuoitre.vn/robots.txt,True,"[""https://tuoitre.vn/sitemaps/index.rss"", ""https://tuoitre.vn/sitemaps/latest-news.rss""]",True,True,False,,,True,"[""https://tuoitre.vn/rss/tin-moi-nhat.rss""]",1,True,"[""https://tuoitre.vn/sitemaps/index.rss"", ""https://tuoitre.vn/sitemaps/category.rss"", ""https://tuoitre.vn/sitemaps/latest-news.rss"", ""https://tuoitre.vn/StaticSitemaps/sitemaps-2026-5.xml"", ""https://tuoitre.vn/StaticSitemaps/sitemaps-2026-4.xml"", ""https://tuoitre.vn/StaticSitemaps/sitemaps-2026-3.xml"", ""https://tuoitre.vn/StaticSitemaps/sitemaps-2026-2.xml"", ""https://tuoitre.vn/StaticSitemaps/sitemaps-2026-1.xml"", ""https://tuoitre.vn/StaticSitemaps/sitemaps-2025-12.xml"", ""https://tuoitre.vn/StaticSitemaps/sitemaps-2025-11.xml"", ""https://tuoitre.vn/StaticSitemaps/sitemaps-2025-10.xml"", ""https://tuoitre.vn/StaticSitemaps/sitemaps-2025-9.xml"", ""https://tuoitre.vn/StaticSitemaps/sitemaps-2025-8.xml"", ""https://tuoitre.vn/StaticSitemaps/sitemaps-2025-7.xml"", ""https://tuoitre.vn/StaticSitemaps/sitemaps-2025-6.xml"", ""https://tuoitre.vn/StaticSitemaps/sitemaps-2025-5.xml"", ""https://tuoitre.vn/StaticSitemaps/sitemaps-2025-4.xml"", ""https://tuoitre.vn/StaticSitemaps/sitemaps-2025-3.xml"", ""https://tuoitre.vn/StaticSitemaps/sitemaps-2025-2.xml"", ""https://tuoitre.vn/StaticSitemaps/sitemaps-2025-1.xml"", ""https://tuoitre.vn/StaticSitemaps/sitemaps-2024-12.xml"", ""https://tuoitre.vn/StaticSitemaps/sitemaps-2024-11.xml"", ""https://tuoitre.vn/StaticSitemaps/sitemaps-2024-10.xml"", ""https://tuoitre.vn/StaticSitemaps/sitemaps-2024-9.xml"", ""https://tuoitre.vn/StaticSitemaps/sitemaps-2024-8.xml"", ""https://tuoitre.vn/StaticSitemaps/sitemaps-2024-7.xml"", ""https://tuoitre.vn/StaticSitemaps/sitemaps-2024-6.xml"", ""https://tuoitre.vn/StaticSitemaps/sitemaps-2024-5.xml"", ""https://tuoitre.vn/StaticSitemaps/sitemaps-2024-4.xml"", ""https://tuoitre.vn/StaticSitemaps/sitemaps-2024-3.xml"", ""https://tuoitre.vn/StaticSitemaps/sitemaps-2024-2.xml"", ""https://tuoitre.vn/StaticSitemaps/sitemaps-2024-1.xml"", ""https://tuoitre.vn/StaticSitemaps/sitemaps-2023-12.xml"", ""https://tuoitre.vn/StaticSitemaps/sitemaps-2023-11.xml"", ""https://tuoitre.vn/StaticSitemaps/sitemaps-2023-10.xml"", ""https://tuoitre.vn/StaticSitemaps/sitemaps-2023-9.xml"", ""https://tuoitre.vn/StaticSitemaps/sitemaps-2023-8.xml"", ""https://tuoitre.vn/StaticSitemaps/sitemaps-2023-7.xml"", ""https://tuoitre.vn/StaticSitemaps/sitemaps-2023-6.xml"", ""https://tuoitre.vn/StaticSitemaps/sitemaps-2023-5.xml"", ""https://tuoitre.vn/StaticSitemaps/sitemaps-2023-4.xml"", ""https://tuoitre.vn/StaticSitemaps/sitemaps-2023-3.xml"", ""https://tuoitre.vn/StaticSitemaps/sitemaps-2023-2.xml"", ""https://tuoitre.vn/StaticSitemaps/sitemaps-2023-1.xml"", ""https://tuoitre.vn/StaticSitemaps/sitemaps-2022-12.xml"", ""https://tuoitre.vn/StaticSitemaps/sitemaps-2022-11.xml"", ""https://tuoitre.vn/StaticSitemaps/sitemaps-2022-10.xml"", ""https://tuoitre.vn/StaticSitemaps/sitemaps-2022-9.xml"", ""https://tuoitre.vn/StaticSitemaps/sitemaps-2022-8.xml"", ""https://tuoitre.vn/StaticSitemaps/sitemaps-2022-7.xml"", ""https://tuoitre.vn/StaticSitemaps/sitemaps-2022-6.xml"", ""https://tuoitre.vn/StaticSitemaps/sitemaps-2022-5.xml"", ""https://tuoitre.vn/StaticSitemaps/sitemaps-2022-4.xml"", ""https://tuoitre.vn/StaticSitemaps/sitemaps-2022-3.xml"", ""https://tuoitre.vn/StaticSitemaps/sitemaps-2022-2.xml"", ""https://tuoitre.vn/StaticSitemaps/sitemaps-2022-1.xml"", ""https://tuoitre.vn/StaticSitemaps/sitemaps-2021-12.xml"", ""https://tuoitre.vn/StaticSitemaps/sitemaps-2021-11.xml"", ""https://tuoitre.vn/StaticSitemaps/sitemaps-2021-10.xml"", ""https://tuoitre.vn/StaticSitemaps/sitemaps-2021-9.xml"", ""https://tuoitre.vn/StaticSitemaps/sitemaps-2021-8.xml"", ""https://tuoitre.vn/StaticSitemaps/sitemaps-2021-7.xml"", ""https://tuoitre.vn/StaticSitemaps/sitemaps-2021-6.xml"", ""https://tuoitre.vn/StaticSitemaps/sitemaps-2021-5.xml"", ""https://tuoitre.vn/StaticSitemaps/sitemaps-2021-4.xml"", ""https://tuoitre.vn/StaticSitemaps/sitemaps-2021-3.xml"", ""https://tuoitre.vn/StaticSitemaps/sitemaps-2021-2.xml"", ""https://tuoitre.vn/StaticSitemaps/sitemaps-2021-1.xml"", ""https://tuoitre.vn/StaticSitemaps/sitemaps-2020-12.xml"", ""https://tuoitre.vn/StaticSitemaps/sitemaps-2020-11.xml"", ""https://tuoitre.vn/StaticSitemaps/sitemaps-2020-10.xml"", ""https://tuoitre.vn/StaticSitemaps/sitemaps-2020-9.xml"", ""https://tuoitre.vn/StaticSitemaps/sitemaps-2020-8.xml"", ""https://tuoitre.vn/StaticSitemaps/sitemaps-2020-7.xml"", ""https://tuoitre.vn/StaticSitemaps/sitemaps-2020-6.xml"", ""https://tuoitre.vn/StaticSitemaps/sitemaps-2020-5.xml"", ""https://tuoitre.vn/StaticSitemaps/sitemaps-2020-4.xml"", ""https://tuoitre.vn/StaticSitemaps/sitemaps-2020-3.xml"", ""https://tuoitre.vn/StaticSitemaps/sitemaps-2020-2.xml"", ""https://tuoitre.vn/StaticSitemaps/sitemaps-2020-1.xml"", ""https://tuoitre.vn/StaticSitemaps/sitemaps-2019-12.xml"", ""https://tuoitre.vn/StaticSitemaps/sitemaps-2019-11.xml"", ""https://tuoitre.vn/StaticSitemaps/sitemaps-2019-10.xml"", ""https://tuoitre.vn/StaticSitemaps/sitemaps-2019-9.xml"", ""https://tuoitre.vn/StaticSitemaps/sitemaps-2019-8.xml"", ""https://tuoitre.vn/StaticSitemaps/sitemaps-2019-7.xml"", ""https://tuoitre.vn/StaticSitemaps/sitemaps-2019-6.xml"", ""https://tuoitre.vn/StaticSitemaps/sitemaps-2019-5.xml"", ""https://tuoitre.vn/StaticSitemaps/sitemaps-2019-4.xml"", ""https://tuoitre.vn/StaticSitemaps/sitemaps-2019-3.xml"", ""https://tuoitre.vn/StaticSitemaps/sitemaps-2019-2.xml"", ""https://tuoitre.vn/StaticSitemaps/sitemaps-2019-1.xml"", ""https://tuoitre.vn/StaticSitemaps/sitemaps-2018-12.xml"", ""https://tuoitre.vn/StaticSitemaps/sitemaps-2018-11.xml"", ""https://tuoitre.vn/StaticSitemaps/sitemaps-2018-10.xml"", ""https://tuoitre.vn/StaticSitemaps/sitemaps-2018-9.xml"", ""https://tuoitre.vn/StaticSitemaps/sitemaps-2018-8.xml"", ""https://tuoitre.vn/StaticSitemaps/sitemaps-2018-7.xml"", ""https://tuoitre.vn/StaticSitemaps/sitemaps-2018-6.xml"", ""https://tuoitre.vn/StaticSitemaps/sitemaps-2018-5.xml"", ""https://tuoitre.vn/StaticSitemaps/sitemaps-2018-4.xml"", ""https://tuoitre.vn/StaticSitemaps/sitemaps-2018-3.xml"", ""https://tuoitre.vn/StaticSitemaps/sitemaps-2018-2.xml"", ""https://tuoitre.vn/StaticSitemaps/sitemaps-2018-1.xml"", ""https://tuoitre.vn/StaticSitemaps/sitemaps-2017-12.xml"", ""https://tuoitre.vn/StaticSitemaps/sitemaps-2017-11.xml"", ""https://tuoitre.vn/StaticSitemaps/sitemaps-2017-10.xml"", ""https://tuoitre.vn/StaticSitemaps/sitemaps-2017-9.xml"", ""https://tuoitre.vn/StaticSitemaps/sitemaps-2017-8.xml"", ""https://tuoitre.vn/StaticSitemaps/sitemaps-2017-7.xml"", ""https://tuoitre.vn/StaticSitemaps/sitemaps-2017-6.xml"", ""https://tuoitre.vn/StaticSitemaps/sitemaps-2017-5.xml"", ""https://tuoitre.vn/StaticSitemaps/sitemaps-2017-4.xml"", ""https://tuoitre.vn/StaticSitemaps/sitemaps-2017-3.xml"", ""https://tuoitre.vn/StaticSitemaps/sitemaps-2017-2.xml"", ""https://tuoitre.vn/StaticSitemaps/sitemaps-2017-1.xml"", ""https://tuoitre.vn/StaticSitemaps/sitemaps-2016-12.xml"", ""https://tuoitre.vn/StaticSitemaps/sitemaps-2016-11.xml"", ""https://tuoitre.vn/StaticSitemaps/sitemaps-2016-10.xml"", ""https://tuoitre.vn/StaticSitemaps/sitemaps-2016-9.xml""]",120,200,"Báo Tuổi Trẻ - Tin tức mới nhất, tin nhanh, tin nóng 24h",24507,640,True,5551,False,True,True,True,rss_then_article_extract,medium,active,,2026-05-17 19:02:43.748557
twse_com_tw,https://www.twse.com.tw/en/,https://www.twse.com.tw/en,twse.com.tw,https,https://www.twse.com.tw/en,https://www.twse.com.tw/robots.txt,True,[],False,True,False,,,False,[],0,False,[],0,200,Home - Taiwan Stock Exchange Corporation,6599,117,True,519,False,True,False,False,html_then_trafilatura,medium,active_candidate,,2026-05-17 19:10:40.918636
ukrinform_net,https://www.ukrinform.net/,https://www.ukrinform.net/,ukrinform.net,https,https://www.ukrinform.net/,https://www.ukrinform.net/robots.txt,True,[],False,True,False,,,True,"[""https://www.ukrinform.net/rss""]",1,True,"[""https://www.ukrinform.net/sitemap.xml"", ""https://www.ukrinform.net/sitemap/currentweek.xml"", ""https://www.ukrinform.net/sitemap/2026/19.xml"", ""https://www.ukrinform.net/sitemap/2026/18.xml"", ""https://www.ukrinform.net/sitemap/2026/17.xml"", ""https://www.ukrinform.net/sitemap/2026/16.xml"", ""https://www.ukrinform.net/sitemap/2026/15.xml"", ""https://www.ukrinform.net/sitemap/2026/14.xml"", ""https://www.ukrinform.net/sitemap/2026/13.xml"", ""https://www.ukrinform.net/sitemap/2026/12.xml"", ""https://www.ukrinform.net/sitemap/2026/11.xml"", ""https://www.ukrinform.net/sitemap/2026/10.xml"", ""https://www.ukrinform.net/sitemap/2026/09.xml"", ""https://www.ukrinform.net/sitemap/2026/08.xml"", ""https://www.ukrinform.net/sitemap/2026/07.xml"", ""https://www.ukrinform.net/sitemap/2026/06.xml"", ""https://www.ukrinform.net/sitemap/2026/05.xml"", ""https://www.ukrinform.net/sitemap/2026/04.xml"", ""https://www.ukrinform.net/sitemap/2026/03.xml"", ""https://www.ukrinform.net/sitemap/2026/02.xml"", ""https://www.ukrinform.net/sitemap/2026/01.xml"", ""https://www.ukrinform.net/sitemap/2025/52.xml"", ""https://www.ukrinform.net/sitemap/2025/51.xml"", ""https://www.ukrinform.net/sitemap/2025/50.xml"", ""https://www.ukrinform.net/sitemap/2025/49.xml"", ""https://www.ukrinform.net/sitemap/2025/48.xml"", ""https://www.ukrinform.net/sitemap/2025/47.xml"", ""https://www.ukrinform.net/sitemap/2025/46.xml"", ""https://www.ukrinform.net/sitemap/2025/45.xml"", ""https://www.ukrinform.net/sitemap/2025/44.xml"", ""https://www.ukrinform.net/sitemap/2025/43.xml"", ""https://www.ukrinform.net/sitemap/2025/42.xml"", ""https://www.ukrinform.net/sitemap/2025/41.xml"", ""https://www.ukrinform.net/sitemap/2025/40.xml"", ""https://www.ukrinform.net/sitemap/2025/39.xml"", ""https://www.ukrinform.net/sitemap/2025/38.xml"", ""https://www.ukrinform.net/sitemap/2025/37.xml"", ""https://www.ukrinform.net/sitemap/2025/36.xml"", ""https://www.ukrinform.net/sitemap/2025/35.xml"", ""https://www.ukrinform.net/sitemap/2025/34.xml"", ""https://www.ukrinform.net/sitemap/2025/33.xml"", ""https://www.ukrinform.net/sitemap/2025/32.xml"", ""https://www.ukrinform.net/sitemap/2025/31.xml"", ""https://www.ukrinform.net/sitemap/2025/30.xml"", ""https://www.ukrinform.net/sitemap/2025/29.xml"", ""https://www.ukrinform.net/sitemap/2025/28.xml"", ""https://www.ukrinform.net/sitemap/2025/27.xml"", ""https://www.ukrinform.net/sitemap/2025/26.xml"", ""https://www.ukrinform.net/sitemap/2025/25.xml"", ""https://www.ukrinform.net/sitemap/2025/24.xml"", ""https://www.ukrinform.net/sitemap/2025/23.xml"", ""https://www.ukrinform.net/sitemap/2025/22.xml"", ""https://www.ukrinform.net/sitemap/2025/21.xml"", ""https://www.ukrinform.net/sitemap/2025/20.xml"", ""https://www.ukrinform.net/sitemap/2025/19.xml"", ""https://www.ukrinform.net/sitemap/2025/18.xml"", ""https://www.ukrinform.net/sitemap/2025/17.xml"", ""https://www.ukrinform.net/sitemap/2025/16.xml"", ""https://www.ukrinform.net/sitemap/2025/15.xml"", ""https://www.ukrinform.net/sitemap/2025/14.xml"", ""https://www.ukrinform.net/sitemap/2025/13.xml"", ""https://www.ukrinform.net/sitemap/2025/12.xml"", ""https://www.ukrinform.net/sitemap/2025/11.xml"", ""https://www.ukrinform.net/sitemap/2025/10.xml"", ""https://www.ukrinform.net/sitemap/2025/09.xml"", ""https://www.ukrinform.net/sitemap/2025/08.xml"", ""https://www.ukrinform.net/sitemap/2025/07.xml"", ""https://www.ukrinform.net/sitemap/2025/06.xml"", ""https://www.ukrinform.net/sitemap/2025/05.xml"", ""https://www.ukrinform.net/sitemap/2025/04.xml"", ""https://www.ukrinform.net/sitemap/2025/03.xml"", ""https://www.ukrinform.net/sitemap/2025/02.xml"", ""https://www.ukrinform.net/sitemap/2025/01.xml"", ""https://www.ukrinform.net/sitemap/2024/52.xml"", ""https://www.ukrinform.net/sitemap/2024/51.xml"", ""https://www.ukrinform.net/sitemap/2024/50.xml"", ""https://www.ukrinform.net/sitemap/2024/49.xml"", ""https://www.ukrinform.net/sitemap/2024/48.xml"", ""https://www.ukrinform.net/sitemap/2024/47.xml"", ""https://www.ukrinform.net/sitemap/2024/46.xml"", ""https://www.ukrinform.net/sitemap/2024/45.xml"", ""https://www.ukrinform.net/sitemap/2024/44.xml"", ""https://www.ukrinform.net/sitemap/2024/43.xml"", ""https://www.ukrinform.net/sitemap/2024/42.xml"", ""https://www.ukrinform.net/sitemap/2024/41.xml"", ""https://www.ukrinform.net/sitemap/2024/40.xml"", ""https://www.ukrinform.net/sitemap/2024/39.xml"", ""https://www.ukrinform.net/sitemap/2024/38.xml"", ""https://www.ukrinform.net/sitemap/2024/37.xml"", ""https://www.ukrinform.net/sitemap/2024/36.xml"", ""https://www.ukrinform.net/sitemap/2024/35.xml"", ""https://www.ukrinform.net/sitemap/2024/34.xml"", ""https://www.ukrinform.net/sitemap/2024/33.xml"", ""https://www.ukrinform.net/sitemap/2024/32.xml"", ""https://www.ukrinform.net/sitemap/2024/31.xml"", ""https://www.ukrinform.net/sitemap/2024/30.xml"", ""https://www.ukrinform.net/sitemap/2024/29.xml"", ""https://www.ukrinform.net/sitemap/2024/28.xml"", ""https://www.ukrinform.net/sitemap/2024/27.xml"", ""https://www.ukrinform.net/sitemap/2024/26.xml"", ""https://www.ukrinform.net/sitemap/2024/25.xml"", ""https://www.ukrinform.net/sitemap/2024/24.xml"", ""https://www.ukrinform.net/sitemap/2024/23.xml"", ""https://www.ukrinform.net/sitemap/2024/22.xml"", ""https://www.ukrinform.net/sitemap/2024/21.xml"", ""https://www.ukrinform.net/sitemap/2024/20.xml"", ""https://www.ukrinform.net/sitemap/2024/19.xml"", ""https://www.ukrinform.net/sitemap/2024/18.xml"", ""https://www.ukrinform.net/sitemap/2024/17.xml"", ""https://www.ukrinform.net/sitemap/2024/16.xml"", ""https://www.ukrinform.net/sitemap/2024/15.xml"", ""https://www.ukrinform.net/sitemap/2024/14.xml"", ""https://www.ukrinform.net/sitemap/2024/13.xml"", ""https://www.ukrinform.net/sitemap/2024/12.xml"", ""https://www.ukrinform.net/sitemap/2024/11.xml"", ""https://www.ukrinform.net/sitemap/2024/10.xml"", ""https://www.ukrinform.net/sitemap/2024/09.xml"", ""https://www.ukrinform.net/sitemap/2024/08.xml"", ""https://www.ukrinform.net/sitemap/2024/07.xml"", ""https://www.ukrinform.net/sitemap/2024/06.xml""]",120,200,Ukrinform - Ukrainian National News Agency,7699,180,True,1215,False,True,False,False,rss_then_article_extract,medium,active,,2026-05-17 19:12:37.479863
vietnamnet_vn,https://vietnamnet.vn/,https://vietnamnet.vn/,vietnamnet.vn,https,https://vietnamnet.vn/,https://vietnamnet.vn/robots.txt,True,"[""https://vietnamnet.vn/sitemap.xml"", ""https://vietnamnet.vn/sitemap-categories.xml"", ""https://vietnamnet.vn/sitemap-news.xml"", ""https://vietnamnet.vn/sitemap-image.xml"", ""https://vietnamnet.vn/sitemap-video.xml""]",True,True,False,,,False,[],0,True,"[""https://vietnamnet.vn/sitemap.xml"", ""https://vietnamnet.vn/sitemap-categories.xml"", ""https://vietnamnet.vn/sitemap-news.xml"", ""https://vietnamnet.vn/sitemap-image.xml"", ""https://vietnamnet.vn/sitemap-video.xml"", ""https://vietnamnet.vn/sitemap-article-05-2026-01.xml"", ""https://vietnamnet.vn/sitemap-article-05-2026-02.xml"", ""https://vietnamnet.vn/sitemap-article-05-2026-03.xml"", ""https://vietnamnet.vn/sitemap-article-05-2026-04.xml"", ""https://vietnamnet.vn/sitemap-article-04-2026-01.xml"", ""https://vietnamnet.vn/sitemap-article-04-2026-02.xml"", ""https://vietnamnet.vn/sitemap-article-04-2026-03.xml"", ""https://vietnamnet.vn/sitemap-article-04-2026-04.xml"", ""https://vietnamnet.vn/sitemap-article-04-2026-05.xml"", ""https://vietnamnet.vn/sitemap-article-04-2026-06.xml"", ""https://vietnamnet.vn/sitemap-article-03-2026-01.xml"", ""https://vietnamnet.vn/sitemap-article-03-2026-02.xml"", ""https://vietnamnet.vn/sitemap-article-03-2026-03.xml"", ""https://vietnamnet.vn/sitemap-article-03-2026-04.xml"", ""https://vietnamnet.vn/sitemap-article-03-2026-05.xml"", ""https://vietnamnet.vn/sitemap-article-03-2026-06.xml"", ""https://vietnamnet.vn/sitemap-article-02-2026-01.xml"", ""https://vietnamnet.vn/sitemap-article-02-2026-02.xml"", ""https://vietnamnet.vn/sitemap-article-02-2026-03.xml"", ""https://vietnamnet.vn/sitemap-article-02-2026-04.xml"", ""https://vietnamnet.vn/sitemap-article-02-2026-05.xml"", ""https://vietnamnet.vn/sitemap-article-01-2026-01.xml"", ""https://vietnamnet.vn/sitemap-article-01-2026-02.xml"", ""https://vietnamnet.vn/sitemap-article-01-2026-03.xml"", ""https://vietnamnet.vn/sitemap-article-01-2026-04.xml"", ""https://vietnamnet.vn/sitemap-article-01-2026-05.xml"", ""https://vietnamnet.vn/sitemap-article-01-2026-06.xml"", ""https://vietnamnet.vn/sitemap-article-12-2025-01.xml"", ""https://vietnamnet.vn/sitemap-article-12-2025-02.xml"", ""https://vietnamnet.vn/sitemap-article-12-2025-03.xml"", ""https://vietnamnet.vn/sitemap-article-12-2025-04.xml"", ""https://vietnamnet.vn/sitemap-article-12-2025-05.xml"", ""https://vietnamnet.vn/sitemap-article-12-2025-06.xml"", ""https://vietnamnet.vn/sitemap-article-12-2025-07.xml"", ""https://vietnamnet.vn/sitemap-article-11-2025-01.xml"", ""https://vietnamnet.vn/sitemap-article-11-2025-02.xml"", ""https://vietnamnet.vn/sitemap-article-11-2025-03.xml"", ""https://vietnamnet.vn/sitemap-article-11-2025-04.xml"", ""https://vietnamnet.vn/sitemap-article-11-2025-05.xml"", ""https://vietnamnet.vn/sitemap-article-11-2025-06.xml"", ""https://vietnamnet.vn/sitemap-article-10-2025-01.xml"", ""https://vietnamnet.vn/sitemap-article-10-2025-02.xml"", ""https://vietnamnet.vn/sitemap-article-10-2025-03.xml"", ""https://vietnamnet.vn/sitemap-article-10-2025-04.xml"", ""https://vietnamnet.vn/sitemap-article-10-2025-05.xml"", ""https://vietnamnet.vn/sitemap-article-10-2025-06.xml"", ""https://vietnamnet.vn/sitemap-article-10-2025-07.xml"", ""https://vietnamnet.vn/sitemap-article-09-2025-01.xml"", ""https://vietnamnet.vn/sitemap-article-09-2025-02.xml"", ""https://vietnamnet.vn/sitemap-article-09-2025-03.xml"", ""https://vietnamnet.vn/sitemap-article-09-2025-04.xml"", ""https://vietnamnet.vn/sitemap-article-09-2025-05.xml"", ""https://vietnamnet.vn/sitemap-article-09-2025-06.xml"", ""https://vietnamnet.vn/sitemap-article-09-2025-07.xml"", ""https://vietnamnet.vn/sitemap-article-08-2025-01.xml"", ""https://vietnamnet.vn/sitemap-article-08-2025-02.xml"", ""https://vietnamnet.vn/sitemap-article-08-2025-03.xml"", ""https://vietnamnet.vn/sitemap-article-08-2025-04.xml"", ""https://vietnamnet.vn/sitemap-article-08-2025-05.xml"", ""https://vietnamnet.vn/sitemap-article-08-2025-06.xml"", ""https://vietnamnet.vn/sitemap-article-08-2025-07.xml"", ""https://vietnamnet.vn/sitemap-article-07-2025-01.xml"", ""https://vietnamnet.vn/sitemap-article-07-2025-02.xml"", ""https://vietnamnet.vn/sitemap-article-07-2025-03.xml"", ""https://vietnamnet.vn/sitemap-article-07-2025-04.xml"", ""https://vietnamnet.vn/sitemap-article-07-2025-05.xml"", ""https://vietnamnet.vn/sitemap-article-07-2025-06.xml"", ""https://vietnamnet.vn/sitemap-article-07-2025-07.xml"", ""https://vietnamnet.vn/sitemap-article-06-2025-01.xml"", ""https://vietnamnet.vn/sitemap-article-06-2025-02.xml"", ""https://vietnamnet.vn/sitemap-article-06-2025-03.xml"", ""https://vietnamnet.vn/sitemap-article-06-2025-04.xml"", ""https://vietnamnet.vn/sitemap-article-06-2025-05.xml"", ""https://vietnamnet.vn/sitemap-article-06-2025-06.xml"", ""https://vietnamnet.vn/sitemap-article-06-2025-07.xml"", ""https://vietnamnet.vn/sitemap-article-05-2025-01.xml"", ""https://vietnamnet.vn/sitemap-article-05-2025-02.xml"", ""https://vietnamnet.vn/sitemap-article-05-2025-03.xml"", ""https://vietnamnet.vn/sitemap-article-05-2025-04.xml"", ""https://vietnamnet.vn/sitemap-article-05-2025-05.xml"", ""https://vietnamnet.vn/sitemap-article-05-2025-06.xml"", ""https://vietnamnet.vn/sitemap-article-05-2025-07.xml"", ""https://vietnamnet.vn/sitemap-article-04-2025-01.xml"", ""https://vietnamnet.vn/sitemap-article-04-2025-02.xml"", ""https://vietnamnet.vn/sitemap-article-04-2025-03.xml"", ""https://vietnamnet.vn/sitemap-article-04-2025-04.xml"", ""https://vietnamnet.vn/sitemap-article-04-2025-05.xml"", ""https://vietnamnet.vn/sitemap-article-04-2025-06.xml"", ""https://vietnamnet.vn/sitemap-article-04-2025-07.xml"", ""https://vietnamnet.vn/sitemap-article-03-2025-01.xml"", ""https://vietnamnet.vn/sitemap-article-03-2025-02.xml"", ""https://vietnamnet.vn/sitemap-article-03-2025-03.xml"", ""https://vietnamnet.vn/sitemap-article-03-2025-04.xml"", ""https://vietnamnet.vn/sitemap-article-03-2025-05.xml"", ""https://vietnamnet.vn/sitemap-article-03-2025-06.xml"", ""https://vietnamnet.vn/sitemap-article-02-2025-01.xml"", ""https://vietnamnet.vn/sitemap-article-02-2025-02.xml"", ""https://vietnamnet.vn/sitemap-article-02-2025-03.xml"", ""https://vietnamnet.vn/sitemap-article-02-2025-04.xml"", ""https://vietnamnet.vn/sitemap-article-02-2025-05.xml"", ""https://vietnamnet.vn/sitemap-article-02-2025-06.xml"", ""https://vietnamnet.vn/sitemap-article-01-2025-01.xml"", ""https://vietnamnet.vn/sitemap-article-01-2025-02.xml"", ""https://vietnamnet.vn/sitemap-article-01-2025-03.xml"", ""https://vietnamnet.vn/sitemap-article-01-2025-04.xml"", ""https://vietnamnet.vn/sitemap-article-01-2025-05.xml"", ""https://vietnamnet.vn/sitemap-article-01-2025-06.xml"", ""https://vietnamnet.vn/sitemap-article-12-2024-01.xml"", ""https://vietnamnet.vn/sitemap-article-12-2024-02.xml"", ""https://vietnamnet.vn/sitemap-article-12-2024-03.xml"", ""https://vietnamnet.vn/sitemap-article-12-2024-04.xml"", ""https://vietnamnet.vn/sitemap-article-12-2024-05.xml"", ""https://vietnamnet.vn/sitemap-article-12-2024-06.xml"", ""https://vietnamnet.vn/sitemap-article-12-2024-07.xml"", ""https://vietnamnet.vn/sitemap-article-11-2024-01.xml""]",120,200,"Tin tức, tin nhanh 24h Việt Nam và thế giới - Báo VietNamNet",5346,268,True,1133,False,True,False,False,sitemap_then_article_extract,medium,active,,2026-05-17 19:03:12.714170
vnexpress_net,https://vnexpress.net/,https://vnexpress.net/,vnexpress.net,https,https://vnexpress.net/,https://vnexpress.net/robots.txt,True,"[""https://vnexpress.net/sitemap.xml"", ""https://vnexpress.net/google-news-sitemap.xml""]",True,True,False,,,False,[],0,True,"[""https://vnexpress.net/sitemap.xml"", ""https://vnexpress.net/categories-sitemap.xml"", ""https://vnexpress.net/google-news-sitemap.xml"", ""https://vnexpress.net/latestnews-sitemap.xml"", ""https://vnexpress.net/articles-2026-sitemap.xml"", ""https://vnexpress.net/articles-2025-sitemap.xml"", ""https://vnexpress.net/articles-2024-sitemap.xml"", ""https://vnexpress.net/articles-2023-sitemap.xml"", ""https://vnexpress.net/articles-2022-sitemap.xml"", ""https://vnexpress.net/articles-2021-sitemap.xml"", ""https://vnexpress.net/articles-2020-sitemap.xml"", ""https://vnexpress.net/articles-2019-sitemap.xml"", ""https://vnexpress.net/articles-2018-sitemap.xml"", ""https://vnexpress.net/articles-2017-sitemap.xml"", ""https://vnexpress.net/articles-2016-sitemap.xml"", ""https://vnexpress.net/articles-2015-sitemap.xml"", ""https://vnexpress.net/articles-2014-sitemap.xml"", ""https://vnexpress.net/articles-2013-sitemap.xml"", ""https://vnexpress.net/articles-2012-sitemap.xml"", ""https://vnexpress.net/articles-2011-sitemap.xml"", ""https://vnexpress.net/articles-2010-sitemap.xml"", ""https://vnexpress.net/articles-2009-sitemap.xml"", ""https://vnexpress.net/articles-2008-sitemap.xml"", ""https://vnexpress.net/articles-2007-sitemap.xml"", ""https://vnexpress.net/articles-2006-sitemap.xml"", ""https://vnexpress.net/articles-2005-sitemap.xml"", ""https://vnexpress.net/articles-2004-sitemap.xml"", ""https://vnexpress.net/articles-2003-sitemap.xml"", ""https://vnexpress.net/articles-2002-sitemap.xml"", ""https://vnexpress.net/articles-2001-sitemap.xml"", ""https://vnexpress.net/videos-sitemap.xml"", ""https://vnexpress.net/images-2026-sitemap.xml"", ""https://vnexpress.net/images-2025-sitemap.xml"", ""https://vnexpress.net/images-2024-sitemap.xml"", ""https://vnexpress.net/images-2023-sitemap.xml"", ""https://vnexpress.net/images-2022-sitemap.xml"", ""https://vnexpress.net/images-2021-sitemap.xml"", ""https://vnexpress.net/images-2020-sitemap.xml"", ""https://vnexpress.net/images-2019-sitemap.xml"", ""https://vnexpress.net/images-2018-sitemap.xml"", ""https://vnexpress.net/images-2017-sitemap.xml"", ""https://vnexpress.net/images-2016-sitemap.xml"", ""https://vnexpress.net/images-2015-sitemap.xml"", ""https://vnexpress.net/images-2014-sitemap.xml"", ""https://vnexpress.net/images-2013-sitemap.xml"", ""https://vnexpress.net/images-2012-sitemap.xml"", ""https://vnexpress.net/images-2011-sitemap.xml"", ""https://vnexpress.net/images-2010-sitemap.xml"", ""https://vnexpress.net/images-2009-sitemap.xml"", ""https://vnexpress.net/images-2008-sitemap.xml"", ""https://vnexpress.net/images-2007-sitemap.xml"", ""https://vnexpress.net/images-2006-sitemap.xml"", ""https://vnexpress.net/images-2005-sitemap.xml"", ""https://vnexpress.net/images-2004-sitemap.xml"", ""https://vnexpress.net/images-2003-sitemap.xml"", ""https://vnexpress.net/images-2002-sitemap.xml"", ""https://vnexpress.net/images-2001-sitemap.xml"", ""https://vnexpress.net/tags-sitemap.xml"", ""https://vnexpress.net/tags-business-sitemap.xml"", ""https://vnexpress.net/tags-person-sitemap.xml"", ""https://vnexpress.net/tags-organization-sitemap.xml"", ""https://vnexpress.net/tags-subject-sitemap.xml"", ""https://vnexpress.net/tags-geography-sitemap.xml"", ""https://vnexpress.net/topics-sitemap.xml"", ""https://vnexpress.net/hubxe-sitemap.xml"", ""https://vnexpress.net/lives-sitemap.xml"", ""https://vnexpress.net/football-leagues-sitemap.xml"", ""https://vnexpress.net/football-2020-2021-fixtures-sitemap.xml"", ""https://vnexpress.net/movies-sitemap.xml"", ""https://vnexpress.net/cacbenh-sitemap.xml""]",70,200,Báo VnExpress - Báo tiếng Việt nhiều người xem nhất,8021,193,True,5277,False,True,True,False,sitemap_then_article_extract,medium,active,,2026-05-17 19:02:41.663317
washingtonpost_com,https://www.washingtonpost.com/,https://www.washingtonpost.com/,washingtonpost.com,https,https://www.washingtonpost.com/,https://www.washingtonpost.com/robots.txt,True,"[""https://www.washingtonpost.com/sitemaps/sitemap.xml.gz"", ""https://www.washingtonpost.com/sitemaps/news-sitemap.xml.gz"", ""https://www.washingtonpost.com/sitemaps/author-sitemap.xml.gz"", ""https://www.washingtonpost.com/sitemaps/section-sitemap.xml.gz"", ""https://www.washingtonpost.com/elections/results/sitemap.xml"", ""https://www.washingtonpost.com/arcio/sitemap/video/index/"", ""https://www.washingtonpost.com/creativegroup/sitemaps/sitemap.xml""]",True,True,False,,,False,[],0,True,"[""https://www.washingtonpost.com/creativegroup/sitemaps/sitemap.xml""]",1,0,,0,0,False,0,False,False,False,False,manual_review,unknown,review,"The read operation timed out
Traceback (most recent call last):
  File ""C:\Users\lehoa\AppData\Roaming\Python\Python312\site-packages\httpx\_transports\default.py"", line 101, in map_httpcore_exceptions
    yield
  File ""C:\Users\lehoa\AppData\Roaming\Python\Python312\site-packages\httpx\_transports\default.py"", line 250, in handle_request
    resp = self._pool.handle_request(req)
           ^^^^^^^^^^^^^^^^^^^^^^^^^^^^^^
  File ""C:\Users\lehoa\AppData\Roaming\Python\Python312\site-packages\httpcore\_sync\connection_pool.py"", line 256, in handle_request
    raise exc from None
  File ""C:\Users\lehoa\AppData\Roaming\Python\Python312\site-packages\httpcore\_sync\connection_pool.py"", line 236, in handle_request
    response = connection.handle_request(
               ^^^^^^^^^^^^^^^^^^^^^^^^^^
  File ""C:\Users\lehoa\AppData\Roaming\Python\Python312\site-packages\httpcore\_sync\connection.py"", line 103, in handle_request
    return self._connection.handle_request(request)
           ^^^^^^^^^^^^^^^^^^^^^^^^^^^^^^^^^^^^^^^^
httpcore.ReadTimeout: The read operation timed out

The above exception was the direct cause of the following exception:

Traceback (most recent call last):
  File ""D:\cursor\LEONCODE\CRAWL WEB\leon_web_intel\src\profiler\source_profiler.py"", line 281, in profile_source
    probe = run_html_probe(norm, homepage_url, self.rules, self._fetch_text, self.raw_store)
            ^^^^^^^^^^^^^^^^^^^^^^^^^^^^^^^^^^^^^^^^^^^^^^^^^^^^^^^^^^^^^^^^^^^^^^^^^^^^^^^^
  File ""D:\cursor\LEONCODE\CRAWL WEB\leon_web_intel\src\profiler\html_probe.py"", line 38, in run_html_probe
    status, html = fetch_text(homepage_url)
                   ^^^^^^^^^^^^^^^^^^^^^^^^
  File ""D:\cursor\LEONCODE\CRAWL WEB\leon_web_intel\src\profiler\source_profiler.py"", line 211, in _fetch_text
    return self.http.get_text(url)
           ^^^^^^^^^^^^^^^^^^^^^^^
  File ""D:\cursor\LEONCODE\CRAWL WEB\leon_web_intel\src\utils\cache.py"", line 152, in get_text
    entry = self.get(url)
            ^^^^^^^^^^^^^
  File ""D:\cursor\LEONCODE\CRAWL WEB\leon_web_intel\src\utils\cache.py"", line 142, in get
    entry = self._fetch_uncached(url)
            ^^^^^^^^^^^^^^^^^^^^^^^^^
httpx.ReadTimeout: The read operation timed out
",2026-05-17 19:02:02.948314
who_int,https://www.who.int/,https://www.who.int/,who.int,https,https://www.who.int/,https://www.who.int/robots.txt,True,"[""http://www.who.int/sitemaps/sitemapindex.xml""]",True,True,False,,,False,[],0,True,"[""http://www.who.int/sitemaps/sitemapindex.xml"", ""http://www.who.int/sitemap/sitemap.gz"", ""http://www.who.int/SiteMaps/sitemap_static.xml.gz"", ""http://www.who.int/SiteMaps/sitemap_static1.xml.gz"", ""http://www.who.int/SiteMaps/sitemap_static2.xml.gz"", ""http://www.who.int/SiteMaps/sitemap_static3.xml.gz"", ""http://www.who.int/SiteMaps/sitemap_static4.xml.gz""]",7,200,World Health Organization (WHO),4287,243,True,661,False,True,False,False,sitemap_then_article_extract,medium,active,,2026-05-17 19:02:02.931456
wikidata_org,https://www.wikidata.org/,https://www.wikidata.org/,wikidata.org,https,https://www.wikidata.org/,https://www.wikidata.org/robots.txt,True,[],False,True,False,,,False,[],0,False,[],0,403,,0,0,False,0,True,False,False,False,playwright_fallback,medium,active_candidate,,2026-05-17 19:02:02.948314
wsj_com,https://www.wsj.com/,https://www.wsj.com/,wsj.com,https,https://www.wsj.com/,https://www.wsj.com/robots.txt,True,"[""https://www.wsj.com/sitemap.xml"", ""https://www.wsj.com/wsjsitemaps/wsj_google_news.xml"", ""https://www.wsj.com/wsj_video_recent.xml"", ""https://www.wsj.com/sitemap_topics.xml"", ""https://www.wsj.com/sitemaps/web/wsj/en/sitemap_wsj_en_index.xml"", ""https://www.wsj.com/live_news_sitemap.xml"", ""https://www.wsj.com/authors_sitemap.xml"", ""https://www.wsj.com/sitemaps/web/video/en/sitemap_video_en_index.xml"", ""https://www.wsj.com/buyside/sitemap.xml"", ""https://www.wsj.com/market-data/quotes/sitemap-companies.xml"", ""https://www.wsj.com/wsjsitemaps/wsj_recipes.xml"", ""https://www.wsj.com/sitemap_topic_collections.xml""]",True,False,False,,,False,[],0,True,"[""https://www.wsj.com/sitemap.xml"", ""https://www.wsj.com/wsjsitemaps/wsj_google_news.xml"", ""https://www.wsj.com/wsj_video_recent.xml"", ""https://www.wsj.com/sitemap_topics.xml"", ""https://www.wsj.com/sitemaps/web/wsj/en/sitemap_wsj_en_index.xml"", ""https://www.wsj.com/sitemaps/web/wsj/en/sitemap_wsj_en_m5_2026.xml"", ""https://www.wsj.com/sitemaps/web/wsj/en/sitemap_wsj_en_m4_2026.xml"", ""https://www.wsj.com/sitemaps/web/wsj/en/sitemap_wsj_en_m3_2026.xml"", ""https://www.wsj.com/sitemaps/web/wsj/en/sitemap_wsj_en_m2_2026.xml"", ""https://www.wsj.com/sitemaps/web/wsj/en/sitemap_wsj_en_m1_2026.xml"", ""https://www.wsj.com/sitemaps/web/wsj/en/sitemap_wsj_en_m12_2025.xml"", ""https://www.wsj.com/sitemaps/web/wsj/en/sitemap_wsj_en_m11_2025.xml"", ""https://www.wsj.com/sitemaps/web/wsj/en/sitemap_wsj_en_m10_2025.xml"", ""https://www.wsj.com/sitemaps/web/wsj/en/sitemap_wsj_en_m9_2025.xml"", ""https://www.wsj.com/sitemaps/web/wsj/en/sitemap_wsj_en_m8_2025.xml"", ""https://www.wsj.com/sitemaps/web/wsj/en/sitemap_wsj_en_m7_2025.xml"", ""https://www.wsj.com/sitemaps/web/wsj/en/sitemap_wsj_en_m6_2025.xml"", ""https://www.wsj.com/sitemaps/web/wsj/en/sitemap_wsj_en_m5_2025.xml"", ""https://www.wsj.com/sitemaps/web/wsj/en/sitemap_wsj_en_m4_2025.xml"", ""https://www.wsj.com/sitemaps/web/wsj/en/sitemap_wsj_en_m3_2025.xml"", ""https://www.wsj.com/sitemaps/web/wsj/en/sitemap_wsj_en_m2_2025.xml"", ""https://www.wsj.com/sitemaps/web/wsj/en/sitemap_wsj_en_m1_2025.xml"", ""https://www.wsj.com/sitemaps/web/wsj/en/sitemap_wsj_en_m12_2024.xml"", ""https://www.wsj.com/sitemaps/web/wsj/en/sitemap_wsj_en_m11_2024.xml"", ""https://www.wsj.com/sitemaps/web/wsj/en/sitemap_wsj_en_m10_2024.xml"", ""https://www.wsj.com/sitemaps/web/wsj/en/sitemap_wsj_en_m9_2024.xml"", ""https://www.wsj.com/sitemaps/web/wsj/en/sitemap_wsj_en_m8_2024.xml"", ""https://www.wsj.com/sitemaps/web/wsj/en/sitemap_wsj_en_m7_2024.xml"", ""https://www.wsj.com/sitemaps/web/wsj/en/sitemap_wsj_en_m6_2024.xml"", ""https://www.wsj.com/sitemaps/web/wsj/en/sitemap_wsj_en_m5_2024.xml"", ""https://www.wsj.com/sitemaps/web/wsj/en/sitemap_wsj_en_m4_2024.xml"", ""https://www.wsj.com/sitemaps/web/wsj/en/sitemap_wsj_en_m3_2024.xml"", ""https://www.wsj.com/sitemaps/web/wsj/en/sitemap_wsj_en_m2_2024.xml"", ""https://www.wsj.com/sitemaps/web/wsj/en/sitemap_wsj_en_m1_2024.xml"", ""https://www.wsj.com/sitemaps/web/wsj/en/sitemap_wsj_en_m12_2023.xml"", ""https://www.wsj.com/sitemaps/web/wsj/en/sitemap_wsj_en_m11_2023.xml"", ""https://www.wsj.com/sitemaps/web/wsj/en/sitemap_wsj_en_m10_2023.xml"", ""https://www.wsj.com/sitemaps/web/wsj/en/sitemap_wsj_en_m9_2023.xml"", ""https://www.wsj.com/sitemaps/web/wsj/en/sitemap_wsj_en_m8_2023.xml"", ""https://www.wsj.com/sitemaps/web/wsj/en/sitemap_wsj_en_m7_2023.xml"", ""https://www.wsj.com/sitemaps/web/wsj/en/sitemap_wsj_en_m6_2023.xml"", ""https://www.wsj.com/sitemaps/web/wsj/en/sitemap_wsj_en_m5_2023.xml"", ""https://www.wsj.com/sitemaps/web/wsj/en/sitemap_wsj_en_m4_2023.xml"", ""https://www.wsj.com/sitemaps/web/wsj/en/sitemap_wsj_en_m3_2023.xml"", ""https://www.wsj.com/sitemaps/web/wsj/en/sitemap_wsj_en_m2_2023.xml"", ""https://www.wsj.com/sitemaps/web/wsj/en/sitemap_wsj_en_m1_2023.xml"", ""https://www.wsj.com/sitemaps/web/wsj/en/sitemap_wsj_en_m12_2022.xml"", ""https://www.wsj.com/sitemaps/web/wsj/en/sitemap_wsj_en_m11_2022.xml"", ""https://www.wsj.com/sitemaps/web/wsj/en/sitemap_wsj_en_m10_2022.xml"", ""https://www.wsj.com/sitemaps/web/wsj/en/sitemap_wsj_en_m9_2022.xml"", ""https://www.wsj.com/sitemaps/web/wsj/en/sitemap_wsj_en_m8_2022.xml"", ""https://www.wsj.com/sitemaps/web/wsj/en/sitemap_wsj_en_m7_2022.xml"", ""https://www.wsj.com/sitemaps/web/wsj/en/sitemap_wsj_en_m6_2022.xml"", ""https://www.wsj.com/sitemaps/web/wsj/en/sitemap_wsj_en_m5_2022.xml"", ""https://www.wsj.com/sitemaps/web/wsj/en/sitemap_wsj_en_m4_2022.xml"", ""https://www.wsj.com/sitemaps/web/wsj/en/sitemap_wsj_en_m3_2022.xml"", ""https://www.wsj.com/sitemaps/web/wsj/en/sitemap_wsj_en_m2_2022.xml"", ""https://www.wsj.com/sitemaps/web/wsj/en/sitemap_wsj_en_m1_2022.xml"", ""https://www.wsj.com/sitemaps/web/wsj/en/sitemap_wsj_en_m12_2021.xml"", ""https://www.wsj.com/sitemaps/web/wsj/en/sitemap_wsj_en_m11_2021.xml"", ""https://www.wsj.com/sitemaps/web/wsj/en/sitemap_wsj_en_m10_2021.xml"", ""https://www.wsj.com/sitemaps/web/wsj/en/sitemap_wsj_en_m9_2021.xml"", ""https://www.wsj.com/sitemaps/web/wsj/en/sitemap_wsj_en_m8_2021.xml"", ""https://www.wsj.com/sitemaps/web/wsj/en/sitemap_wsj_en_m7_2021.xml"", ""https://www.wsj.com/sitemaps/web/wsj/en/sitemap_wsj_en_m6_2021.xml"", ""https://www.wsj.com/sitemaps/web/wsj/en/sitemap_wsj_en_m5_2021.xml"", ""https://www.wsj.com/sitemaps/web/wsj/en/sitemap_wsj_en_m4_2021.xml"", ""https://www.wsj.com/sitemaps/web/wsj/en/sitemap_wsj_en_m3_2021.xml"", ""https://www.wsj.com/sitemaps/web/wsj/en/sitemap_wsj_en_m2_2021.xml"", ""https://www.wsj.com/sitemaps/web/wsj/en/sitemap_wsj_en_m1_2021.xml"", ""https://www.wsj.com/sitemaps/web/wsj/en/sitemap_wsj_en_m12_2020.xml"", ""https://www.wsj.com/sitemaps/web/wsj/en/sitemap_wsj_en_m11_2020.xml"", ""https://www.wsj.com/sitemaps/web/wsj/en/sitemap_wsj_en_m10_2020.xml"", ""https://www.wsj.com/sitemaps/web/wsj/en/sitemap_wsj_en_m9_2020.xml"", ""https://www.wsj.com/sitemaps/web/wsj/en/sitemap_wsj_en_m8_2020.xml"", ""https://www.wsj.com/sitemaps/web/wsj/en/sitemap_wsj_en_m7_2020.xml"", ""https://www.wsj.com/sitemaps/web/wsj/en/sitemap_wsj_en_m6_2020.xml"", ""https://www.wsj.com/sitemaps/web/wsj/en/sitemap_wsj_en_m5_2020.xml"", ""https://www.wsj.com/sitemaps/web/wsj/en/sitemap_wsj_en_m4_2020.xml"", ""https://www.wsj.com/sitemaps/web/wsj/en/sitemap_wsj_en_m3_2020.xml"", ""https://www.wsj.com/sitemaps/web/wsj/en/sitemap_wsj_en_m2_2020.xml"", ""https://www.wsj.com/sitemaps/web/wsj/en/sitemap_wsj_en_m1_2020.xml"", ""https://www.wsj.com/sitemaps/web/wsj/en/sitemap_wsj_en_m12_2019.xml"", ""https://www.wsj.com/sitemaps/web/wsj/en/sitemap_wsj_en_m11_2019.xml"", ""https://www.wsj.com/sitemaps/web/wsj/en/sitemap_wsj_en_m10_2019.xml"", ""https://www.wsj.com/sitemaps/web/wsj/en/sitemap_wsj_en_m9_2019.xml"", ""https://www.wsj.com/sitemaps/web/wsj/en/sitemap_wsj_en_m8_2019.xml"", ""https://www.wsj.com/sitemaps/web/wsj/en/sitemap_wsj_en_m7_2019.xml"", ""https://www.wsj.com/sitemaps/web/wsj/en/sitemap_wsj_en_m6_2019.xml"", ""https://www.wsj.com/sitemaps/web/wsj/en/sitemap_wsj_en_m5_2019.xml"", ""https://www.wsj.com/sitemaps/web/wsj/en/sitemap_wsj_en_m4_2019.xml"", ""https://www.wsj.com/sitemaps/web/wsj/en/sitemap_wsj_en_m3_2019.xml"", ""https://www.wsj.com/sitemaps/web/wsj/en/sitemap_wsj_en_m2_2019.xml"", ""https://www.wsj.com/sitemaps/web/wsj/en/sitemap_wsj_en_m1_2019.xml"", ""https://www.wsj.com/sitemaps/web/wsj/en/sitemap_wsj_en_m12_2018.xml"", ""https://www.wsj.com/sitemaps/web/wsj/en/sitemap_wsj_en_m11_2018.xml"", ""https://www.wsj.com/sitemaps/web/wsj/en/sitemap_wsj_en_m10_2018.xml"", ""https://www.wsj.com/sitemaps/web/wsj/en/sitemap_wsj_en_m9_2018.xml"", ""https://www.wsj.com/sitemaps/web/wsj/en/sitemap_wsj_en_m8_2018.xml"", ""https://www.wsj.com/sitemaps/web/wsj/en/sitemap_wsj_en_m7_2018.xml"", ""https://www.wsj.com/sitemaps/web/wsj/en/sitemap_wsj_en_m6_2018.xml"", ""https://www.wsj.com/sitemaps/web/wsj/en/sitemap_wsj_en_m5_2018.xml"", ""https://www.wsj.com/sitemaps/web/wsj/en/sitemap_wsj_en_m4_2018.xml"", ""https://www.wsj.com/sitemaps/web/wsj/en/sitemap_wsj_en_m3_2018.xml"", ""https://www.wsj.com/sitemaps/web/wsj/en/sitemap_wsj_en_m2_2018.xml"", ""https://www.wsj.com/sitemaps/web/wsj/en/sitemap_wsj_en_m1_2018.xml"", ""https://www.wsj.com/sitemaps/web/wsj/en/sitemap_wsj_en_m12_2017.xml"", ""https://www.wsj.com/sitemaps/web/wsj/en/sitemap_wsj_en_m11_2017.xml"", ""https://www.wsj.com/sitemaps/web/wsj/en/sitemap_wsj_en_m10_2017.xml"", ""https://www.wsj.com/sitemaps/web/wsj/en/sitemap_wsj_en_m9_2017.xml"", ""https://www.wsj.com/sitemaps/web/wsj/en/sitemap_wsj_en_m8_2017.xml"", ""https://www.wsj.com/sitemaps/web/wsj/en/sitemap_wsj_en_m7_2017.xml"", ""https://www.wsj.com/sitemaps/web/wsj/en/sitemap_wsj_en_m6_2017.xml"", ""https://www.wsj.com/sitemaps/web/wsj/en/sitemap_wsj_en_m5_2017.xml"", ""https://www.wsj.com/sitemaps/web/wsj/en/sitemap_wsj_en_m4_2017.xml"", ""https://www.wsj.com/sitemaps/web/wsj/en/sitemap_wsj_en_m3_2017.xml"", ""https://www.wsj.com/sitemaps/web/wsj/en/sitemap_wsj_en_m2_2017.xml"", ""https://www.wsj.com/sitemaps/web/wsj/en/sitemap_wsj_en_m1_2017.xml"", ""https://www.wsj.com/sitemaps/web/wsj/en/sitemap_wsj_en_m12_2016.xml"", ""https://www.wsj.com/sitemaps/web/wsj/en/sitemap_wsj_en_m11_2016.xml""]",120,403,,0,0,False,0,True,False,False,False,sitemap_then_article_extract,medium,active,,2026-05-17 19:02:12.824891
www3_nhk_or_jp,https://www3.nhk.or.jp/nhkworld/,https://www3.nhk.or.jp/nhkworld,www3.nhk.or.jp,https,https://www3.nhk.or.jp/nhkworld,https://www3.nhk.or.jp/robots.txt,True,"[""https://www3.nhk.or.jp/news/sitemap-news-index.xml"", ""https://www3.nhk.or.jp/nhkworld/sitemap.xml""]",True,True,False,,,False,[],0,True,"[""https://www3.nhk.or.jp/nhkworld/sitemap.xml"", ""https://www3.nhk.or.jp/nhkworld/sitemap_alternate.xml"", ""https://www3.nhk.or.jp/nhkworld/sitemap_app.xml"", ""https://www3.nhk.or.jp/nhkworld/data/en/news/sitemap.xml"", ""https://www3.nhk.or.jp/nhkworld/data/en/news/videos/sitemap.xml"", ""https://www3.nhk.or.jp/nhkworld/en/news/sitemap_reports.xml"", ""https://www3.nhk.or.jp/nhkworld/sitemap_other.xml"", ""https://www3.nhk.or.jp/nhkworld/data/ar/news/sitemap.xml"", ""https://www3.nhk.or.jp/nhkworld/data/bn/news/sitemap.xml"", ""https://www3.nhk.or.jp/nhkworld/data/es/news/sitemap.xml"", ""https://www3.nhk.or.jp/nhkworld/data/fa/news/sitemap.xml"", ""https://www3.nhk.or.jp/nhkworld/data/fr/news/sitemap.xml"", ""https://www3.nhk.or.jp/nhkworld/data/hi/news/sitemap.xml"", ""https://www3.nhk.or.jp/nhkworld/data/id/news/sitemap.xml"", ""https://www3.nhk.or.jp/nhkworld/data/ko/news/sitemap.xml"", ""https://www3.nhk.or.jp/nhkworld/data/my/news/sitemap.xml"", ""https://www3.nhk.or.jp/nhkworld/data/pt/news/sitemap.xml"", ""https://www3.nhk.or.jp/nhkworld/data/ru/news/sitemap.xml"", ""https://www3.nhk.or.jp/nhkworld/data/sw/news/sitemap.xml"", ""https://www3.nhk.or.jp/nhkworld/data/th/news/sitemap.xml"", ""https://www3.nhk.or.jp/nhkworld/data/tr/news/sitemap.xml"", ""https://www3.nhk.or.jp/nhkworld/data/uk/news/sitemap.xml"", ""https://www3.nhk.or.jp/nhkworld/data/ur/news/sitemap.xml"", ""https://www3.nhk.or.jp/nhkworld/data/vi/news/sitemap.xml"", ""https://www3.nhk.or.jp/nhkworld/data/zh/news/sitemap.xml"", ""https://www3.nhk.or.jp/nhkworld/data/zt/news/sitemap.xml""]",26,0,,0,0,False,0,False,False,False,False,manual_review,unknown,review,"The read operation timed out
Traceback (most recent call last):
  File ""C:\Users\lehoa\AppData\Roaming\Python\Python312\site-packages\httpx\_transports\default.py"", line 101, in map_httpcore_exceptions
    yield
  File ""C:\Users\lehoa\AppData\Roaming\Python\Python312\site-packages\httpx\_transports\default.py"", line 250, in handle_request
    resp = self._pool.handle_request(req)
           ^^^^^^^^^^^^^^^^^^^^^^^^^^^^^^
  File ""C:\Users\lehoa\AppData\Roaming\Python\Python312\site-packages\httpcore\_sync\connection_pool.py"", line 256, in handle_request
    raise exc from None
  File ""C:\Users\lehoa\AppData\Roaming\Python\Python312\site-packages\httpcore\_sync\connection_pool.py"", line 236, in handle_request
    response = connection.handle_request(
               ^^^^^^^^^^^^^^^^^^^^^^^^^^
  File ""C:\Users\lehoa\AppData\Roaming\Python\Python312\site-packages\httpcore\_sync\connection.py"", line 103, in handle_request
    return self._connection.handle_request(request)
           ^^^^^^^^^^^^^^^^^^^^^^^^^^^^^^^^^^^^^^^^
httpcore.ReadTimeout: The read operation timed out

The above exception was the direct cause of the following exception:

Traceback (most recent call last):
  File ""D:\cursor\LEONCODE\CRAWL WEB\leon_web_intel\src\profiler\source_profiler.py"", line 281, in profile_source
    probe = run_html_probe(norm, homepage_url, self.rules, self._fetch_text, self.raw_store)
            ^^^^^^^^^^^^^^^^^^^^^^^^^^^^^^^^^^^^^^^^^^^^^^^^^^^^^^^^^^^^^^^^^^^^^^^^^^^^^^^^
  File ""D:\cursor\LEONCODE\CRAWL WEB\leon_web_intel\src\profiler\html_probe.py"", line 38, in run_html_probe
    status, html = fetch_text(homepage_url)
                   ^^^^^^^^^^^^^^^^^^^^^^^^
  File ""D:\cursor\LEONCODE\CRAWL WEB\leon_web_intel\src\profiler\source_profiler.py"", line 211, in _fetch_text
    return self.http.get_text(url)
           ^^^^^^^^^^^^^^^^^^^^^^^
  File ""D:\cursor\LEONCODE\CRAWL WEB\leon_web_intel\src\utils\cache.py"", line 152, in get_text
    entry = self.get(url)
            ^^^^^^^^^^^^^
  File ""D:\cursor\LEONCODE\CRAWL WEB\leon_web_intel\src\utils\cache.py"", line 142, in get
    entry = self._fetch_uncached(url)
            ^^^^^^^^^^^^^^^^^^^^^^^^^
httpx.ReadTimeout: The read operation timed out
",2026-05-17 19:08:39.670668
