id,source_id,url,stage,error_type,error_message,created_at
e680f587-b893-43fd-837d-1686a1c551b1,consilium_europa_eu,https://www.consilium.europa.eu/en/press,scrapy_pipeline,HttpError,status=403,2026-05-18 12:44:54.382661
01d07c6c-9e57-4f0e-8ef5-74a6ec15925d,arabnews_com,https://www.arabnews.com/rss.xml,scrapy_pipeline,HttpError,status=403,2026-05-18 12:44:54.871965
8a2d6ef5-6daf-4967-b3e3-cbefd99a795c,centralbank_ae,https://www.centralbank.ae/,scrapy_pipeline,HttpError,status=403,2026-05-18 12:44:55.138365
66ad4665-85a9-41a4-815f-a8fa9f8761ce,adb_org,https://www.adb.org/rss.xml,scrapy_pipeline,HttpError,status=403,2026-05-18 12:44:55.271755
84e261b4-6ca5-4ec5-90cd-f36fa0367359,almasryalyoum_com,https://www.almasryalyoum.com/,scrapy_pipeline,AccessControlDetected,paywall=False login=False captcha=True,2026-05-18 12:44:56.113563
457acd0f-7b7f-4bc3-bd4b-866a1d4c31c2,agenciadenoticias_ibge_gov_br,https://agenciadenoticias.ibge.gov.br/en,scrapy_pipeline,NotToday,published_at outside target calendar window,2026-05-18 12:44:56.404227
a673328a-4cf9-4589-a805-d6a3412d8e06,egypttoday_com,https://www.egypttoday.com/,scrapy_pipeline,HttpError,status=403,2026-05-18 12:44:56.527499
8b715aff-0818-47df-bc22-e2d4c04665c2,global_krx_co_kr,https://global.krx.co.kr/,scrapy_pipeline,ShortContent,length=0 min=80,2026-05-18 12:44:57.226992
d44bcce9-a8ba-4c7f-9c79-1a1d0d06a72a,federalreserve_gov,https://www.federalreserve.gov/,scrapy_pipeline,NotToday,published_at outside target calendar window,2026-05-18 12:44:57.647224
b7ed94c6-c076-4db1-a586-ac0e339ee369,cbr_ru,https://www.cbr.ru/eng,scrapy_pipeline,NotToday,published_at outside target calendar window,2026-05-18 12:45:00.638566
c1c61ed2-2062-4327-a4ec-b525b07d5c88,english_news_cn,https://english.news.cn/,scrapy_pipeline,NotToday,published_at outside target calendar window,2026-05-18 12:45:01.439419
9702af4f-15c4-4b7f-8844-bc3e9a0a7eb2,japantimes_co_jp,https://www.japantimes.co.jp/,scrapy_pipeline,HttpError,status=403,2026-05-18 12:45:01.772464
687d2b69-4a0f-49dc-8f26-aa2e094ac365,meduza_io,https://meduza.io/en,scrapy_pipeline,AccessControlDetected,paywall=False login=False captcha=True,2026-05-18 12:45:02.305733
ce22e756-07c4-4d1f-a432-339c98fe7b11,data_aseanstats_org,https://data.aseanstats.org/,scrapy_pipeline,AccessControlDetected,paywall=False login=False captcha=True,2026-05-18 12:45:03.229213
20695756-2bba-4002-91c5-7c8de27e7abf,fred_stlouisfed_org,https://fred.stlouisfed.org/,scrapy_pipeline,NotToday,published_at outside target calendar window,2026-05-18 12:45:03.623508
95fc9411-8c26-412f-8ba1-3ef27ddfa3c1,mas_gov_sg,https://www.mas.gov.sg/,scrapy_pipeline,NotToday,published_at outside target calendar window,2026-05-18 12:45:05.073544
8e876ca6-3b29-45de-bf6c-51ff8ac2a97b,english_www_gov_cn,https://english.www.gov.cn/,scrapy_pipeline,NotToday,published_at outside target calendar window,2026-05-18 12:45:05.610867
92ff1efe-815a-4c53-b94a-cfe036cac2ca,independent_co_uk,https://www.independent.co.uk/news/uk/home-news/youth-justice-reform-david-lammy-southport-stabbings-b2978320.html,scrapy_pipeline,AccessControlDetected,paywall=False login=False captcha=True,2026-05-18 12:45:06.395278
c61f89a2-446b-4ef2-b8e5-9a53c1a3ac75,agenciadenoticias_ibge_gov_br,https://agenciadenoticias.ibge.gov.br/cdn-cgi/l/email-protection#ee8d81839b80878d8fae878c898bc0898198c08c9c,scrapy_pipeline,HttpError,status=404,2026-05-18 12:45:06.717085
b13abb65-f76c-484e-9763-b5b99bb11daf,ema_europa_eu,https://www.ema.europa.eu/en/homepage,scrapy_pipeline,NotToday,published_at outside target calendar window,2026-05-18 12:45:07.444725
8e1f904f-37bf-45eb-aba1-7a648097a534,federalreserve_gov,https://www.federalreserve.gov/aboutthefed/ethics-values.htm,scrapy_pipeline,NotToday,published_at outside target calendar window,2026-05-18 12:45:08.023184
efae987b-4984-4aba-bfc0-86905f97fffc,afdb_org,https://www.afdb.org/en,scrapy_pipeline,NotToday,published_at outside target calendar window,2026-05-18 12:45:08.399432
6060f2c2-dbed-4c40-b586-7f4aeb4d4a92,oecd_org,https://www.oecd.org/,scrapy_pipeline,HttpError,status=403,2026-05-18 12:45:08.494398
2931d870-50c8-4e6e-bbcf-0ba6ab471d7f,fred_stlouisfed_org,https://fred.stlouisfed.org/searchresults/?st=nasdaq&isTst=1,scrapy_fetch,FetchError,IgnoreRequest('Forbidden by robots.txt'),2026-05-18 12:45:08.739172
d2551a0f-100c-4201-9c50-234aba847601,ons_gov_uk,https://www.ons.gov.uk/,scrapy_pipeline,NotToday,published_at outside target calendar window,2026-05-18 12:45:09.183331
662ea2e2-9d1e-41cf-87cc-c3e521070d91,cbr_ru,https://www.cbr.ru/eng/development/,scrapy_pipeline,NotToday,published_at outside target calendar window,2026-05-18 12:45:09.319691
2f110ec6-80c3-414b-9fb6-674f06f873ef,news24_com,https://www.news24.com/,scrapy_pipeline,AccessControlDetected,paywall=False login=False captcha=True,2026-05-18 12:45:10.982230
843d5d34-a36a-4a1b-94eb-878f14633b6d,kyivindependent_com,https://kyivindependent.com/following-attack-on-moscow-zelensky-touts-shift-in-the-balance-signals-more-deep-strikes/,scrapy_pipeline,AccessControlDetected,paywall=False login=False captcha=True,2026-05-18 12:45:12.028901
64d975b8-a558-43b8-bc8e-634885fe717c,baochinhphu_vn,https://baochinhphu.vn/bo-xay-dung-de-xuat-cap-10000-ty-dong-von-dieu-le-lam-quy-nha-o-trung-uong-102260518003108836.htm,scrapy_pipeline,AccessControlDetected,paywall=False login=False captcha=True,2026-05-18 12:45:12.275569
065c5b35-d367-479b-9b55-14521f2995b4,meduza_io,https://meduza.io/en/podcasts/the-naked-pravda,scrapy_pipeline,AccessControlDetected,paywall=False login=False captcha=True,2026-05-18 12:45:12.956809
a62dfc19-78f6-41d3-abd9-d66d93e46173,rbnz_govt_nz,https://www.rbnz.govt.nz/,scrapy_pipeline,HttpError,status=403,2026-05-18 12:45:13.139146
a39fa187-6473-49c6-b247-d356205bc7b4,parliament_uk,https://www.parliament.uk/,scrapy_pipeline,HttpError,status=403,2026-05-18 12:45:14.372792
ab0d3f14-efdb-4898-99b9-8b0ddad60638,smh_com_au,https://www.smh.com.au/business/companies/ex-transport-minister-directors-allegedly-kept-market-in-the-dark-about-airline-s-dire-straits-20260518-p5zy4r.html?ref=rss&utm_medium=rss&utm_source=rss_feed,scrapy_fetch,FetchError,IgnoreRequest('Forbidden by robots.txt'),2026-05-18 12:45:14.717097
5ecdc31f-974e-4cd2-a13a-230ea36a63c7,smh_com_au,https://www.smh.com.au/culture/music/pianist-jayson-gillham-tells-court-he-kept-mso-in-the-dark-before-speaking-out-on-gaza-20260518-p5zybc.html?ref=rss&utm_medium=rss&utm_source=rss_feed,scrapy_fetch,FetchError,IgnoreRequest('Forbidden by robots.txt'),2026-05-18 12:45:14.817170
b7ca879d-7e8c-401d-af4f-a564fc54cbc8,smh_com_au,https://www.smh.com.au/national/queensland/brisbane-s-wet-weather-to-clear-for-cold-nights-mid-week-20260518-p5zxz1.html?ref=rss&utm_medium=rss&utm_source=rss_feed,scrapy_fetch,FetchError,IgnoreRequest('Forbidden by robots.txt'),2026-05-18 12:45:14.939452
8e15ff8a-7836-40cf-b840-a40f0d5bfc72,baochinhphu_vn,https://baochinhphu.vn/uu-tien-mo-rong-cao-toc-2-lan-xe-len-quy-mo-hoan-chinh-102260518004918146.htm,scrapy_pipeline,AccessControlDetected,paywall=False login=False captcha=True,2026-05-18 12:45:15.153833
354958c0-0b73-4cc1-bd6c-a6d154b8dac9,independent_co_uk,https://www.independent.co.uk/news/world/americas/crime/dead-migrants-train-texas-california-b2978278.html,scrapy_pipeline,AccessControlDetected,paywall=False login=False captcha=True,2026-05-18 12:45:15.317626
ad347976-bcc4-405b-8fa9-5879b2bfd0a6,rnz_co_nz,https://www.rnz.co.nz/news,scrapy_pipeline,NotToday,published_at outside target calendar window,2026-05-18 12:45:16.274536
de5ced26-a588-436b-9f8f-100b5831c9b2,fred_stlouisfed_org,https://fred.stlouisfed.org/searchresults/?st=exchange%20rate&isTst=1,scrapy_fetch,FetchError,IgnoreRequest('Forbidden by robots.txt'),2026-05-18 12:45:16.461674
abbe297e-9679-4406-b28a-cf00c64413ab,smh_com_au,https://www.smh.com.au/goodfood/recipes/adam-liaw-s-red-wine-apple-crumble-20260518-p5zygx.html?ref=rss&utm_medium=rss&utm_source=rss_feed,scrapy_fetch,FetchError,IgnoreRequest('Forbidden by robots.txt'),2026-05-18 12:45:16.539462
e1661f5b-12b7-45b3-971c-6f3aceb17744,fred_stlouisfed_org,https://fred.stlouisfed.org/searchresults/?st=m2&isTst=1,scrapy_fetch,FetchError,IgnoreRequest('Forbidden by robots.txt'),2026-05-18 12:45:17.305082
c436caea-c1c6-43fc-94d3-621696a1ba6a,fred_stlouisfed_org,https://fred.stlouisfed.org/searchresults/?st=inflation&isTst=1,scrapy_fetch,FetchError,IgnoreRequest('Forbidden by robots.txt'),2026-05-18 12:45:17.528027
5ff27783-f088-4dc4-ad7e-928c2162915d,fred_stlouisfed_org,https://fred.stlouisfed.org/searchresults/?st=gold&isTst=1,scrapy_fetch,FetchError,IgnoreRequest('Forbidden by robots.txt'),2026-05-18 12:45:17.716526
58b36728-e81f-4437-b833-e174b38acae4,fred_stlouisfed_org,https://fred.stlouisfed.org/searchresults/?st=unemployment&isTst=1,scrapy_fetch,FetchError,IgnoreRequest('Forbidden by robots.txt'),2026-05-18 12:45:17.861452
652c9eae-4075-4d1b-91da-760bf9b412d0,politico_eu,https://www.politico.eu/article/eu-parliament-accused-overreach-shielding-top-lawmakers-prosecutors/?utm_source=RSS_Feed&utm_medium=RSS&utm_campaign=RSS_Syndication,scrapy_pipeline,AccessControlDetected,paywall=False login=False captcha=True,2026-05-18 12:45:18.307661
05f4cc89-4aec-4fb1-a3d3-26749a698ef1,pib_gov_in,https://www.pib.gov.in/,scrapy_pipeline,HttpError,status=403,2026-05-18 12:45:18.472737
24592510-0ded-49c0-8d51-b056208adbd8,agenciadenoticias_ibge_gov_br,https://agenciadenoticias.ibge.gov.br/en/agencia-contact.html,scrapy_pipeline,HttpError,status=403,2026-05-18 12:45:18.861849
eb408efe-5299-4824-8d11-2c6ed93d3c97,bea_gov,https://apps.bea.gov/rss/rss.xml,scrapy_fetch,FetchError,IgnoreRequest('Forbidden by robots.txt'),2026-05-18 12:45:18.940154
62963e45-30a9-4937-b863-12991b2ff246,stat_go_jp,https://www.stat.go.jp/english,scrapy_pipeline,HttpError,status=404,2026-05-18 12:45:19.550257
cfac7d65-b292-4081-b0cc-819425a6943d,cbr_ru,https://www.cbr.ru/eng/inside/warning-list/,scrapy_pipeline,NotToday,published_at outside target calendar window,2026-05-18 12:45:20.055231
dc115eab-ce11-437c-9f2d-1c8f60204e80,fca_org_uk,https://www.fca.org.uk/news/press-releases/fca-and-bank-england-set-out-shared-vision-tokenisation-uk-wholesale-markets,scrapy_pipeline,AccessControlDetected,paywall=False login=False captcha=True,2026-05-18 12:45:20.242274
8e3ce434-f21a-45d0-b319-d226ddf39090,kyivindependent_com,https://kyivindependent.com/russia-downed-over-3-000-drones-over-past-week-state-media-reports/,scrapy_pipeline,AccessControlDetected,paywall=False login=False captcha=True,2026-05-18 12:45:20.505601
481424a2-8c8f-472f-bb1f-beaf2e1285ba,federalreserve_gov,https://www.federalreserve.gov/aboutthefed/k8.htm,scrapy_pipeline,NotToday,published_at outside target calendar window,2026-05-18 12:45:21.018173
3b83e8bc-eb54-4a8e-a585-ed0eb758a3fe,timesofisrael_com,https://www.timesofisrael.com/,scrapy_pipeline,AccessControlDetected,paywall=False login=False captcha=True,2026-05-18 12:45:22.701716
3e542f56-0d13-43c3-bc17-5a9528a8a2f7,science_org,https://www.science.org/,scrapy_pipeline,HttpError,status=403,2026-05-18 12:45:23.039536
fa59f821-b0be-4e91-a7e1-210254995bf7,meduza_io,https://meduza.io/rss/en/all,scrapy_pipeline,AccessControlDetected,paywall=True login=True captcha=False,2026-05-18 12:45:23.176900
6c531868-ed52-44e9-b170-cd52b02fa87d,moea_gov_tw,https://www.moea.gov.tw/Mns/english/home/English.aspx,scrapy_pipeline,NotToday,published_at outside target calendar window,2026-05-18 12:45:23.333101
912cd301-da44-4b55-b19c-6cc9d2a151ab,english_www_gov_cn,https://english.www.gov.cn/services,scrapy_pipeline,NotToday,published_at outside target calendar window,2026-05-18 12:45:23.498383
9aaed751-833b-49b6-be1a-d83f83737d26,fred_stlouisfed_org,https://fred.stlouisfed.org/searchresults/?st=gdp&isTst=1,scrapy_fetch,FetchError,IgnoreRequest('Forbidden by robots.txt'),2026-05-18 12:45:23.595255
38d8c1d1-2403-44a1-bb31-128f256c2b55,mas_gov_sg,https://www.mas.gov.sg/terms-of-use,scrapy_pipeline,NotToday,published_at outside target calendar window,2026-05-18 12:45:24.298511
1cb0754a-14f8-4dbe-85c9-cd66b015ebae,afdb_org,https://www.afdb.org/en/countries/west-africa/guinea,scrapy_pipeline,NotToday,published_at outside target calendar window,2026-05-18 12:45:24.497950
3fdbc3ec-0a5a-4554-879f-9cd60ef6873b,independent_co_uk,https://www.independent.co.uk/news/china-australian-beijing-melbourne-li-keqiang-b2978347.html,scrapy_pipeline,AccessControlDetected,paywall=False login=False captcha=True,2026-05-18 12:45:24.750553
024cbeff-68c8-4601-bc81-a7ba4c3d1c51,boj_or_jp,https://www.boj.or.jp/en/mopo/mpmsche_minu/opinion_2026/index.htm,scrapy_pipeline,NotToday,published_at outside target calendar window,2026-05-18 12:45:24.931444
5640363a-4013-4f28-9737-68cda5f290c9,politico_eu,https://www.politico.eu/article/us-ambassador-andrew-puzder-eu-honor-trade-deal-donald-trump/?utm_source=RSS_Feed&utm_medium=RSS&utm_campaign=RSS_Syndication,scrapy_pipeline,AccessControlDetected,paywall=False login=False captcha=True,2026-05-18 12:45:25.065893
3074279d-310d-44a6-bb48-d91d73ca7d3d,ema_europa_eu,https://www.ema.europa.eu/en/news-and-events/publications,scrapy_pipeline,NotToday,published_at outside target calendar window,2026-05-18 12:45:25.208970
d7cb146e-6d77-414d-9a24-32ca1c6bf860,fred_stlouisfed_org,https://fred.stlouisfed.org/searchresults/?st=cpi&isTst=1,scrapy_fetch,FetchError,IgnoreRequest('Forbidden by robots.txt'),2026-05-18 12:45:25.307015
4f9a725d-500f-4f75-b2b3-2fbf5033e9dd,independent_co_uk,https://www.independent.co.uk/news/buenos-aires-argentine-rats-latin-america-people-b2978341.html,scrapy_pipeline,AccessControlDetected,paywall=False login=False captcha=True,2026-05-18 12:45:25.490972
157296ab-96a4-46e4-a11f-85954ed560e7,ons_gov_uk,https://www.ons.gov.uk/peoplepopulationandcommunity/crimeandjustice,scrapy_pipeline,NotToday,published_at outside target calendar window,2026-05-18 12:45:25.847794
81a1252c-eb64-4b34-b642-050ffba2ac76,meduza_io,https://meduza.io/en/feature/2018/05/25/how-we-process-your-personal-data-stored-by-meduza,scrapy_pipeline,AccessControlDetected,paywall=False login=False captcha=True,2026-05-18 12:45:26.137187
754c253c-44a5-47f4-888c-0d6d6a94803b,fred_stlouisfed_org,https://fred.stlouisfed.org/contactus/,scrapy_pipeline,NotToday,published_at outside target calendar window,2026-05-18 12:45:26.879474
1e9856e2-5a7f-4b78-987c-0bffdc850199,clinicaltrials_gov,https://clinicaltrials.gov/,scrapy_pipeline,NotToday,published_at outside target calendar window,2026-05-18 12:45:27.673491
2a10a315-f172-41a7-ab87-2c404cf5518e,meduza_io,https://meduza.io/en/feature/2018/05/25/how-meduza-uses-cookies,scrapy_pipeline,AccessControlDetected,paywall=False login=False captcha=True,2026-05-18 12:45:27.864695
20c35a80-17c6-4214-80c0-ccffebad02b0,english_mofcom_gov_cn,https://english.mofcom.gov.cn/,scrapy_pipeline,NotToday,published_at outside target calendar window,2026-05-18 12:45:28.723201
dbefa5e6-1b7a-4edc-8037-506c5bda53fe,cbr_ru,https://www.cbr.ru/eng/ckki/,scrapy_pipeline,NotToday,published_at outside target calendar window,2026-05-18 12:45:29.808370
dfbc32f9-03c6-4ad3-8650-21f4bcc04ab0,federalreserve_gov,https://www.federalreserve.gov/aboutthefed/procurement/tips.htm,scrapy_pipeline,NotToday,published_at outside target calendar window,2026-05-18 12:45:30.144089
4c0dc4f1-8856-4835-b0af-7945774c0ee2,smh_com_au,https://www.smh.com.au/national/democracy-is-dead-act-accordingly-neo-nazis-launch-high-court-fight-20260518-p5zyex.html?ref=rss&utm_medium=rss&utm_source=rss_feed,scrapy_fetch,FetchError,IgnoreRequest('Forbidden by robots.txt'),2026-05-18 12:45:30.240675
7a03632f-cdec-410a-a6a4-02f542ed0528,smh_com_au,https://www.smh.com.au/sport/nrl/nrl-around-the-clubs-round-12-20260518-p5zyg4.html?ref=rss&utm_medium=rss&utm_source=rss_feed,scrapy_fetch,FetchError,IgnoreRequest('Forbidden by robots.txt'),2026-05-18 12:45:30.339730
ac23a71b-0246-4cb1-a831-7a2a57491623,news_sky_com,https://news.sky.com/,scrapy_pipeline,HttpError,status=403,2026-05-18 12:45:30.650992
49ccf8bb-5ee9-4118-8ed6-12ba84332818,almasryalyoum_com,https://www.almasryalyoum.com/section/index/558,scrapy_pipeline,AccessControlDetected,paywall=False login=False captcha=True,2026-05-18 12:45:30.860848
cd1d7b62-903d-4f2b-9aa8-3caeca42832d,europarl_europa_eu,https://www.europarl.europa.eu/thinktank/en/home,scrapy_pipeline,NotToday,published_at outside target calendar window,2026-05-18 12:45:31.067141
2f1462ce-a164-4341-bbc7-4480def10fcf,wikidata_org,https://www.wikidata.org/wiki/Wikidata:Main_Page,scrapy_pipeline,AccessControlDetected,paywall=False login=False captcha=True,2026-05-18 12:45:31.396897
4a567ebe-08f7-42d3-b18d-cc0043961d15,ema_europa_eu,https://www.ema.europa.eu/en/news-events/committee-highlights,scrapy_pipeline,NotToday,published_at outside target calendar window,2026-05-18 12:45:31.875503
aa80d556-3519-4b51-8060-577984664694,afdb_org,https://www.afdb.org/en/countries/west-africa/ghana,scrapy_pipeline,NotToday,published_at outside target calendar window,2026-05-18 12:45:32.157951
4fd2595f-d7be-4abd-b31f-08ac44164be0,politico_eu,https://www.politico.eu/article/why-running-britain-hard-no-matter-who-does-it/?utm_source=RSS_Feed&utm_medium=RSS&utm_campaign=RSS_Syndication,scrapy_pipeline,AccessControlDetected,paywall=False login=False captcha=True,2026-05-18 12:45:32.296523
821835bc-ea9e-4433-a87d-513930d0f4f5,boj_or_jp,https://www.boj.or.jp/en/mopo/mpmsche_minu/index.htm,scrapy_pipeline,NotToday,published_at outside target calendar window,2026-05-18 12:45:32.609360
84fa0758-e2e9-4ae1-a3da-9400658c15df,fred_stlouisfed_org,https://fred.stlouisfed.org/digital-badges/,scrapy_pipeline,NotToday,published_at outside target calendar window,2026-05-18 12:45:32.789802
48690520-00fb-44ed-a0cf-1dc430afce5a,ons_gov_uk,https://www.ons.gov.uk/peoplepopulationandcommunity/armedforcescommunity,scrapy_pipeline,NotToday,published_at outside target calendar window,2026-05-18 12:45:33.016202
84209805-51ff-4f66-bb8b-32db45218fc0,agenciadenoticias_ibge_gov_br,https://agenciadenoticias.ibge.gov.br/en/agencia-about-us.html,scrapy_pipeline,HttpError,status=403,2026-05-18 12:45:33.118540
42199d54-9ae6-4148-913b-dd34e91e91cd,cbr_ru,https://www.cbr.ru/eng/news/subscribe/,scrapy_pipeline,AccessControlDetected,paywall=False login=False captcha=True,2026-05-18 12:45:33.332377
70076fdb-c8e5-491f-b21e-f7aedc4c55e3,imf_org,https://www.imf.org/en/home,scrapy_pipeline,AccessControlDetected,paywall=False login=False captcha=True,2026-05-18 12:45:33.504858
e2f6a35b-281a-4a69-8c0a-5e0b03df21d3,ons_gov_uk,https://www.ons.gov.uk/peoplepopulationandcommunity/birthsdeathsandmarriages,scrapy_pipeline,NotToday,published_at outside target calendar window,2026-05-18 12:45:33.667786
91b53389-4829-430a-a3af-8395ce65c7a8,tadawulgroup_sa,https://www.tadawulgroup.sa/wps/portal/tadawulgroup/home?locale=en,scrapy_pipeline,NotToday,published_at outside target calendar window,2026-05-18 12:45:33.868617
af80ebcd-571a-46df-aeff-f803b657b424,mas_gov_sg,https://www.mas.gov.sg/privacy-statement,scrapy_pipeline,NotToday,published_at outside target calendar window,2026-05-18 12:45:34.217806
6d9191db-3315-4bca-8059-1149311f3bf0,english_www_gov_cn,https://english.www.gov.cn/policies/featured/202511/04/content_WS6909c915c6d00ca5f9a074f7.html,scrapy_pipeline,NotToday,published_at outside target calendar window,2026-05-18 12:45:34.701378
2850521b-9570-43a2-953f-37e0d6619eed,news24_com,https://www.news24.com/southafrica/weather,scrapy_pipeline,AccessControlDetected,paywall=False login=False captcha=True,2026-05-18 12:45:35.273539
d12916e2-6580-4ea0-8523-fdc2c705c11f,federalreserve_gov,https://www.federalreserve.gov/aboutthefed/boardvotes.htm,scrapy_pipeline,NotToday,published_at outside target calendar window,2026-05-18 12:45:35.534389
1449ab25-0af8-4ec6-be1b-a9b1d5f09667,theeastafrican_co_ke,https://www.theeastafrican.co.ke/tea/opinion/guest-blogs/africa-must-move-from-summit-diplomacy-to-actual-delivery-5463282,scrapy_pipeline,HttpError,status=403,2026-05-18 12:45:35.706773
8276b388-8e7c-48da-877d-e9d0fca094cb,independent_co_uk,https://www.independent.co.uk/news/world/americas/us-politics/todd-blanche-trump-2020-election-investigation-b2978343.html,scrapy_pipeline,AccessControlDetected,paywall=False login=False captcha=True,2026-05-18 12:45:36.560519
4adff3a2-3824-4cbd-b28d-7fad13c163a0,timesofisrael_com,https://www.timesofisrael.com/latest/alerts/,scrapy_pipeline,AccessControlDetected,paywall=False login=False captcha=True,2026-05-18 12:45:36.755210
d4e7f39e-b3fa-4e30-879b-4ea0c99a69cd,agenciadenoticias_ibge_gov_br,https://agenciadenoticias.ibge.gov.br/en/agencia-news/special-series.html,scrapy_pipeline,HttpError,status=403,2026-05-18 12:45:36.951685
79a9c9bd-fc88-45d6-a68a-0fbf7c90ebec,mof_go_jp,https://www.mof.go.jp/english/,scrapy_pipeline,NotToday,published_at outside target calendar window,2026-05-18 12:45:37.086857
fe11a8ce-ac13-42cd-9c70-4e8c54d24dcf,dailymaverick_co_za,https://www.dailymaverick.co.za/article/2026-05-17-sars-audit-links-ex-prasa-boss-lucky-montana-to-recipient-of-tall-trains-funds/,scrapy_pipeline,AccessControlDetected,paywall=False login=False captcha=True,2026-05-18 12:45:37.886691
e9fef44c-aeb0-458c-bc6e-6dd7f82e314f,smh_com_au,https://www.smh.com.au/sport/afl/one-day-two-games-afl-locks-in-women-s-and-men-s-double-header-games-20260518-p5zye3.html?ref=rss&utm_medium=rss&utm_source=rss_feed,scrapy_fetch,FetchError,IgnoreRequest('Forbidden by robots.txt'),2026-05-18 12:45:37.985465
f92d7044-be91-466a-b1fe-1665affc6349,statssa_gov_za,https://www.statssa.gov.za/,scrapy_pipeline,ShortContent,length=0 min=80,2026-05-18 12:45:38.090779
4b7c5d3c-40a0-4c8c-a4c8-ac51e52bbfc5,theguardian_com,https://www.theguardian.com/artanddesign/gallery/2026/may/18/australias-best-blind-bowlers-compete-for-glory-on-the-green-in-pictures,scrapy_pipeline,AccessControlDetected,paywall=False login=False captcha=True,2026-05-18 12:45:38.260197
faf68f1e-4f76-4140-b5ac-df0375556096,almasryalyoum_com,https://www.almasryalyoum.com/section/index/559,scrapy_pipeline,AccessControlDetected,paywall=False login=False captcha=True,2026-05-18 12:45:38.614405
53f1257c-f449-4fbe-9aa6-9cc54778ca6a,lanacion_com_ar,https://www.lanacion.com.ar/lifestyle/pilar-sordo-lo-unico-que-importa-en-la-vida-son-los-vinculos-afectivos-no-hay-mas-nid17052026/,scrapy_pipeline,AccessControlDetected,paywall=False login=False captcha=True,2026-05-18 12:45:38.797108
e5135eef-b1e4-4abf-a7a4-163cb54afaca,indianexpress_com,https://indianexpress.com/article/legal-news/allahabad-high-court-biryani-in-ganga-hurt-religious-sentiment-10694958/,scrapy_pipeline,AccessControlDetected,paywall=False login=False captcha=True,2026-05-18 12:45:39.745671
b314b35f-a8a7-4643-ace5-bd97cf8a1a46,banxico_org_mx,https://www.banxico.org.mx/portales-de-usuarios/usuarios-billetes-monedas-ban.html,scrapy_pipeline,NotToday,published_at outside target calendar window,2026-05-18 12:45:39.868889
ce237fce-9ded-4a69-9877-01c334f34f6b,moea_gov_tw,https://www.moea.gov.tw/Mns/english/content/ContentMenu.aspx?menu_id=3535,scrapy_pipeline,NotToday,published_at outside target calendar window,2026-05-18 12:45:40.189510
bf14f57c-1aea-4873-960c-2130a1d620a6,kyivindependent_com,https://kyivindependent.com/russian-attack-may-18/,scrapy_pipeline,AccessControlDetected,paywall=False login=False captcha=True,2026-05-18 12:45:40.434639
b0bccac3-c787-4783-a834-6e928eb399cf,independent_co_uk,https://www.independent.co.uk/arts-entertainment/films/news/michael-box-office-obsession-devil-wears-prada-2-b2978356.html,scrapy_pipeline,AccessControlDetected,paywall=False login=False captcha=True,2026-05-18 12:45:40.661052
66160d94-2fc8-4d93-bb0f-5f4f306af36a,afdb_org,https://www.afdb.org/en/countries/west-africa/gambia,scrapy_pipeline,HttpError,status=403,2026-05-18 12:45:40.806994
8b3254c9-e4fc-4b89-a054-6da83b53f3d0,smh_com_au,https://www.smh.com.au/sport/nrl/flegler-opens-up-on-emotional-origin-return-20260518-p5zyha.html?ref=rss&utm_medium=rss&utm_source=rss_feed,scrapy_fetch,FetchError,IgnoreRequest('Forbidden by robots.txt'),2026-05-18 12:45:41.162847
f2a945a0-f1fd-4f1e-802a-b847c7ea6418,smh_com_au,https://www.smh.com.au/sport/racing/lees-hoping-reschs-milk-can-be-toast-of-newcastle-on-debut-20260518-p5zyek.html?ref=rss&utm_medium=rss&utm_source=rss_feed,scrapy_fetch,FetchError,IgnoreRequest('Forbidden by robots.txt'),2026-05-18 12:45:41.262573
46f30fc7-5568-4c63-97b6-0839591b99c1,smh_com_au,https://www.smh.com.au/goodfood/nsw-good-food-guide/keith-20260518-p5zyh6.html?ref=rss&utm_medium=rss&utm_source=rss_feed,scrapy_fetch,FetchError,IgnoreRequest('Forbidden by robots.txt'),2026-05-18 12:45:41.551311
804bc16a-d499-45e8-a5fc-5cd9c467ae3a,federalreserve_gov,https://www.federalreserve.gov/aboutthefed/boardmeetings/meetingdates.htm,scrapy_pipeline,NotToday,published_at outside target calendar window,2026-05-18 12:45:41.716227
953f894a-2f5c-4787-9497-99bc70934947,rnz_co_nz,https://www.rnz.co.nz/news/pacific,scrapy_pipeline,NotToday,published_at outside target calendar window,2026-05-18 12:45:42.055165
fd1c2654-f184-4044-b222-61336fdf917e,meduza_io,https://meduza.io/en/episodes/2025/10/09/four-scenarios-for-the-next-chapter-in-russia-s-war-against-ukraine,scrapy_pipeline,AccessControlDetected,paywall=False login=False captcha=True,2026-05-18 12:45:42.286531
862925e7-069c-458e-a8ce-360d300f1139,malaymail_com,https://www.malaymail.com/news/malaysia/2026/05/17/rafizi-ramli-and-nik-nazmi-quit-pkr-will-vacate-pandan-and-setiawangsa-seats/220312,scrapy_pipeline,NotToday,published_at outside target calendar window,2026-05-18 12:45:42.405440
d4324efd-a6f9-41ed-97af-05a9d1a36c77,afdb_org,https://www.afdb.org/en/countries/west-africa/cote-divoire,scrapy_pipeline,NotToday,published_at outside target calendar window,2026-05-18 12:45:42.801483
8873c256-52c7-4b8b-9893-117b125b1f65,politico_eu,https://www.politico.eu/article/russia-germany-sanctions-ukraine-smuggling-network/?utm_source=RSS_Feed&utm_medium=RSS&utm_campaign=RSS_Syndication,scrapy_pipeline,AccessControlDetected,paywall=False login=False captcha=True,2026-05-18 12:45:42.923025
8a0ed62d-6d7a-4c55-98b8-4e7b0c35f514,ema_europa_eu,https://www.ema.europa.eu/en/events/upcoming-events,scrapy_pipeline,NotToday,published_at outside target calendar window,2026-05-18 12:45:43.471553
4bbac97f-ec56-4b9e-951e-3960c8e93bca,theguardian_com,https://www.theguardian.com/food/2026/may/18/asparagus-kimchi-spring-tart-recipes-kenji-morimoto,scrapy_pipeline,AccessControlDetected,paywall=False login=False captcha=True,2026-05-18 12:45:43.590286
170239bf-0065-40dc-8f62-18199f621e45,news24_com,https://www.news24.com/southafrica/education,scrapy_pipeline,AccessControlDetected,paywall=False login=False captcha=True,2026-05-18 12:45:43.948053
d011aecb-abe7-43f0-b5e6-7ce3e802af56,ema_europa_eu,https://www.ema.europa.eu/en/news-events/whats-new,scrapy_pipeline,NotToday,published_at outside target calendar window,2026-05-18 12:45:44.692394
fddbda09-dd98-4175-b5b1-0ad84452daae,dailymaverick_co_za,https://www.dailymaverick.co.za/article/2026-05-18-who-declares-ebola-outbreak-in-congo-uganda-an-emergency-of-international-concern/,scrapy_pipeline,AccessControlDetected,paywall=False login=False captcha=True,2026-05-18 12:45:44.870718
01cc73a0-e821-42c1-9354-563986648b8c,agenciadenoticias_ibge_gov_br,https://agenciadenoticias.ibge.gov.br/en/agencia-news.html?editoria=ibge,scrapy_pipeline,HttpError,status=403,2026-05-18 12:45:45.273649
68d183ae-49a6-4818-acdb-51b24d31116c,twse_com_tw,https://www.twse.com.tw/en/,scrapy_pipeline,NotToday,published_at outside target calendar window,2026-05-18 12:45:45.544800
7e1d2e96-266c-4116-91bb-e83eeb4190cd,ons_gov_uk,https://www.ons.gov.uk/peoplepopulationandcommunity,scrapy_pipeline,NotToday,published_at outside target calendar window,2026-05-18 12:45:45.757371
a7fdbb1f-77a0-49f9-9c2e-f826ee222c0a,baochinhphu_vn,https://baochinhphu.vn/vo-khong-du-dieu-kien-huong-thai-san-chong-van-co-the-duoc-tro-cap-102260515081728375.htm,scrapy_pipeline,AccessControlDetected,paywall=False login=False captcha=True,2026-05-18 12:45:46.229374
cb0ed2fd-114e-45ae-8eed-646a0cbf6e70,baochinhphu_vn,https://baochinhphu.vn/de-xuat-nang-cap-ql1-doan-ha-noi-bac-giang-thanh-duong-cao-toc-8-lan-xe-102260518010015304.htm,scrapy_pipeline,AccessControlDetected,paywall=False login=False captcha=True,2026-05-18 12:45:46.747302
b04fcc9f-3676-4fa6-aea6-70122d499ebf,kyivindependent_com,https://kyivindependent.com/general-staff-russia-has-lost-1-350-010-troops-in-ukraine-since-feb-24-2022/,scrapy_pipeline,AccessControlDetected,paywall=False login=False captcha=True,2026-05-18 12:45:46.968131
94ad4954-3117-4dc6-bc13-44de64ef977f,lanacion_com_ar,https://www.lanacion.com.ar/ciencia/el-rayo-de-la-muerte-de-arquimedes-lo-que-descubrio-un-estudiante-de-13-anos-que-nadie-esperaba-nid17052026/,scrapy_pipeline,AccessControlDetected,paywall=False login=False captcha=True,2026-05-18 12:45:47.258973
abec2c00-2281-4e69-a71a-b0d7de6277c3,wikidata_org,https://www.wikidata.org/wiki/Special:Random/Lexeme,scrapy_fetch,FetchError,IgnoreRequest('Forbidden by robots.txt'),2026-05-18 12:45:47.496125
10f6c29d-c23b-40c5-adf1-74d9df774c50,rnz_co_nz,https://www.rnz.co.nz/news/indonz,scrapy_pipeline,NotToday,published_at outside target calendar window,2026-05-18 12:45:47.837439
4e3a3f95-f836-48ed-a015-83c6754d75ec,wikidata_org,https://www.wikidata.org/wiki/Special:RecentChanges?namespace=146%3B147,scrapy_fetch,FetchError,IgnoreRequest('Forbidden by robots.txt'),2026-05-18 12:45:47.918167
8c842768-30ee-40d2-b528-7702d7df6964,indianexpress_com,https://indianexpress.com/article/cities/chandigarh/aap-mp-malvinder-singh-kang-eci-punjab-voter-list-revision-nri-deletion-bjp-10694968/,scrapy_pipeline,AccessControlDetected,paywall=False login=False captcha=True,2026-05-18 12:45:48.170168
2c090f1d-0b75-4e3f-a381-f40cc4265891,ons_gov_uk,https://www.ons.gov.uk/employmentandlabourmarket/peoplenotinwork,scrapy_pipeline,NotToday,published_at outside target calendar window,2026-05-18 12:45:48.357826
43e1e3fd-95aa-4c3a-8a62-8a411316f4d4,english_www_gov_cn,https://english.www.gov.cn/policies/featured/202511/06/content_WS676548cbc6d0868f4e8ee28f.html,scrapy_pipeline,NotToday,published_at outside target calendar window,2026-05-18 12:45:48.483670
494bb260-b263-466a-9ef2-87b6e0b199aa,timesofisrael_com,https://www.timesofisrael.com/latest/,scrapy_pipeline,AccessControlDetected,paywall=False login=False captcha=True,2026-05-18 12:45:48.848330
af9f44d0-473e-446a-9690-bf2664e6cfdc,moea_gov_tw,https://www.moea.gov.tw/Mns/english/content/ContentMenu2.aspx?menu_id=234,scrapy_pipeline,NotToday,published_at outside target calendar window,2026-05-18 12:45:49.111692
a93f9ad8-5a9f-46f2-9322-5e74306b2490,english_mofcom_gov_cn,https://english.mofcom.gov.cn/Statistics/ForeignTradeCooperation/art/2024/art_0a187aacb50e476880c598e41da85444.html,scrapy_pipeline,NotToday,published_at outside target calendar window,2026-05-18 12:45:49.406835
8f55410c-1aa5-4242-bd2a-dfd43f3ac283,clinicaltrials_gov,https://clinicaltrials.gov/policy,scrapy_pipeline,NotToday,published_at outside target calendar window,2026-05-18 12:45:49.781040
e8b0c2c2-ea88-4e3b-bc80-43b920f5a290,boj_or_jp,https://www.boj.or.jp/en/mopo/outline/bpreview/index.htm,scrapy_pipeline,NotToday,published_at outside target calendar window,2026-05-18 12:45:50.055531
25e19274-d653-433c-b246-73be4d52b501,mas_gov_sg,https://www.mas.gov.sg/subscription-services,scrapy_pipeline,NotToday,published_at outside target calendar window,2026-05-18 12:45:50.456770
9081f3e0-cad1-4068-91ae-45796d14c182,imf_org,https://www.imf.org/en/research/research-perspectives,scrapy_pipeline,AccessControlDetected,paywall=False login=False captcha=True,2026-05-18 12:45:51.062076
5f83e284-b238-49f3-a83c-f38ae9dfe191,thanhnien_vn,https://thanhnien.vn/microsoft-thua-nhan-diem-gay-kho-chiu-nhat-tren-windows-11-185260517213653083.htm,scrapy_pipeline,AccessControlDetected,paywall=False login=False captcha=True,2026-05-18 12:45:51.222461
e3e03b6a-97ed-467e-b623-47ffe176cb76,todayonline_com,https://www.channelnewsasia.com/today,scrapy_pipeline,NotToday,published_at outside target calendar window,2026-05-18 12:45:51.631611
42b8a52d-ecb4-4384-aa55-9c32ac02683b,banxico_org_mx,https://www.banxico.org.mx/ConsultaRegulacionWeb/,scrapy_pipeline,NotToday,published_at outside target calendar window,2026-05-18 12:45:52.049213
fbeee49f-7aac-42eb-965b-cc279b798e50,ons_gov_uk,https://www.ons.gov.uk/employmentandlabourmarket/peopleinwork,scrapy_pipeline,NotToday,published_at outside target calendar window,2026-05-18 12:45:52.202862
cf873541-f1c4-4f1d-988e-9c5144ba6db4,tadawulgroup_sa,https://www.tadawulgroup.sa/wps/portal/tadawulgroup/contactus/previous_awards?locale=en,scrapy_pipeline,NotToday,published_at outside target calendar window,2026-05-18 12:45:52.736005
fc5c003d-1f20-47af-bc48-31dce9ab4a51,tuoitre_vn,https://tuoitre.vn/phim-cua-tai-tu-hwang-jung-min-jo-in-sung-gay-chan-dong-cannes-20260518102931541.htm,scrapy_pipeline,AccessControlDetected,paywall=False login=False captcha=True,2026-05-18 12:45:53.004780
c62034de-2977-453a-bb9d-f0452b32a432,wikidata_org,https://www.wikidata.org/wiki/Special:SpecialPages,scrapy_fetch,FetchError,IgnoreRequest('Forbidden by robots.txt'),2026-05-18 12:45:53.251964
c00d4698-604e-4fa7-b468-1fdac1bd80f8,wikidata_org,https://www.wikidata.org/wiki/Special:NewLexeme,scrapy_fetch,FetchError,IgnoreRequest('Forbidden by robots.txt'),2026-05-18 12:45:53.319264
e1a2187a-9382-4d9d-998f-26613c28bf43,cbr_ru,https://www.cbr.ru/eng/ckki/news/,scrapy_pipeline,NotToday,published_at outside target calendar window,2026-05-18 12:45:53.879776
fcffb1a9-418e-4489-82cb-4b63a94c9892,ons_gov_uk,https://www.ons.gov.uk/employmentandlabourmarket,scrapy_pipeline,NotToday,published_at outside target calendar window,2026-05-18 12:45:54.050050
ca63ab97-0ca9-4e32-84d6-98cb6f4156e2,ema_europa_eu,https://www.ema.europa.eu/en/news,scrapy_pipeline,NotToday,published_at outside target calendar window,2026-05-18 12:45:54.230119
69982d9c-07ec-45d6-94eb-70050406f3bc,afdb_org,https://www.afdb.org/en/countries/west-africa/cabo-verde,scrapy_pipeline,NotToday,published_at outside target calendar window,2026-05-18 12:45:54.398911
bb706550-3453-4c2d-a002-1183bb3cace0,federalreserve_gov,https://www.federalreserve.gov/aboutthefed/currency.htm,scrapy_pipeline,NotToday,published_at outside target calendar window,2026-05-18 12:45:54.564990
dbb38117-0b7c-4cce-8608-60b30531b3a8,wikidata_org,https://www.wikidata.org/wiki/Special:MyLanguage/Help:Contents,scrapy_fetch,FetchError,IgnoreRequest('Forbidden by robots.txt'),2026-05-18 12:45:54.707631
b604b299-61f8-45d9-a4e5-73b29c4cce9c,english_www_gov_cn,https://english.www.gov.cn/archive/202601/05/content_WS695bc53fc6d00ca5f9a086cc.html,scrapy_pipeline,NotToday,published_at outside target calendar window,2026-05-18 12:45:54.854181
a165bc9f-1cc1-47af-9c0a-d1d748266cc4,almasryalyoum_com,https://www.almasryalyoum.com/section/index/162,scrapy_pipeline,AccessControlDetected,paywall=False login=False captcha=True,2026-05-18 12:45:55.073548
c32346cc-4e26-41a5-b5f6-c3868374bff2,ons_gov_uk,https://www.ons.gov.uk/economy/regionalaccounts,scrapy_pipeline,NotToday,published_at outside target calendar window,2026-05-18 12:45:55.209885
1fa715fd-b95a-4088-8786-dd1b0caa06d3,wikidata_org,https://www.wikidata.org/wiki/Special:Random/Main,scrapy_fetch,FetchError,IgnoreRequest('Forbidden by robots.txt'),2026-05-18 12:45:55.308207
d3a940e4-c304-4439-902f-8a6fc26ae910,wikidata_org,https://www.wikidata.org/wiki/Special:Nearby,scrapy_fetch,FetchError,IgnoreRequest('Forbidden by robots.txt'),2026-05-18 12:45:55.396337
383d2b37-942a-4b43-9a3e-6a8f45158846,moea_gov_tw,https://www.moea.gov.tw/Mns/english/content/ContentMenu.aspx?menu_id=32917,scrapy_pipeline,NotToday,published_at outside target calendar window,2026-05-18 12:45:55.575604
19d8b4ec-34f4-4542-a2fc-60139372cea4,english_www_gov_cn,https://english.www.gov.cn/archive/202303/28/content_WS64227cbfc6d0f528699dc56b.html,scrapy_pipeline,NotToday,published_at outside target calendar window,2026-05-18 12:45:55.702340
5ec8d1af-9a64-4472-a15f-b4e9dfa14f53,wikidata_org,https://www.wikidata.org/wiki/Special:RecentChanges,scrapy_fetch,FetchError,IgnoreRequest('Forbidden by robots.txt'),2026-05-18 12:45:55.796449
cd6dd46f-4ff2-4d43-9349-35c13e907cfa,wikidata_org,https://www.wikidata.org/wiki/Special:NewItem,scrapy_fetch,FetchError,IgnoreRequest('Forbidden by robots.txt'),2026-05-18 12:45:55.895878
a2ae99af-4ded-4372-8ea1-aff2c6b5e471,boj_or_jp,https://www.boj.or.jp/en/mopo/outline/target.htm,scrapy_pipeline,NotToday,published_at outside target calendar window,2026-05-18 12:45:56.058914
3187ebb9-fe39-4f01-af44-c16508654911,ons_gov_uk,https://www.ons.gov.uk/economy/nationalaccounts,scrapy_pipeline,NotToday,published_at outside target calendar window,2026-05-18 12:45:56.420280
ef600eae-4c6f-44f8-8856-1aa36ab9703e,timesofisrael_com,https://www.timesofisrael.com/local/,scrapy_pipeline,AccessControlDetected,paywall=False login=False captcha=True,2026-05-18 12:45:56.566032
5741b4e2-5047-4a36-9ce9-79d24602c8e6,english_mofcom_gov_cn,https://english.mofcom.gov.cn/Statistics/ForeignTradeCooperation/art/2024/art_3acb85a749c246ae83b086121af960cd.html,scrapy_pipeline,NotToday,published_at outside target calendar window,2026-05-18 12:45:56.651296
aa0a7cf0-b734-4faa-b34a-efb3a8cbdb9a,rnz_co_nz,https://www.rnz.co.nz/news/weather,scrapy_pipeline,NotToday,published_at outside target calendar window,2026-05-18 12:45:56.940208
93d1480d-80ef-4369-a078-0ec9a980f42f,news24_com,https://www.news24.com/auth/signin,scrapy_pipeline,AccessControlDetected,paywall=False login=False captcha=True,2026-05-18 12:45:57.067178
690ad4fc-c994-4689-9da1-5bbd6b8894b5,agenciadenoticias_ibge_gov_br,https://agenciadenoticias.ibge.gov.br/en/agencia-news.html?editoria=geociencias,scrapy_pipeline,HttpError,status=403,2026-05-18 12:45:57.297020
4f6bf8b6-b20d-4991-a1a7-74eb42766e8e,csrc_gov_cn,http://www.csrc.gov.cn,scrapy_pipeline,NotToday,published_at outside target calendar window,2026-05-18 12:45:57.754823
40739f10-4fa5-44e2-b6b4-5c8bf0f6f27c,tadawulgroup_sa,https://www.tadawulgroup.sa/wps/portal/tadawulgroup/contactus/awards?locale=en,scrapy_pipeline,NotToday,published_at outside target calendar window,2026-05-18 12:45:57.980152
d46d45c8-445d-4da9-b1d7-c8ae055dae7f,ons_gov_uk,https://www.ons.gov.uk/economy/investmentspensionsandtrusts,scrapy_pipeline,NotToday,published_at outside target calendar window,2026-05-18 12:45:58.416384
65114060-6023-406b-abf9-d7390ada9330,mas_gov_sg,https://www.mas.gov.sg/contact-us,scrapy_pipeline,NotToday,published_at outside target calendar window,2026-05-18 12:45:58.764382
160fdf04-03f5-4086-8878-9b4dd28b6c54,twse_com_tw,https://www.twse.com.tw/TIB/en/mechanism.html,scrapy_pipeline,NotToday,published_at outside target calendar window,2026-05-18 12:45:58.941317
f2ef1315-97e0-4b39-b82a-545925d7ce82,news_ycombinator_com,https://www.youtube.com/watch?v=1OIxzewWilc,scrapy_pipeline,AccessControlDetected,paywall=False login=False captcha=True,2026-05-18 12:45:59.107811
b768dfe6-8ff5-4392-a9d4-ffe9b9cc4159,banxico_org_mx,https://www.banxico.org.mx/SieInternet/consultarDirectorioInternetAction.do?sector=8&accion=consultarCuadro&idCuadro=CP150&locale=es,scrapy_pipeline,NotToday,published_at outside target calendar window,2026-05-18 12:45:59.267059
5125a8b3-246a-4236-b41b-0cb92d96c57f,wikidata_org,https://www.wikidata.org/wiki/Special:MyLanguage/Project:Community_portal,scrapy_fetch,FetchError,IgnoreRequest('Forbidden by robots.txt'),2026-05-18 12:45:59.507501
93b95599-01a5-4dc4-a529-daed68230eb2,mof_go_jp,https://www.mof.go.jp/english/application-contact/e-service/index.htm,scrapy_pipeline,NotToday,published_at outside target calendar window,2026-05-18 12:45:59.616443
fa9be2ca-b56b-4715-bb2b-3b0d78eb3121,nytimes_com,https://www.nytimes.com/2026/05/17/us/planes-crash-gunfighter-skies-show.html,scrapy_pipeline,AccessControlDetected,paywall=False login=False captcha=True,2026-05-18 12:45:59.761121
10e11155-d0e9-4e34-916f-7277aabaad39,nytimes_com,https://www.nytimes.com/2026/05/17/obituaries/beverley-martyn-dead.html,scrapy_pipeline,AccessControlDetected,paywall=False login=False captcha=True,2026-05-18 12:45:59.903019
54927529-c3ee-4aab-878b-b694948bf872,cbr_ru,https://www.cbr.ru/eng/finm_infrastructure/,scrapy_pipeline,NotToday,published_at outside target calendar window,2026-05-18 12:46:00.250082
ba1b84c4-baf0-42eb-9dea-a5b83cd94227,imf_org,https://www.imf.org/en/publications/search,scrapy_pipeline,AccessControlDetected,paywall=False login=False captcha=True,2026-05-18 12:46:00.393285
dc9710b6-c9b5-4195-80d7-9beb9b15ccc4,ema_europa_eu,https://www.ema.europa.eu/en/news-events,scrapy_pipeline,NotToday,published_at outside target calendar window,2026-05-18 12:46:00.704622
ee4ce777-b0a6-44fe-a873-d5bfd81e153c,afdb_org,https://www.afdb.org/en/countries/west-africa/burkina-faso,scrapy_pipeline,NotToday,published_at outside target calendar window,2026-05-18 12:46:00.879622
9cfc3265-baaf-47d1-9fe1-905a4d6ec59d,rnz_co_nz,https://www.rnz.co.nz/news/country,scrapy_pipeline,NotToday,published_at outside target calendar window,2026-05-18 12:46:01.162287
17345249-37ec-4239-8b4f-e60cc6996798,federalreserve_gov,https://www.federalreserve.gov/aboutthefed/fract.htm,scrapy_pipeline,NotToday,published_at outside target calendar window,2026-05-18 12:46:01.355351
15c269f4-24cf-464d-8746-476e3d27657b,smh_com_au,https://www.smh.com.au/business/markets/asx-set-to-retreat-as-tech-stocks-rising-oil-prices-weigh-on-wall-street-20260518-p5zxy4.html?ref=rss&utm_medium=rss&utm_source=rss_feed,scrapy_fetch,FetchError,IgnoreRequest('Forbidden by robots.txt'),2026-05-18 12:46:01.419063
51c583bf-7bb4-479e-9e4f-007064998f18,smh_com_au,https://www.smh.com.au/national/former-carlton-boss-defamation-trial-begins-20260518-p5zyhi.html?ref=rss&utm_medium=rss&utm_source=rss_feed,scrapy_fetch,FetchError,IgnoreRequest('Forbidden by robots.txt'),2026-05-18 12:46:01.508039
d8ceabee-9817-4b48-8655-651cca458cd8,banxico_org_mx,https://www.banxico.org.mx/SieInternet/consultarDirectorioInternetAction.do?sector=8&accion=consultarCuadro&idCuadro=CP151&locale=es,scrapy_pipeline,NotToday,published_at outside target calendar window,2026-05-18 12:46:01.769342
ef8d1ca2-9f99-4121-9c57-0ce1112477f7,europarl_europa_eu,https://the-secretary-general.europarl.europa.eu/en,scrapy_pipeline,NotToday,published_at outside target calendar window,2026-05-18 12:46:02.087023
5137d70a-d227-4459-b5fb-c547f893bfdf,news24_com,https://www.news24.com/subscription,scrapy_pipeline,AccessControlDetected,paywall=False login=False captcha=True,2026-05-18 12:46:02.593545
2daa2cdb-17cd-452e-85b6-7efa2cb6f832,mof_go_jp,https://www.mof.go.jp/english/application-contact/index.html,scrapy_pipeline,NotToday,published_at outside target calendar window,2026-05-18 12:46:02.691977
e210ff85-edf5-4c24-b802-83a7d1c533a5,ema_europa_eu,https://www.ema.europa.eu/en/committees/working-parties-other-groups,scrapy_pipeline,NotToday,published_at outside target calendar window,2026-05-18 12:46:02.866978
650a8b85-6f67-4268-aa58-fd87c85b8994,cbr_ru,https://www.cbr.ru/eng/microfinance/,scrapy_pipeline,NotToday,published_at outside target calendar window,2026-05-18 12:46:03.174384
c21c3851-fd68-4b4f-b002-60f8e5b941cf,news24_com,https://www.news24.com/jobs,scrapy_pipeline,AccessControlDetected,paywall=False login=False captcha=True,2026-05-18 12:46:03.490816
deefa7d9-94f6-429e-8e43-3e6e8a95b93d,smh_com_au,https://www.smh.com.au/national/woman-held-at-knifepoint-in-shocking-early-morning-carjacking-20260518-p5zyhh.html?ref=rss&utm_medium=rss&utm_source=rss_feed,scrapy_fetch,FetchError,IgnoreRequest('Forbidden by robots.txt'),2026-05-18 12:46:03.652261
c4d3e4aa-5ac1-4c5c-9424-9bbd8cc1896b,wikidata_org,https://www.wikidata.org/wiki/Wikidata:Project_chat,scrapy_pipeline,AccessControlDetected,paywall=False login=False captcha=True,2026-05-18 12:46:04.869456
87f0f489-27d8-46ff-adc0-1feeda74cf2e,mof_go_jp,https://www.mof.go.jp/english/statistics/index.html,scrapy_pipeline,NotToday,published_at outside target calendar window,2026-05-18 12:46:04.996831
97fc6171-a66f-4b0b-8dee-d06a76fa11d8,almasryalyoum_com,https://www.almasryalyoum.com/section/index/622,scrapy_pipeline,AccessControlDetected,paywall=False login=False captcha=True,2026-05-18 12:46:05.248308
91c9b11b-717d-4de7-beee-52b6416f5551,english_mofcom_gov_cn,https://english.mofcom.gov.cn/Statistics/ForeignTradeCooperation/art/2024/art_c0da9e3d73164a05917e04efeb90cb90.html,scrapy_pipeline,NotToday,published_at outside target calendar window,2026-05-18 12:46:05.386725
34255416-268e-4145-8d40-7aa6cdf8af0d,dailymaverick_co_za,https://www.dailymaverick.co.za/article/2026-05-18-samsung-electronics-and-its-south-korean-union-resume-pay-talks-as-strike-risks-loom/,scrapy_pipeline,AccessControlDetected,paywall=False login=False captcha=True,2026-05-18 12:46:05.497134
0237d0af-5909-4c5f-84ed-440e77b81bca,moea_gov_tw,https://www.moea.gov.tw/Mns/english/content/ContentMenu.aspx?menu_id=32756,scrapy_pipeline,NotToday,published_at outside target calendar window,2026-05-18 12:46:05.601079
e8c27e9d-0e88-46bc-a1a0-2416f53eeb01,todayonline_com,https://www.channelnewsasia.com/commentary,scrapy_pipeline,NotToday,published_at outside target calendar window,2026-05-18 12:46:06.210670
43e52f53-30d9-49a3-b0dd-06d1c16c29cf,cbc_gov_tw,https://www.cbc.gov.tw/tw/np-1004-1.html,scrapy_pipeline,ShortContent,length=0 min=80,2026-05-18 12:46:06.643073
18c1bfaa-91c6-4af3-8f44-dc050cc4f1b1,smh_com_au,https://www.smh.com.au/national/man-fighting-for-life-after-sydney-stabbing-20260518-p5zyhk.html?ref=rss&utm_medium=rss&utm_source=rss_feed,scrapy_fetch,FetchError,IgnoreRequest('Forbidden by robots.txt'),2026-05-18 12:46:06.741655
b64fe4d9-6342-43de-82ca-c39b086bcd81,asean_org,https://asean.org/secretary-general-of-asean-to-undertake-working-visit-to-timor-leste-on-the-sidelines-of-the-24th-anniversary-of-the-restoration-of-independence-of-the-democratic-republic-of-timor-leste/,scrapy_fetch,FetchError,HttpError('Ignoring non-200 response'),2026-05-18 12:46:07.019571
b10d2ace-d90f-4181-b5c3-0442c8de15c2,motie_go_kr,https://www.motie.go.kr/eng,scrapy_pipeline,ShortContent,length=31 min=80,2026-05-18 12:46:07.107647
3be7d39a-4209-4ead-8b02-23d0d9722a93,english_www_gov_cn,https://english.www.gov.cn/statecouncil/202303/12/content_WS5f334b75c6d029c1c26379c3.html,scrapy_pipeline,NotToday,published_at outside target calendar window,2026-05-18 12:46:07.355902
b8fb5291-4c0d-4a14-aec7-69ad01aef938,theguardian_com,https://www.theguardian.com/books/2026/may/18/said-the-dead-by-doireann-ni-ghriofa-review-lost-voices-from-an-irish-asylum,scrapy_pipeline,AccessControlDetected,paywall=False login=False captcha=True,2026-05-18 12:46:07.495762
5e969954-1fac-4c19-a20b-cf62ce0e9750,boj_or_jp,https://www.boj.or.jp/en/mopo/outline/index.htm,scrapy_pipeline,NotToday,published_at outside target calendar window,2026-05-18 12:46:08.291509
f9c5afb8-b2a2-4d5f-b42a-e18bd6458cf1,politico_eu,https://www.politico.eu/article/edouard-philippe-can-he-become-frances-next-president/?utm_source=RSS_Feed&utm_medium=RSS&utm_campaign=RSS_Syndication,scrapy_pipeline,AccessControlDetected,paywall=False login=False captcha=True,2026-05-18 12:46:08.401002
fc46fc12-f79c-4316-9a9f-9e5d6a307d98,independent_co_uk,https://www.independent.co.uk/news/china-donald-trump-beijing-xi-jinping-white-house-b2978358.html,scrapy_pipeline,AccessControlDetected,paywall=False login=False captcha=True,2026-05-18 12:46:08.531629
36310d66-eb1c-4840-b38d-7c7340d8a0c5,twse_com_tw,https://www.twse.com.tw/TIB/en/requirement.html,scrapy_pipeline,NotToday,published_at outside target calendar window,2026-05-18 12:46:08.756481
bcc1b204-3e1d-4cb4-8e42-e82cb124a7c9,imf_org,https://www.imf.org/en/publications/sprolls/staff-discussion-notes,scrapy_pipeline,AccessControlDetected,paywall=False login=False captcha=True,2026-05-18 12:46:08.910865
c7dbe502-180e-410f-9318-48e1b549fbf0,almasryalyoum_com,https://www.almasryalyoum.com/section/index/142,scrapy_pipeline,AccessControlDetected,paywall=False login=False captcha=True,2026-05-18 12:46:09.148114
84738058-6e3b-458b-8af4-b9c4582635fc,lanacion_com_ar,https://www.lanacion.com.ar/economia/desde-la-llegada-de-milei-cerraron-24437-empresas-y-la-caida-ya-supera-a-la-de-la-pandemia-nid17052026/,scrapy_pipeline,AccessControlDetected,paywall=False login=False captcha=True,2026-05-18 12:46:09.508352
b220f550-1607-46ae-bccd-9371ba319c98,timesofisrael_com,https://www.timesofisrael.com/the-blogs-edition/,scrapy_pipeline,AccessControlDetected,paywall=False login=False captcha=True,2026-05-18 12:46:10.130210
82b9c783-173b-43d8-91eb-9631d0fb232f,scmp_com,https://www.scmp.com/opinion/comment/article/3353729/us-must-ensure-equal-legal-protection-all-scholars-including-chinese?utm_source=rss_feed,scrapy_pipeline,AccessControlDetected,paywall=False login=False captcha=True,2026-05-18 12:46:10.297010
a082b474-ace7-4218-85b2-7c7076986e6b,boj_or_jp,https://www.boj.or.jp/en/mopo/index.htm,scrapy_pipeline,NotToday,published_at outside target calendar window,2026-05-18 12:46:10.638603
d97b431b-e0b3-4a78-bc07-f6ee2668f64c,tadawulgroup_sa,https://www.tadawulgroup.sa/wps/portal/tadawulgroup/contactus/scmf_main_page?locale=en,scrapy_pipeline,NotToday,published_at outside target calendar window,2026-05-18 12:46:10.814195
c198a3bf-2999-4e92-9d18-a38e2869f10f,smh_com_au,https://www.smh.com.au/national/victoria/it-took-this-to-get-the-truth-rugby-australia-misled-rebels-over-their-future-court-hears-20260518-p5zy32.html?ref=rss&utm_medium=rss&utm_source=rss_feed,scrapy_fetch,FetchError,IgnoreRequest('Forbidden by robots.txt'),2026-05-18 12:46:10.885599
b71257eb-668f-4aac-ac1f-3bb3dce82444,smh_com_au,https://www.smh.com.au/national/queensland/enough-to-blow-you-off-your-feet-wind-howled-before-dad-crushed-in-scaffolding-tragedy-20260518-p5zyfy.html?ref=rss&utm_medium=rss&utm_source=rss_feed,scrapy_fetch,FetchError,IgnoreRequest('Forbidden by robots.txt'),2026-05-18 12:46:10.952584
bfc01089-05d8-49a3-89fd-3cae58f45d5a,fsc_go_kr,https://www.fsc.go.kr/eng/index,scrapy_pipeline,NotToday,published_at outside target calendar window,2026-05-18 12:46:11.235598
09c54255-810c-49db-abb8-da4565cc5402,smh_com_au,https://www.smh.com.au/business/companies/aguia-gets-green-light-kicks-off-brazilian-phosphate-mine-20260518-p5zyhj.html?ref=rss&utm_medium=rss&utm_source=rss_feed,scrapy_fetch,FetchError,IgnoreRequest('Forbidden by robots.txt'),2026-05-18 12:46:11.319488
cfef9476-6297-47a6-9f9f-86a0922fcb0c,ons_gov_uk,https://www.ons.gov.uk/economy/inflationandpriceindices,scrapy_pipeline,NotToday,published_at outside target calendar window,2026-05-18 12:46:11.566665
f67dc01e-6011-468f-b72b-1a86692af944,indianexpress_com,https://indianexpress.com/article/cities/delhi/india-africa-big-cat-summits-bharat-mandapam-traffic-police-taxis-google-map-10694969/,scrapy_pipeline,AccessControlDetected,paywall=False login=False captcha=True,2026-05-18 12:46:11.779821
0fba60d3-0e5f-4c8d-88d2-3ca1ea861956,afdb_org,https://www.afdb.org/en/countries/west-africa/benin,scrapy_pipeline,HttpError,status=403,2026-05-18 12:46:12.230081
ea5668fa-a456-400e-839f-4aa6e03a551a,agenciadenoticias_ibge_gov_br,https://agenciadenoticias.ibge.gov.br/en/agencia-news.html?editoria=sociais,scrapy_pipeline,HttpError,status=403,2026-05-18 12:46:12.297365
aa4f966c-0703-4105-ad75-fa7b1b195481,kyivindependent_com,https://kyivindependent.com/zelenskys-ex-chief-of-staff-released-on-over-3-million-bail-amid-major-corruption-probe/,scrapy_pipeline,AccessControlDetected,paywall=False login=False captcha=True,2026-05-18 12:46:12.507106
a89588d9-e02e-4046-b233-2d641df10f63,banxico_org_mx,https://www.banxico.org.mx/SieInternet/consultarDirectorioInternetAction.do?sector=4&accion=consultarCuadro&idCuadro=CF106&locale=es,scrapy_pipeline,NotToday,published_at outside target calendar window,2026-05-18 12:46:12.891219
927043f4-6b6b-44b3-8b06-6992d9a8cabf,smh_com_au,https://www.smh.com.au/national/nsw/a-negative-hearing-on-negative-gearing-plans-for-change-20260518-p5zxzp.html?ref=rss&utm_medium=rss&utm_source=rss_feed,scrapy_fetch,FetchError,IgnoreRequest('Forbidden by robots.txt'),2026-05-18 12:46:13.153039
f53fc3bd-419a-4213-8864-0a4616612c87,smh_com_au,https://www.smh.com.au/world/north-america/rededicate-our-nation-back-to-god-trump-backed-prayer-rally-delivers-for-true-believers-20260518-p5zybt.html?ref=rss&utm_medium=rss&utm_source=rss_feed,scrapy_fetch,FetchError,IgnoreRequest('Forbidden by robots.txt'),2026-05-18 12:46:13.241434
13a2b798-7f29-4ced-8e77-df688229b956,europarl_europa_eu,https://www.europarl.europa.eu/delegations/en/home,scrapy_pipeline,NotToday,published_at outside target calendar window,2026-05-18 12:46:13.636296
ae59faf2-1253-4d0e-a44a-cbb5492dd111,ons_gov_uk,https://www.ons.gov.uk/economy/grossvalueaddedgva,scrapy_pipeline,NotToday,published_at outside target calendar window,2026-05-18 12:46:13.881719
d380683c-b355-40e6-9163-bee789e34be9,english_mofcom_gov_cn,https://english.mofcom.gov.cn/Statistics/ForeignTradeCooperation/art/2024/art_2358b798c5264a7bbbe89f882258751a.html,scrapy_pipeline,NotToday,published_at outside target calendar window,2026-05-18 12:46:14.397173
757566cb-603f-43e3-a4c4-19e74cc9643d,federalreserve_gov,https://www.federalreserve.gov/aboutthefed/directors/about.htm,scrapy_pipeline,NotToday,published_at outside target calendar window,2026-05-18 12:46:14.554974
041a1e22-74c7-439b-9902-99c4932cc12a,theguardian_com,https://www.theguardian.com/books/2026/may/18/smallie-by-eden-mckenzie-goddard-review-the-stories-behind-the-windrush-scandal,scrapy_pipeline,AccessControlDetected,paywall=False login=False captcha=True,2026-05-18 12:46:14.664065
db93ca48-216f-4805-8a3b-8238fcef62b7,independent_co_uk,https://www.independent.co.uk/arts-entertainment/tv/news/adam-driver-lena-dunham-memoir-girls-cannes-b2978357.html,scrapy_pipeline,AccessControlDetected,paywall=False login=False captcha=True,2026-05-18 12:46:14.918926
043b1e20-e283-4746-bdc2-331dee0d1179,rnz_co_nz,https://www.rnz.co.nz/news/te-manu-korihi,scrapy_pipeline,NotToday,published_at outside target calendar window,2026-05-18 12:46:15.239582
0ecbe407-5a6d-4ba4-b3c7-320eb84d88c6,english_www_gov_cn,https://english.www.gov.cn/Homepage/202303/13/content_WS641d0809c6d0f528699dc0a9.html,scrapy_pipeline,NotToday,published_at outside target calendar window,2026-05-18 12:46:15.362007
ceb57e0c-01ea-4103-b0fc-5aa75e04127b,moea_gov_tw,https://www.moea.gov.tw/Mns/english/content/ContentMenu.aspx?menu_id=32992,scrapy_pipeline,NotToday,published_at outside target calendar window,2026-05-18 12:46:15.744502
d0163f75-bf1b-4120-8d96-9134d3cbf07c,politico_eu,https://www.politico.eu/podcast/berlin-playbook-podcast/warum-sich-markus-soder-mal-wieder-neu-erfindet/?utm_source=RSS_Feed&utm_medium=RSS&utm_campaign=RSS_Syndication,scrapy_pipeline,AccessControlDetected,paywall=False login=False captcha=True,2026-05-18 12:46:15.908776
57a19019-fdca-4644-9341-8d294551e56f,dailymaverick_co_za,https://www.dailymaverick.co.za/article/2026-05-18-no-nonsense-nutrition-a-science-based-plan-to-transform-health/,scrapy_pipeline,AccessControlDetected,paywall=False login=False captcha=True,2026-05-18 12:46:16.036194
d642af04-643f-47e1-84d8-1e38888f2348,baochinhphu_vn,https://baochinhphu.vn/khai-mac-cuoc-thi-tai-nang-dien-vien-cai-luong-toan-quoc-nam-2026-102260518112627591.htm,scrapy_pipeline,AccessControlDetected,paywall=False login=False captcha=True,2026-05-18 12:46:16.187511
14f9f3ac-9691-4640-b146-f42805e0c00f,lanacion_com_ar,https://www.lanacion.com.ar/estados-unidos/texas/empleos-de-alta-demanda-en-texas-abbott-impulsa-700-nuevos-trabajadores-en-enfermeria-soldadura-y-nid17052026/,scrapy_pipeline,AccessControlDetected,paywall=False login=False captcha=True,2026-05-18 12:46:16.370380
f278a235-d249-4c4c-913d-9a88389f9b0a,indianexpress_com,https://indianexpress.com/article/education/maharashtra-cet-2026-after-tighten-rules-state-nri-quota-admissions-drops-10694987/,scrapy_pipeline,AccessControlDetected,paywall=False login=False captcha=True,2026-05-18 12:46:16.971639
2bd900bd-499d-4d5b-89a7-992a363e3390,csrc_gov_cn,http://www.csrc.gov.cn/csrc/c100028/c7616846/content.shtml,scrapy_pipeline,NotToday,published_at outside target calendar window,2026-05-18 12:46:17.086194
834099e0-cf5b-4b58-9dbd-a1e5a957cd52,fred_stlouisfed_org,https://fred.stlouisfed.org/docs/api/fred/,scrapy_pipeline,NotToday,published_at outside target calendar window,2026-05-18 12:46:17.315789
3f849c4f-55b9-4fb0-8770-687b724d4719,cbr_ru,https://www.cbr.ru/eng/issuers_corporate/,scrapy_pipeline,NotToday,published_at outside target calendar window,2026-05-18 12:46:17.477032
9c43ea41-0993-4e16-b707-25fee1310bad,news24_com,https://www.news24.com/southafrica,scrapy_pipeline,AccessControlDetected,paywall=False login=False captcha=True,2026-05-18 12:46:17.831093
ad3cc682-dd2d-4778-be9a-521ae76b566d,moea_gov_tw,https://www.moea.gov.tw/Mns/english/content/ContentMenu.aspx?menu_id=214,scrapy_pipeline,NotToday,published_at outside target calendar window,2026-05-18 12:46:18.043206
39d69a7c-f2a1-48b8-bb88-d670e346d681,ons_gov_uk,https://www.ons.gov.uk/economy/grossdomesticproductgdp,scrapy_pipeline,NotToday,published_at outside target calendar window,2026-05-18 12:46:18.255222
ff215559-8b24-4a16-9022-ec44750eed0d,kyivindependent_com,https://kyivindependent.com/at-least-killed-injured-in-russian-attacks-across-ukraine-over-past-day/,scrapy_pipeline,AccessControlDetected,paywall=False login=False captcha=True,2026-05-18 12:46:18.509999
87e02494-093f-4906-a6ba-741d9621eea9,banxico_org_mx,https://www.banxico.org.mx/SieInternet/consultarDirectorioInternetAction.do?sector=6&accion=consultarCuadro&idCuadro=CF102&locale=es,scrapy_pipeline,NotToday,published_at outside target calendar window,2026-05-18 12:46:19.229242
2ca0d600-bb2b-48b7-acb9-54cb9e5557a9,thanhnien_vn,https://thanhnien.vn/dam-gio-mien-tay-co-1-khong-2-dai-tiec-kieu-bang-chuyen-tren-mat-nuoc-185260518104914806.htm,scrapy_pipeline,AccessControlDetected,paywall=False login=False captcha=True,2026-05-18 12:46:19.470507
708ae5c1-d63d-49f9-a1c2-13cbfb1e3972,banxico_org_mx,https://www.banxico.org.mx/SieInternet/consultarDirectorioInternetAction.do?sector=22&accion=consultarCuadro&idCuadro=CF107&locale=es,scrapy_pipeline,NotToday,published_at outside target calendar window,2026-05-18 12:46:20.297248
b09bdb95-5be8-4277-9d96-69d9613780a1,todayonline_com,https://www.channelnewsasia.com/world,scrapy_pipeline,NotToday,published_at outside target calendar window,2026-05-18 12:46:20.815654
96600734-2ab2-41e0-9757-9d5d4477382c,federalreserve_gov,https://www.federalreserve.gov/aboutthefed/advisorydefault.htm,scrapy_pipeline,NotToday,published_at outside target calendar window,2026-05-18 12:46:21.036253
ed7ea9a7-181e-48d7-99b5-7f1ec5c8fb68,federalreserve_gov,https://www.federalreserve.gov/aboutthefed/federal-reserve-system.htm,scrapy_pipeline,NotToday,published_at outside target calendar window,2026-05-18 12:46:21.235285
12b44598-15c8-43e9-a3b0-bcc23fe641b4,tuoitre_vn,https://tuoitre.vn/manga-jujutsu-kaisen-modulo-khep-lai-nhung-van-bo-ngo-3-cau-hoi-lon-nhat-2026051716470394.htm,scrapy_pipeline,AccessControlDetected,paywall=False login=False captcha=True,2026-05-18 12:46:21.420081
95d01c89-68a8-48ed-a747-6073270ebd0a,tadawulgroup_sa,https://www.tadawulgroup.sa/wps/portal/tadawulgroup/contactus/contactus?locale=en,scrapy_pipeline,AccessControlDetected,paywall=False login=False captcha=True,2026-05-18 12:46:23.035701
40b98e77-d465-421a-8153-8d3749122131,scmp_com,https://www.scmp.com/news/world/middle-east/article/3353908/lebanon-says-israeli-strikes-kill-7-hezbollah-condemns-talks?utm_source=rss_feed,scrapy_pipeline,AccessControlDetected,paywall=False login=False captcha=True,2026-05-18 12:46:23.590497
b04a116e-31bb-4223-8930-cc8830846286,nytimes_com,https://www.nytimes.com/2026/05/18/opinion/ai-tech-worker-organizing.html,scrapy_pipeline,AccessControlDetected,paywall=False login=False captcha=True,2026-05-18 12:46:23.771164
b6fb4fa3-fe01-49b6-a823-dad234f2cb0d,agenciadenoticias_ibge_gov_br,https://agenciadenoticias.ibge.gov.br/en/agencia-news.html?editoria=economicas,scrapy_pipeline,HttpError,status=403,2026-05-18 12:46:23.842376
f093dc0a-f2ad-4f30-bd70-bb6d6cc71695,baochinhphu_vn,https://baochinhphu.vn/xin-xac-nhan-doi-tuong-mua-nha-o-xa-hoi-o-dau-10226051515031324.htm,scrapy_pipeline,AccessControlDetected,paywall=False login=False captcha=True,2026-05-18 12:46:24.078676
e9eb7c82-f08b-44b1-a4a7-1a32961b1f14,cbc_gov_tw,https://www.cbc.gov.tw/tw/np-1003-1.html,scrapy_pipeline,ShortContent,length=0 min=80,2026-05-18 12:46:24.144394
a1ef6570-4045-46f3-b465-9cb45911ec2d,thanhnien_vn,https://thanhnien.vn/ha-noi-nguoi-dan-thuoc-khu-vuc-tai-thiet-do-thi-duoc-ho-tro-nhu-the-nao-185260518105439111.htm,scrapy_pipeline,AccessControlDetected,paywall=False login=False captcha=True,2026-05-18 12:46:24.388492
39bbb88e-3ca6-42ec-aaed-47b5390abf42,tuoitre_vn,https://tuoitre.vn/israel-uae-ran-nut-vi-cuoc-gap-bi-mat-lien-minh-chong-iran-lung-lay-20260518102608087.htm,scrapy_pipeline,AccessControlDetected,paywall=False login=False captcha=True,2026-05-18 12:46:24.862236
7bc38ba6-958f-435f-aafc-c741f3929f39,agenciadenoticias_ibge_gov_br,https://agenciadenoticias.ibge.gov.br/en/agencia-news/2184-news-agency/news/46767-services-sector-retreats-1-2-highlighted-by-transportation,scrapy_pipeline,HttpError,status=403,2026-05-18 12:46:25.131031
e646310b-392f-4dbe-af02-a4b87231a653,nytimes_com,https://www.nytimes.com/2026/05/17/business/nextera-dominion-deal.html,scrapy_pipeline,AccessControlDetected,paywall=False login=False captcha=True,2026-05-18 12:46:25.408244
83c20089-d7ca-49d7-b97b-fdfe030af363,bok_or_kr,https://www.bok.or.kr/sitemap.xml,scrapy_fetch,FetchError,IgnoreRequest('Forbidden by robots.txt'),2026-05-18 12:46:25.531547
58803186-b357-4798-b5e7-90516b44588a,csrc_gov_cn,http://www.csrc.gov.cn/csrc/c100039/common_list.shtml,scrapy_pipeline,NotToday,published_at outside target calendar window,2026-05-18 12:46:25.662076
d982be53-6f29-4543-b325-e4945dc5ddb4,rnz_co_nz,https://www.rnz.co.nz/news/community,scrapy_pipeline,NotToday,published_at outside target calendar window,2026-05-18 12:46:26.025938
792032c1-554e-4ead-b8f6-3e5d58c51387,afdb_org,https://www.afdb.org/en/countries/west-africa,scrapy_pipeline,NotToday,published_at outside target calendar window,2026-05-18 12:46:26.304478
d03054c1-0243-4845-908f-b8a1a191c536,english_mofcom_gov_cn,https://english.mofcom.gov.cn/Statistics/ForeignTradeCooperation/art/2024/art_ef5551c93c8f43b9bce5ca9cb0118540.html,scrapy_pipeline,NotToday,published_at outside target calendar window,2026-05-18 12:46:26.385958
f87cea37-f13e-4521-9243-23aa6bf70af0,boj_or_jp,https://www.boj.or.jp/en/about/link/index.htm,scrapy_pipeline,NotToday,published_at outside target calendar window,2026-05-18 12:46:26.578968
01f23834-7ec8-4929-ba1c-5f5469be1d90,twse_com_tw,https://www.twse.com.tw/zh/ETFortune/advisor,scrapy_pipeline,NotToday,published_at outside target calendar window,2026-05-18 12:46:26.829406
73d5d681-ac29-4bcc-a5c9-c2e92d9323bf,english_news_cn,https://english.news.cn/20260516/bc99c3cddbde4f799176b5e72a5f70fa/c.html,scrapy_pipeline,NotToday,published_at outside target calendar window,2026-05-18 12:46:27.215095
fd019a6b-dac7-4dc4-8094-a743c057d864,cbr_ru,https://www.cbr.ru/eng/microfinance/news/,scrapy_pipeline,NotToday,published_at outside target calendar window,2026-05-18 12:46:27.365180
a0f0ac59-7970-47d3-be98-6af525cade9c,ons_gov_uk,https://www.ons.gov.uk/economy/governmentpublicsectorandtaxes,scrapy_pipeline,NotToday,published_at outside target calendar window,2026-05-18 12:46:27.514743
a4fba32e-1320-4f98-9559-e08f45ed703e,ema_europa_eu,https://www.ema.europa.eu/en/committees/paediatric-committee-pdco,scrapy_pipeline,NotToday,published_at outside target calendar window,2026-05-18 12:46:27.722725
712a184b-bf5f-4c33-9bb7-5aa233634e03,moea_gov_tw,https://www.moea.gov.tw/Mns/english/Policy/Policy.aspx?menu_id=32904,scrapy_pipeline,NotToday,published_at outside target calendar window,2026-05-18 12:46:27.837452
12c7986b-c592-4c1b-92b5-a11af4d3f1e1,news24_com,https://www.news24.com/auth/cta/weather?returnUrl=https%3A%2F%2Fwww.news24.com%2Fprofile%2Fweather,scrapy_pipeline,AccessControlDetected,paywall=False login=False captcha=True,2026-05-18 12:46:27.983204
d0f5db70-0ef0-452b-954c-b1de36712fb2,english_www_gov_cn,https://english.www.gov.cn/Homepage/202303/13/content_WS641d0816c6d0f528699dc0aa.html,scrapy_pipeline,NotToday,published_at outside target calendar window,2026-05-18 12:46:28.104389
b610365c-619a-40be-914c-a30e11ff9d28,meduza_io,https://meduza.io/feature/2018/05/22/kak-meduza-ispolzuet-cookie,scrapy_pipeline,AccessControlDetected,paywall=False login=False captcha=True,2026-05-18 12:46:28.227384
73180efa-bdbe-4f05-bf62-c9077edd9acc,timesofisrael_com,https://www.timesofisrael.com/the-weekend-edition/,scrapy_pipeline,AccessControlDetected,paywall=False login=False captcha=True,2026-05-18 12:46:28.484004
443f289b-f264-4324-aefb-0235cf96e734,almasryalyoum_com,https://www.almasryalyoum.com/section/index/135,scrapy_pipeline,AccessControlDetected,paywall=False login=False captcha=True,2026-05-18 12:46:28.742808
a90169e7-4179-491b-9d90-a23aae6f1ab6,europarl_europa_eu,https://www.europarl.europa.eu/about-parliament/en,scrapy_pipeline,NotToday,published_at outside target calendar window,2026-05-18 12:46:29.398394
d9564ddb-59eb-42a4-9d6c-4886819a28c8,moea_gov_tw,https://www.moea.gov.tw/Mns/english/content/ContentMenu.aspx?menu_id=32905,scrapy_pipeline,NotToday,published_at outside target calendar window,2026-05-18 12:46:29.499330
5a8fdded-7355-4d18-b6ee-fed017e13f09,news24_com,https://www.news24.com/southafrica/crime-and-courts,scrapy_pipeline,AccessControlDetected,paywall=False login=False captcha=True,2026-05-18 12:46:29.848624
b423f276-dff2-46e9-a724-45bbd4a9b879,ema_europa_eu,https://www.ema.europa.eu/en/committees/committee-advanced-therapies-cat,scrapy_pipeline,NotToday,published_at outside target calendar window,2026-05-18 12:46:30.087140
75d508ca-1a82-4178-acd2-4cae9f78954d,ons_gov_uk,https://www.ons.gov.uk/economy/environmentalaccounts,scrapy_pipeline,NotToday,published_at outside target calendar window,2026-05-18 12:46:30.415433
b83c2a64-b645-423c-bfda-78f2c7773880,federalreserve_gov,https://www.federalreserve.gov/aboutthefed/bios/board/default.htm,scrapy_pipeline,NotToday,published_at outside target calendar window,2026-05-18 12:46:30.878876
b86ff36c-e80f-4b58-b927-79cb3c5fef7a,banxico_org_mx,https://www.banxico.org.mx/SieInternet/consultarDirectorioInternetAction.do?sector=18&accion=consultarCuadro&idCuadro=CF101&locale=es,scrapy_pipeline,NotToday,published_at outside target calendar window,2026-05-18 12:46:31.306763
33005735-2f44-4275-a98c-09f153bea234,todayonline_com,https://www.channelnewsasia.com/singapore,scrapy_pipeline,NotToday,published_at outside target calendar window,2026-05-18 12:46:31.980053
b98d5ab6-1029-4b1f-845e-4cb5b396c6ca,banxico_org_mx,https://www.banxico.org.mx/SieInternet/,scrapy_pipeline,NotToday,published_at outside target calendar window,2026-05-18 12:46:32.272726
71b04098-c058-423e-bd7b-531d6f652d46,rnz_co_nz,https://www.rnz.co.nz/news/regional,scrapy_pipeline,NotToday,published_at outside target calendar window,2026-05-18 12:46:32.578886
485dfcad-d86c-4970-99ca-2f79ac8fc6ad,fred_stlouisfed_org,https://fred.stlouisfed.org/fred-mobile/index.php,scrapy_pipeline,NotToday,published_at outside target calendar window,2026-05-18 12:46:32.856987
16e789f5-87b2-4692-a52d-044ee38656b1,federalreserve_gov,https://www.federalreserve.gov/aboutthefed/the-fed-explained.htm,scrapy_pipeline,NotToday,published_at outside target calendar window,2026-05-18 12:46:33.019042
fdccdd8f-37f5-4e62-8276-c1ee903738f7,europarl_europa_eu,https://the-president.europarl.europa.eu/en/,scrapy_pipeline,NotToday,published_at outside target calendar window,2026-05-18 12:46:33.254734
44aedb66-f645-43bd-9d64-a71b63664a8e,tadawulgroup_sa,https://www.tadawulgroup.sa/wps/portal/tadawulgroup/media/stg-app?locale=en,scrapy_pipeline,NotToday,published_at outside target calendar window,2026-05-18 12:46:33.521875
3294d0df-e5da-4acf-970a-c342936a8ca9,smh_com_au,https://www.smh.com.au/world/fighter-jets-collide-at-us-air-show-20260518-p5zxyq.html?ref=rss&utm_medium=rss&utm_source=rss_feed,scrapy_fetch,FetchError,IgnoreRequest('Forbidden by robots.txt'),2026-05-18 12:46:33.608931
60de1b38-c121-421b-bc43-973a7d95f8dd,fsc_go_kr,https://www.fsc.go.kr/eng/pr010101?srchCtgry=4,scrapy_pipeline,NotToday,published_at outside target calendar window,2026-05-18 12:46:35.861974
d4341d05-57ba-44ba-a2a3-51c2e518da3e,todayonline_com,https://www.channelnewsasia.com/east-asia,scrapy_pipeline,NotToday,published_at outside target calendar window,2026-05-18 12:46:37.113006
3539743c-4a53-4813-ae92-ff3c5f1bb2c3,cbr_ru,https://www.cbr.ru/eng/issuers_corporate/news/,scrapy_pipeline,NotToday,published_at outside target calendar window,2026-05-18 12:46:37.511300
577a6eee-67aa-451d-b2da-d8cd12e003a6,csrc_gov_cn,http://www.csrc.gov.cn/csrc/c100029/c0d1ef2b845b34714af0abb063b656a6c/content.shtml,scrapy_pipeline,NotToday,published_at outside target calendar window,2026-05-18 12:46:37.618153
54f92ddf-2de1-4cfe-b409-8bf377aaa5f3,moea_gov_tw,https://www.moea.gov.tw/Mns/english/content/ContentMenu.aspx?menu_id=44797,scrapy_pipeline,NotToday,published_at outside target calendar window,2026-05-18 12:46:37.714655
b69f2f61-6da5-46a8-87d0-a8c4ec7135d5,ons_gov_uk,https://www.ons.gov.uk/economy/economicoutputandproductivity,scrapy_pipeline,NotToday,published_at outside target calendar window,2026-05-18 12:46:37.864777
153026f7-df5d-4fc7-b629-2a626ac9a933,news24_com,https://www.news24.com/notices,scrapy_pipeline,AccessControlDetected,paywall=False login=False captcha=True,2026-05-18 12:46:38.117561
6a70b18d-acee-4196-9718-8e36e3fd321f,ema_europa_eu,https://www.ema.europa.eu/en/committees/committee-herbal-medicinal-products-hmpc,scrapy_pipeline,NotToday,published_at outside target calendar window,2026-05-18 12:46:38.372827
3d9d9a03-3a08-4d25-8fb8-899bb622cf1a,imf_org,https://www.imf.org/en/news/seminars,scrapy_pipeline,AccessControlDetected,paywall=False login=False captcha=True,2026-05-18 12:46:38.540114
522f1223-2590-4bbb-a5c6-fb3107042a81,boj_or_jp,https://www.boj.or.jp/en/about/climate/index.htm,scrapy_pipeline,NotToday,published_at outside target calendar window,2026-05-18 12:46:38.830766
ccd51564-d4d3-46ab-9a7b-672f794c6eee,afdb_org,https://www.afdb.org/en/countries/north-africa/tunisia,scrapy_pipeline,NotToday,published_at outside target calendar window,2026-05-18 12:46:39.010562
59a0b3d8-73ed-4707-a3f9-74ca10c8be31,english_mofcom_gov_cn,https://english.mofcom.gov.cn/Statistics/ForeignTradeCooperation/art/2024/art_2a91aae674c14eb4a65665f08226c00f.html,scrapy_pipeline,NotToday,published_at outside target calendar window,2026-05-18 12:46:39.487045
e9c6029a-8fbd-43ba-8c7a-6c982f959120,twse_com_tw,https://www.twse.com.tw/zh/ETFortune/products,scrapy_pipeline,NotToday,published_at outside target calendar window,2026-05-18 12:46:39.762347
81753d8f-810c-419d-81ce-efe644299145,timesofisrael_com,https://www.timesofisrael.com/real-estate-israel-edition/,scrapy_pipeline,AccessControlDetected,paywall=False login=False captcha=True,2026-05-18 12:46:39.980497
51fe5fbf-6513-4258-af4b-5a414ce852a1,english_www_gov_cn,https://english.www.gov.cn/Homepage/202303/13/content_WS641d0824c6d0f528699dc0ab.html,scrapy_pipeline,NotToday,published_at outside target calendar window,2026-05-18 12:46:40.083724
0c6d014e-5a0f-4cc1-941c-7c937bbfb741,tadawulgroup_sa,https://www.tadawulgroup.sa/wps/portal/tadawulgroup/contactus/contactus/!ut/p/z0/04_Sj9CPykssy0xPLMnMz0vMAfIjo8ziPQPcTQw9LYy8_cM8nQ3MPMycgkM9Ag0MDEz1C7IdFQEQMXPS/?locale=en,scrapy_pipeline,AccessControlDetected,paywall=False login=False captcha=True,2026-05-18 12:46:40.310559
f3efa0bf-3a57-46f8-91de-79dc98dbe7e3,english_news_cn,https://english.news.cn/20260517/96a1e306d5ba44f0a21f9f249dbefc76/c.html,scrapy_pipeline,NotToday,published_at outside target calendar window,2026-05-18 12:46:40.401251
815325ec-1210-41fa-842f-f5ebb59ff34a,meduza_io,https://meduza.io/feature/2018/05/22/kak-my-obrabatyvaem-vashi-personalnye-dannye-kotorye-hranyatsya-na-meduze,scrapy_pipeline,AccessControlDetected,paywall=False login=False captcha=True,2026-05-18 12:46:40.542324
40cdd023-fbe2-40eb-9ff5-c4a873156d36,agenciadenoticias_ibge_gov_br,https://agenciadenoticias.ibge.gov.br/en/agencia-news/2184-news-agency/news/46770-equipes-avancam-na-coleta-da-segunda-prova-piloto-do-12-censo-agropecuario-florestal-e-aquicola-em-rio-verde-go-2,scrapy_pipeline,HttpError,status=403,2026-05-18 12:46:40.719965
f03d8892-42f7-4813-8e52-fa81afd58674,almasryalyoum_com,https://www.almasryalyoum.com/section/index/69,scrapy_pipeline,AccessControlDetected,paywall=False login=False captcha=True,2026-05-18 12:46:41.060283
b3733759-4077-4647-bd89-9661f36f5e98,euronews_com,https://www.euronews.com/travel/2026/05/18/dusking-is-the-latest-travel-trend-and-these-are-the-worlds-best-destinations-for-it,scrapy_pipeline,ShortContent,length=0 min=80,2026-05-18 12:46:41.367558
06c2d5d9-4560-489b-8b22-688256ce3022,independent_co_uk,https://www.independent.co.uk/life-style/barbra-streisand-health-update-knee-injury-cannes-b2978359.html,scrapy_pipeline,AccessControlDetected,paywall=False login=False captcha=True,2026-05-18 12:46:41.759080
522bcdf5-acf1-420c-b255-fb30cd381972,timesofisrael_com,https://www.timesofisrael.com/tech-israel-edition/,scrapy_pipeline,AccessControlDetected,paywall=False login=False captcha=True,2026-05-18 12:46:42.820128
cf716aed-7c68-4a8f-a583-d579e4782805,mof_go_jp,https://www.mof.go.jp/english/public_relations/other/index.htm,scrapy_pipeline,NotToday,published_at outside target calendar window,2026-05-18 12:46:42.926008
a4e1bbdc-b4ad-45e1-b37a-329ba56ee20a,theguardian_com,https://www.theguardian.com/film/2026/may/18/voidance-review,scrapy_pipeline,AccessControlDetected,paywall=False login=False captcha=True,2026-05-18 12:46:43.041878
b9c37d28-4cd9-48e3-88e0-10e39eba9c2a,english_www_gov_cn,https://english.www.gov.cn/Homepage/202303/13/content_WS641d083cc6d0f528699dc0ac.html,scrapy_pipeline,NotToday,published_at outside target calendar window,2026-05-18 12:46:43.137360
480f14b3-f43d-4020-abb2-1d0bbd8c2ced,politico_eu,https://www.politico.eu/article/legal-action-nhs-drug-pricing-deal-donald-trump/?utm_source=RSS_Feed&utm_medium=RSS&utm_campaign=RSS_Syndication,scrapy_pipeline,AccessControlDetected,paywall=False login=False captcha=True,2026-05-18 12:46:43.507828
19173b61-3b71-4c05-8670-a9369d8266ab,theguardian_com,https://www.theguardian.com/film/2026/may/18/relentless-memory-review-a-vital-oral-history-of-the-plight-of-the-mapuche-people,scrapy_pipeline,AccessControlDetected,paywall=False login=False captcha=True,2026-05-18 12:46:43.618835
87f7e0d3-c8a6-40a8-a51d-65a3610f2ff2,fred_stlouisfed_org,https://fred.stlouisfed.org/fred-addin/,scrapy_pipeline,NotToday,published_at outside target calendar window,2026-05-18 12:46:43.881512
4c50bb34-4d41-4940-bdc4-d597f5e3f7fe,banxico_org_mx,https://www.banxico.org.mx/banners/%7BCCF7D6F9-2A3F-68DC-2280-A5EA1D0A4D71%7D.pdf,scrapy_pipeline,ShortContent,length=0 min=80,2026-05-18 12:46:44.021754
ff545202-42da-42d5-88b4-2a0a1ad0fff4,stats_gov_cn,https://www.stats.gov.cn/english/InternationalCooperation/202506/t20250623_1960239.html,scrapy_pipeline,NotToday,published_at outside target calendar window,2026-05-18 12:46:44.802309
acc3fcb0-9d57-43ce-99b3-a073056bbf48,todayonline_com,https://www.channelnewsasia.com/asia,scrapy_pipeline,NotToday,published_at outside target calendar window,2026-05-18 12:46:46.048247
c4abf98f-7e0a-47c8-9dd7-764e83ed95bf,scmp_com,https://www.scmp.com/news/world/united-states-canada/article/3353909/white-house-mass-prayer-event-seeks-reclaim-us-christian-roots?utm_source=rss_feed,scrapy_pipeline,AccessControlDetected,paywall=False login=False captcha=True,2026-05-18 12:46:46.275666
3cd67c65-7c7c-405d-8a05-2bbbae6ab391,ons_gov_uk,https://www.ons.gov.uk/economy,scrapy_pipeline,NotToday,published_at outside target calendar window,2026-05-18 12:46:46.655092
1c1e762d-1a7f-4d46-a02d-a220c8c12f9f,news24_com,https://www.news24.com/brandstory/partner-content,scrapy_pipeline,AccessControlDetected,paywall=False login=False captcha=True,2026-05-18 12:46:47.019797
1d70abe7-3198-4397-a4b0-689e371ae67c,gulfnews_com,https://gulfnews.com/world/asia/india/kerala-cm-oath-ceremony-vd-satheesan-20-ministers-to-be-sworn-in-today-1.500544096,scrapy_pipeline,AccessControlDetected,paywall=False login=False captcha=True,2026-05-18 12:46:47.418099
ee4ab5eb-2a94-480f-8281-400ca87f3ace,politico_eu,https://www.politico.eu/podcast/brussels-playbook-podcast/why-brussels-is-getting-tougher-on-china/?utm_source=RSS_Feed&utm_medium=RSS&utm_campaign=RSS_Syndication,scrapy_pipeline,AccessControlDetected,paywall=False login=False captcha=True,2026-05-18 12:46:47.629302
fad0ae29-c28c-49b8-b56b-1a45f456f706,twse_com_tw,https://www.twse.com.tw/zh/ETFortune/dividendCalendar,scrapy_pipeline,NotToday,published_at outside target calendar window,2026-05-18 12:46:48.766440
110b28ef-753f-4b31-aaa9-8396c7238d1a,independent_co_uk,https://www.independent.co.uk/arts-entertainment/films/news/james-bond-new-possible-actors-casting-jacob-elordi-b2978360.html,scrapy_pipeline,AccessControlDetected,paywall=False login=False captcha=True,2026-05-18 12:46:48.983104
67f1505e-fa1b-4e88-b752-f7defd9cf55f,indianexpress_com,https://indianexpress.com/article/india/kerala-oath-taking-live-updates-v-d-satheesan-udf-government-cabinet-ministers-10694921/,scrapy_pipeline,AccessControlDetected,paywall=False login=False captcha=True,2026-05-18 12:46:49.337976
bead1585-fc58-4ccb-96c1-8b076a83893f,lanacion_com_ar,https://www.lanacion.com.ar/economia/juan-cuattromo-presidente-del-bapro-no-veo-ni-un-rebote-del-credito-ni-una-baja-de-la-mora-nid17052026/,scrapy_pipeline,AccessControlDetected,paywall=False login=False captcha=True,2026-05-18 12:46:49.500519
05337d42-319c-4749-a340-249daf76fbed,indianexpress_com,https://indianexpress.com/article/cities/lucknow/up-cabinet-portfolio-allocation-yogi-adityanath-manoj-pandey-bhupendra-chaudhary-msme-food-civil-supplies-10694977/,scrapy_pipeline,AccessControlDetected,paywall=False login=False captcha=True,2026-05-18 12:46:49.683730
b973f81f-439c-4407-91e0-9c83a630e572,lanacion_com_ar,https://www.lanacion.com.ar/estados-unidos/trump-celebro-la-derrota-del-senador-bill-cassidy-a-quien-acuso-de-traicion-politica-nid17052026/,scrapy_pipeline,AccessControlDetected,paywall=False login=False captcha=True,2026-05-18 12:46:49.882494
3262ae8d-bcf6-4cf8-8d34-ffde9f6276e8,tadawulgroup_sa,https://www.tadawulgroup.sa/wps/portal/tadawulgroup/media/brand-assets?locale=en,scrapy_pipeline,NotToday,published_at outside target calendar window,2026-05-18 12:46:50.116592
433973e1-6cfe-4d0e-9b69-a1ab9a9f862c,scmp_com,https://www.scmp.com/postmag/travel/article/3353391/meet-anchalika-kijkanakorn-thai-hotelier-redefining-luxury-resorts-through-wellness-and-meaningful?utm_source=rss_feed,scrapy_pipeline,AccessControlDetected,paywall=False login=False captcha=True,2026-05-18 12:46:50.477672
665d3e2e-9893-429d-a6a1-b7bd136305c8,baochinhphu_vn,https://baochinhphu.vn/tham-quyen-cap-giay-chung-nhan-quyen-su-dung-dat-lan-dau-102260514154538729.htm,scrapy_pipeline,AccessControlDetected,paywall=False login=False captcha=True,2026-05-18 12:46:50.744939
91c33a40-68f4-42c4-af6f-de19cf118f00,agenciadenoticias_ibge_gov_br,https://agenciadenoticias.ibge.gov.br/en/agencia-news/2184-news-agency/news/46771-pesquisadores-conhecem-agricultura-familia-em-irati-pr-durante-prova-piloto-do-12-censo-agropecuario-florestal-e-aquicola-2,scrapy_pipeline,HttpError,status=403,2026-05-18 12:46:50.942393
78aff2eb-cc7d-402a-9a07-901557053259,stats_gov_cn,https://www.stats.gov.cn/english/InternationalCooperation/202509/t20250928_1961411.html,scrapy_pipeline,NotToday,published_at outside target calendar window,2026-05-18 12:46:51.040888
ab622f74-714c-4497-b940-8821be9bd281,fsc_go_kr,https://fsc.go.kr/eng/pr010101/85267,scrapy_pipeline,NotToday,published_at outside target calendar window,2026-05-18 12:46:51.172931
5e027134-476b-4667-83ce-26165b3249bf,nytimes_com,https://www.nytimes.com/2026/05/18/us/ebola-outbreak-congo-uganda-americans-cdc.html,scrapy_pipeline,AccessControlDetected,paywall=False login=False captcha=True,2026-05-18 12:46:51.531615
fdebf729-13c4-4a42-a919-a4e7582fc7c7,fsc_go_kr,https://www.fsc.go.kr/eng/pr010101?srchCtgry=3,scrapy_pipeline,NotToday,published_at outside target calendar window,2026-05-18 12:46:51.945193
0f55ae68-85aa-4d00-8613-61f19a0a38f4,nytimes_com,https://www.nytimes.com/2026/05/17/world/africa/what-to-know-ebola-africa.html,scrapy_pipeline,AccessControlDetected,paywall=False login=False captcha=True,2026-05-18 12:46:52.205642
c5ab846f-79f2-41ed-b913-4e72d838ca43,thanhnien_vn,https://thanhnien.vn/hagl-van-nguy-co-cao-bi-xuong-hang-cuoc-dua-sinh-ton-cuc-ky-khoc-liet-185260518111137655.htm,scrapy_pipeline,AccessControlDetected,paywall=False login=False captcha=True,2026-05-18 12:46:52.688579
7bd1de9b-eb3e-4160-8027-de0e4d1b22f2,europarl_europa_eu,https://www.europarl.europa.eu/committees/en/home,scrapy_pipeline,NotToday,published_at outside target calendar window,2026-05-18 12:46:52.861999
40ab9cc2-c91e-428d-b45f-f15515a43cbd,baochinhphu_vn,https://baochinhphu.vn/vua-hoc-van-hoa-vua-hoc-nghe-co-duoc-mien-hoc-phi-102260515100130562.htm,scrapy_pipeline,AccessControlDetected,paywall=False login=False captcha=True,2026-05-18 12:46:53.180508
bf4c595d-1b20-47f6-8a2a-cb4786dc0e36,stats_gov_cn,https://www.stats.gov.cn/english/InternationalTraining/,scrapy_pipeline,NotToday,published_at outside target calendar window,2026-05-18 12:46:53.299753
64dadc09-ccd2-4f58-887f-931d65776602,tuoitre_vn,https://tuoitre.vn/truong-tram-tuoi-o-tp-hcm-co-the-thanh-diem-den-du-lich-2026051808403202.htm,scrapy_pipeline,AccessControlDetected,paywall=False login=False captcha=True,2026-05-18 12:46:53.506328
fef056ed-98ac-47de-8a01-173b590b7b20,baochinhphu_vn,https://baochinhphu.vn/khai-mac-chuong-trinh-nghe-thuat-dac-biet-ve-bac-ho-tai-pac-bo-cao-bang-102260518104319261.htm,scrapy_pipeline,AccessControlDetected,paywall=False login=False captcha=True,2026-05-18 12:46:53.684342
fba17d23-e19b-400a-aa01-75e37716fe6a,english_mofcom_gov_cn,https://english.mofcom.gov.cn/Statistics/ForeignTradeCooperation/art/2024/art_a3ccd0c4a8694b4180fe6d4d4fe274d6.html,scrapy_pipeline,NotToday,published_at outside target calendar window,2026-05-18 12:46:53.763947
26c85bde-c427-410f-a226-e5c3a8d2c335,theguardian_com,https://www.theguardian.com/tv-and-radio/2026/may/18/alice-levine-and-greg-james-finally-team-up-best-podcasts-of-the-week,scrapy_pipeline,AccessControlDetected,paywall=False login=False captcha=True,2026-05-18 12:46:53.964793
29037238-5ac3-4343-a520-ad8d8bd4eec0,csrc_gov_cn,http://www.csrc.gov.cn/csrc/c100029/cf55468cc810d41a5977dff010de7fc65/content.shtml,scrapy_pipeline,NotToday,published_at outside target calendar window,2026-05-18 12:46:54.063591
818c5c00-18b1-4ae8-9d01-f42e84f60964,moea_gov_tw,https://www.moea.gov.tw/Mns/english/content/ContentMenu.aspx?menu_id=196,scrapy_pipeline,NotToday,published_at outside target calendar window,2026-05-18 12:46:54.169274
cf9ccc37-c811-4eaa-9fd3-7d6a9373d88a,english_news_cn,https://english.news.cn/20260515/1ee0138947cd4a999fd7a70476edda72/c.html,scrapy_pipeline,NotToday,published_at outside target calendar window,2026-05-18 12:46:55.291985
02c4895c-22b6-4d42-b693-fe23e1fc1292,boj_or_jp,https://www.boj.or.jp/en/about/services/kengaku.htm,scrapy_pipeline,NotToday,published_at outside target calendar window,2026-05-18 12:46:55.753100
be4aedf5-f5ab-4821-b454-c82ca3478538,imf_org,https://www.imf.org/en/topics/low-income-countries/macro-research-for-development,scrapy_pipeline,AccessControlDetected,paywall=False login=False captcha=True,2026-05-18 12:46:56.079392
addc40a7-fcca-4455-8155-2d4f70239a9f,cbr_ru,https://www.cbr.ru/eng/finm_infrastructure/news/,scrapy_pipeline,NotToday,published_at outside target calendar window,2026-05-18 12:46:56.189861
f06a63c6-0f85-46c0-bfb1-43c01cabb107,thanhnien_vn,https://thanhnien.vn/cong-tac-tuyen-truyen-mieng-van-dac-biet-quan-trong-va-khong-the-thay-the-185260518110344399.htm,scrapy_pipeline,AccessControlDetected,paywall=False login=False captcha=True,2026-05-18 12:46:56.427056
5a0ff8a5-237d-4b9c-8aa2-8a2d9efd2682,thanhnien_vn,https://thanhnien.vn/goc-thanh-xuan-hap-dan-gioi-tre-ha-long-18526051811272673.htm,scrapy_pipeline,AccessControlDetected,paywall=False login=False captcha=True,2026-05-18 12:46:56.600795
a5bc9329-6720-4082-bb52-85a8fc034d86,ema_europa_eu,https://www.ema.europa.eu/en/committees/committee-orphan-medicinal-products-comp,scrapy_pipeline,NotToday,published_at outside target calendar window,2026-05-18 12:46:57.039341
2b14027d-ef93-4ed5-8ef3-e680241f7462,indianexpress_com,https://indianexpress.com/article/cities/chandigarh/himachal-pradesh-ulb-election-turnout-69-percent-results-10694956/,scrapy_pipeline,AccessControlDetected,paywall=False login=False captcha=True,2026-05-18 12:46:57.238085
e2a6f008-ec25-4d93-8a90-e9c24a99871b,afdb_org,https://www.afdb.org/en/countries/north-africa/morocco,scrapy_pipeline,NotToday,published_at outside target calendar window,2026-05-18 12:46:57.494213
e014aaf1-6ee8-4677-878e-5a72e4007c71,ema_europa_eu,https://www.ema.europa.eu/en/committees/pharmacovigilance-risk-assessment-committee-prac,scrapy_pipeline,NotToday,published_at outside target calendar window,2026-05-18 12:46:57.739390
4db80de8-e176-4171-9355-9505e3f9e3f4,almasryalyoum_com,https://www.almasryalyoum.com/section/index/22,scrapy_pipeline,AccessControlDetected,paywall=False login=False captcha=True,2026-05-18 12:46:57.946280
acb32ca2-125a-4eae-b7d2-61f2a055b88b,gulfnews_com,https://gulfnews.com/world/robot-monks-stride-out-for-lotus-lantern-festival-parade-in-seoul-1.500544167,scrapy_pipeline,AccessControlDetected,paywall=False login=False captcha=True,2026-05-18 12:46:58.157005
7e85bcc0-96e9-4f1a-bc12-77e59f96562b,gulfnews_com,https://gulfnews.com/world/asia/52-magnitude-earthquake-kills-two-in-china-1.500544115,scrapy_pipeline,AccessControlDetected,paywall=False login=False captcha=True,2026-05-18 12:46:58.362835
f8893e6e-9caa-47ce-8a5a-853059450643,tuoitre_vn,https://tuoitre.vn/pc1-len-tieng-sau-khi-chu-tich-tong-giam-doc-va-loat-ca-nhan-bi-khoi-to-20260518110624543.htm,scrapy_pipeline,AccessControlDetected,paywall=False login=False captcha=True,2026-05-18 12:46:58.613855
72f7cfdf-2743-46f2-83fb-91d314898710,federalreserve_gov,https://www.federalreserve.gov/aboutthefed.htm,scrapy_pipeline,NotToday,published_at outside target calendar window,2026-05-18 12:46:58.879132
c9d85573-e772-4ada-98a7-b7fee518ddde,cbr_ru,https://www.cbr.ru/eng/securities_market/,scrapy_pipeline,NotToday,published_at outside target calendar window,2026-05-18 12:46:59.076399
981a46a2-f4bc-432b-8e08-4a6617a4e47b,tuoitre_vn,https://tuoitre.vn/bac-si-hai-lan-nhan-nhiem-vu-o-truong-sa-20260518095615769.htm,scrapy_pipeline,AccessControlDetected,paywall=False login=False captcha=True,2026-05-18 12:46:59.270414
c046fa78-ac5f-40f5-bc44-adc24bddd48a,boj_or_jp,https://www.boj.or.jp/en/about/services/bn/index.htm,scrapy_pipeline,NotToday,published_at outside target calendar window,2026-05-18 12:46:59.480450
6cf81967-3283-4c62-acf8-a115d9086116,federalreserve_gov,https://www.federalreserve.gov/aboutthefed/contact-us-topics.htm,scrapy_pipeline,NotToday,published_at outside target calendar window,2026-05-18 12:46:59.648843
1ca5f22a-f73c-413c-b3af-4b2f3ec65e4d,almasryalyoum_com,https://www.almasryalyoum.com/section/index/13,scrapy_pipeline,AccessControlDetected,paywall=False login=False captcha=True,2026-05-18 12:47:00.215293
8e23d325-15bf-4014-a0e5-7291c8ba08d8,csrc_gov_cn,http://www.csrc.gov.cn/csrc/c100029/c1494133/content.shtml,scrapy_pipeline,NotToday,published_at outside target calendar window,2026-05-18 12:47:00.374772
b9a38d91-31bf-43c5-a3f8-9c3926bc56e0,fsc_go_kr,https://fsc.go.kr/eng/pr010101/85895,scrapy_pipeline,NotToday,published_at outside target calendar window,2026-05-18 12:47:00.545071
33e19d29-84b3-46f1-a365-db50e0d7e6d7,english_www_gov_cn,https://english.www.gov.cn/Homepage/202303/12/content_WS641a9b39c6d0f528699db818.html,scrapy_pipeline,NotToday,published_at outside target calendar window,2026-05-18 12:47:00.715392
80eba478-ed4f-49a8-9f20-6085a810c308,timesofisrael_com,https://www.timesofisrael.com/the-daily-edition/,scrapy_pipeline,AccessControlDetected,paywall=False login=False captcha=True,2026-05-18 12:47:00.960228
58955ab4-750a-416e-8181-bbf119bb5075,csrc_gov_cn,http://www.csrc.gov.cn/csrc/c100029/cb7acea9e3b6c4c94bef46eb0ff3e5525/content.shtml,scrapy_pipeline,NotToday,published_at outside target calendar window,2026-05-18 12:47:01.139020
41c16307-6425-4d64-b802-6ce3ccfce7fa,tadawulgroup_sa,https://www.tadawulgroup.sa/wps/portal/tadawulgroup/media/pressreleases?locale=en,scrapy_pipeline,NotToday,published_at outside target calendar window,2026-05-18 12:47:01.314211
7328eff8-aa70-468a-95c1-5695c7196010,rnz_co_nz,https://www.rnz.co.nz/news/emergency,scrapy_pipeline,NotToday,published_at outside target calendar window,2026-05-18 12:47:01.624144
5c6bdcca-0aaa-4e6d-8a44-c628650ccf5f,ons_gov_uk,https://www.ons.gov.uk/businessindustryandtrade/tourismindustry,scrapy_pipeline,NotToday,published_at outside target calendar window,2026-05-18 12:47:02.120677
05b346d8-c903-4b83-aeb4-0276d9e527aa,fsc_go_kr,https://www.fsc.go.kr/eng/pr010101?srchCtgry=2,scrapy_pipeline,NotToday,published_at outside target calendar window,2026-05-18 12:47:02.719070
6eb0b431-b547-42c3-9f6a-706ab69338c4,twse_com_tw,https://www.twse.com.tw/en/focus/investing.html,scrapy_pipeline,NotToday,published_at outside target calendar window,2026-05-18 12:47:02.916465
717f030f-1c42-4033-8a8b-942a8fe1cd7e,rnz_co_nz,https://www.rnz.co.nz/news/science-and-technology,scrapy_pipeline,NotToday,published_at outside target calendar window,2026-05-18 12:47:03.409119
ee1d3480-8486-4fb5-9b1d-aee836f52064,tadawulgroup_sa,https://www.tadawulgroup.sa/wps/portal/tadawulgroup/media/media?locale=en,scrapy_pipeline,NotToday,published_at outside target calendar window,2026-05-18 12:47:03.884547
d2b7ac1a-d9d0-4d07-bcbd-68bec729f37a,english_mofcom_gov_cn,https://english.mofcom.gov.cn/Statistics/ForeignTradeCooperation/index.html,scrapy_pipeline,ShortContent,length=36 min=80,2026-05-18 12:47:04.079045
af6e2d81-a8be-40f5-8f78-5abbcb26e634,moea_gov_tw,https://www.moea.gov.tw/Mns/english/news/NewsQuery.aspx?menu_id=32903,scrapy_pipeline,NotToday,published_at outside target calendar window,2026-05-18 12:47:04.219343
7ad25cb6-c49e-4f68-9180-4434fc3526fe,fsc_go_kr,https://www.fsc.go.kr/eng/pr010101?srchCtgry=1,scrapy_pipeline,NotToday,published_at outside target calendar window,2026-05-18 12:47:04.607801
498aba99-59e7-4cee-a10e-514c49c36dca,ons_gov_uk,https://www.ons.gov.uk/businessindustryandtrade/retailindustry,scrapy_pipeline,NotToday,published_at outside target calendar window,2026-05-18 12:47:04.859528
ed3f6b86-a81c-4d6c-83d3-def2c240c601,todayonline_com,https://www.channelnewsasia.com/international,scrapy_pipeline,NotToday,published_at outside target calendar window,2026-05-18 12:47:05.357385
0e5658c3-9bb5-45a2-8927-f9e5afb0923b,news24_com,https://www.news24.com/home,scrapy_pipeline,AccessControlDetected,paywall=False login=False captcha=True,2026-05-18 12:47:05.613418
9e6b056a-7331-4899-852a-18ed7bcbc816,afdb_org,https://www.afdb.org/en/countries/north-africa/mauritania,scrapy_pipeline,HttpError,status=403,2026-05-18 12:47:05.765380
fd670fbd-c828-48c6-869f-f00e5d8e9095,english_news_cn,https://english.news.cn/20260515/1baa664d689e4024b1f960f3f8c3ca93/c.html,scrapy_pipeline,NotToday,published_at outside target calendar window,2026-05-18 12:47:06.008147
a4fc8af3-7d3b-4f73-aad6-df16b9d7f7bc,timesofisrael_com,https://www.timesofisrael.com/video/,scrapy_pipeline,AccessControlDetected,paywall=False login=False captcha=True,2026-05-18 12:47:06.568204
54f18b19-9099-4631-b542-dae0e470314c,ema_europa_eu,https://www.ema.europa.eu/en/committees/committee-veterinary-medicinal-products-cvmp,scrapy_pipeline,NotToday,published_at outside target calendar window,2026-05-18 12:47:07.015829
3c43b0b2-6181-40b2-84cc-ffb1e054cc84,mof_go_jp,https://www.mof.go.jp/english/public_relations/publication/index.html,scrapy_pipeline,NotToday,published_at outside target calendar window,2026-05-18 12:47:07.151348
6f24272d-60b1-48bc-88f3-0b521f76c7c9,afdb_org,https://www.afdb.org/en/countries/north-africa/libya,scrapy_pipeline,HttpError,status=403,2026-05-18 12:47:07.242609
897875c7-ecc3-4e01-9930-cb8b1f9ac6a4,agenciadenoticias_ibge_gov_br,https://agenciadenoticias.ibge.gov.br/en/agencia-news/2184-news-agency/news/46772-moradores-de-comunidades-ribeirinhas-explicam-sobre-a-cultura-do-acai-na-prova-piloto-do-12-censo-agropecuario-florestal-e-aquicola-em-barcarena-pa-2,scrapy_pipeline,HttpError,status=403,2026-05-18 12:47:07.309628
873620f6-1481-4bf6-962f-d3634b38cef8,cbr_ru,https://www.cbr.ru/eng/insurance/,scrapy_pipeline,NotToday,published_at outside target calendar window,2026-05-18 12:47:07.474853
779b6d47-6ad4-44fb-93f1-c089d4011c34,mof_go_jp,https://www.mof.go.jp/english/public_relations/weekly_schedule/index.htm,scrapy_pipeline,NotToday,published_at outside target calendar window,2026-05-18 12:47:07.663894
a1dfcabd-2157-4c68-b614-64c803ee4fa9,imf_org,https://www.imf.org/en/publications/sprolls/external-sector-reports,scrapy_pipeline,AccessControlDetected,paywall=False login=False captcha=True,2026-05-18 12:47:07.791667
34d6153a-aa10-49aa-bbdd-22c14ea8af2e,federalreserve_gov,https://www.federalreserve.gov/videos.htm,scrapy_pipeline,NotToday,published_at outside target calendar window,2026-05-18 12:47:07.966486
44d72aa2-4b82-4d79-b32d-7125d668fa4e,almasryalyoum_com,https://www.almasryalyoum.com/section/index/12,scrapy_pipeline,AccessControlDetected,paywall=False login=False captcha=True,2026-05-18 12:47:08.178408
a344858b-5fbb-438a-b7b3-a63d9272181a,english_news_cn,https://english.news.cn/20260516/4fd004f162a149b6baec5955cca46d75/c.html,scrapy_pipeline,NotToday,published_at outside target calendar window,2026-05-18 12:47:08.268288
8ef49ded-9228-4dec-819b-e32d60a83182,twse_com_tw,https://www.twse.com.tw/en/focus/links.html,scrapy_pipeline,NotToday,published_at outside target calendar window,2026-05-18 12:47:08.640947
254fb986-9e94-4c4e-a879-43b23401f983,boj_or_jp,https://www.boj.or.jp/en/about/services/index.htm,scrapy_pipeline,NotToday,published_at outside target calendar window,2026-05-18 12:47:08.808153
887f69dd-7b9d-4dbe-ab5a-c7a4d998c937,csrc_gov_cn,http://www.csrc.gov.cn/csrc/c100029/c7457231/content.shtml,scrapy_pipeline,NotToday,published_at outside target calendar window,2026-05-18 12:47:09.335197
51aa04fd-8adb-45ea-8ea9-a726153670b9,english_news_cn,https://english.news.cn/20260516/6e46f508195547caac76a8368a60180c/c.html,scrapy_pipeline,NotToday,published_at outside target calendar window,2026-05-18 12:47:09.459894
03e7b914-c423-4226-8d20-156ff230ed73,english_www_gov_cn,https://english.www.gov.cn/institutions,scrapy_pipeline,NotToday,published_at outside target calendar window,2026-05-18 12:47:09.823470
8da1c4fc-bb9a-42aa-a95d-153e059ae12c,federalreserve_gov,https://www.federalreserve.gov/faqs.htm,scrapy_pipeline,NotToday,published_at outside target calendar window,2026-05-18 12:47:10.041141
fb9511a4-3b25-4200-a8b2-a4a2c5c01bac,english_www_gov_cn,https://english.www.gov.cn/archive/statistics/202605/11/content_WS6a013e4fc6d00ca5f9a0adf1.html,scrapy_pipeline,NotToday,published_at outside target calendar window,2026-05-18 12:47:10.327290
461b3d17-e478-4154-a9f7-c26e11705e17,twse_com_tw,https://www.twse.com.tw/en/focus/newly.html,scrapy_pipeline,NotToday,published_at outside target calendar window,2026-05-18 12:47:10.475747
f1e964f1-f05c-4380-b138-e3a380ecc8ec,rnz_co_nz,https://www.rnz.co.nz/news/environment,scrapy_pipeline,NotToday,published_at outside target calendar window,2026-05-18 12:47:10.788273
329e4660-e5e7-427f-9832-d0d17d6c3e41,ons_gov_uk,https://www.ons.gov.uk/businessindustryandtrade/manufacturingandproductionindustry,scrapy_pipeline,NotToday,published_at outside target calendar window,2026-05-18 12:47:11.100344
88e2e3bb-e92c-401c-a6ca-c96a5e455e01,moea_gov_tw,https://www.moea.gov.tw/Mns/english/videos/VideoRss.aspx?kind=P&menu_id=33228,scrapy_pipeline,NotToday,published_at outside target calendar window,2026-05-18 12:47:11.883101
5c301f27-0dfb-4e53-ba30-691218548ce4,news24_com,https://www.news24.com/auth/cta/digitalpublications/true?returnUrl=https%3A%2F%2Fwww.news24.com%2Fepublications,scrapy_pipeline,AccessControlDetected,paywall=False login=False captcha=True,2026-05-18 12:47:12.012132
666d2d46-4135-463f-a972-98ad2f85a95d,english_mofcom_gov_cn,https://english.mofcom.gov.cn/Statistics/ForeignTradeCooperation/art/2025/art_33ab9f0a6e1948baa7ac4c9bb0e38c50.html,scrapy_pipeline,NotToday,published_at outside target calendar window,2026-05-18 12:47:12.294350
d277da4e-bbc1-4e28-b845-8243c88205a8,federalreserve_gov,https://www.federalreserve.gov/careers.htm,scrapy_pipeline,NotToday,published_at outside target calendar window,2026-05-18 12:47:12.830693
8f0b40dc-4d95-4eb6-810e-3d7db113524e,csrc_gov_cn,http://www.csrc.gov.cn/csrc/c100029/c7458464/content.shtml,scrapy_pipeline,NotToday,published_at outside target calendar window,2026-05-18 12:47:13.250135
dda8da66-67dc-4ff3-8f0d-72a825089abf,todayonline_com,https://www.channelnewsasia.com/latest-news,scrapy_pipeline,NotToday,published_at outside target calendar window,2026-05-18 12:47:14.229017
bcf425b1-378e-402a-9139-f20e10276fb8,federalreserve_gov,https://www.federalreserve.gov/azindex.htm,scrapy_pipeline,NotToday,published_at outside target calendar window,2026-05-18 12:47:14.977850
ec735adf-7c79-4a5c-9c53-427c8c322f34,twse_com_tw,https://www.twse.com.tw/en/focus/events.html,scrapy_pipeline,NotToday,published_at outside target calendar window,2026-05-18 12:47:15.138203
3fe887a7-1fcc-4794-a130-18b5233a77fa,csrc_gov_cn,http://www.csrc.gov.cn/csrc/c100029/c7464344/content.shtml,scrapy_pipeline,NotToday,published_at outside target calendar window,2026-05-18 12:47:15.275154
ed3453ab-3498-45d6-b4d7-ee4bcfecfe5e,english_www_gov_cn,https://english.www.gov.cn/archive/statistics/202605/11/content_WS6a013e31c6d00ca5f9a0adee.html,scrapy_pipeline,NotToday,published_at outside target calendar window,2026-05-18 12:47:15.387170
cb1d4601-0202-434e-a6dd-8eaa6336671e,ema_europa_eu,https://www.ema.europa.eu/en/committees/committee-medicinal-products-human-use-chmp,scrapy_pipeline,NotToday,published_at outside target calendar window,2026-05-18 12:47:15.634353
a0995abb-ac5b-4cd6-935c-cc92fd03e7f9,afdb_org,https://www.afdb.org/en/countries-north-africa/egypt,scrapy_pipeline,NotToday,published_at outside target calendar window,2026-05-18 12:47:15.845196
5680f17c-c388-48d4-8dde-c3aa52277af7,todayonline_com,https://www.channelnewsasia.com/today/in-pixels,scrapy_pipeline,NotToday,published_at outside target calendar window,2026-05-18 12:47:16.117030
ce10b080-3c7c-4e93-9d04-ad209cb9b3d9,timesofisrael_com,https://www.timesofisrael.com/podcasts/,scrapy_pipeline,AccessControlDetected,paywall=False login=False captcha=True,2026-05-18 12:47:16.662153
60854e98-2c15-42e0-b741-31405eb9350b,twse_com_tw,https://www.twse.com.tw/en/focus/popular.html,scrapy_pipeline,NotToday,published_at outside target calendar window,2026-05-18 12:47:17.097392
b92bc1aa-0805-47f0-9102-c930f37856d4,cbr_ru,https://www.cbr.ru/eng/securities_market/news/,scrapy_pipeline,NotToday,published_at outside target calendar window,2026-05-18 12:47:17.212406
759bb0d1-62d6-45f6-8a83-4cfcfc937c43,english_www_gov_cn,https://english.www.gov.cn/archive/statistics,scrapy_pipeline,NotToday,published_at outside target calendar window,2026-05-18 12:47:17.328102
b701554b-8c57-4345-9fa5-c9ed4bda59df,independent_co_uk,https://www.independent.co.uk/news/john-krasinski-stream-jack-ryan-tatiana-maslany-maisie-peters-b2977574.html,scrapy_pipeline,AccessControlDetected,paywall=False login=False captcha=True,2026-05-18 12:47:17.767875
aa79fd99-dfbe-444c-9656-cf9b029b454b,theguardian_com,https://www.theguardian.com/artanddesign/2026/may/18/national-museum-cardiff-can-a-child-really-learn-anything-in-a-gallery,scrapy_pipeline,AccessControlDetected,paywall=False login=False captcha=True,2026-05-18 12:47:18.227554
9ea0d971-ec35-462c-a204-560c586125ef,politico_eu,https://www.politico.eu/podcast/politics-at-sam-and-annes/burnhams-55-chance-of-losing-makerfield-and-throwing-labour-into-chaos/?utm_source=RSS_Feed&utm_medium=RSS&utm_campaign=RSS_Syndication,scrapy_pipeline,AccessControlDetected,paywall=False login=False captcha=True,2026-05-18 12:47:18.521572
d409401b-3094-4008-9300-59438e1c8080,scmp_com,https://www.scmp.com/week-asia/economics/article/3353743/uae-ditches-oil-ai-build-bridge-global-south?utm_source=rss_feed,scrapy_pipeline,AccessControlDetected,paywall=False login=False captcha=True,2026-05-18 12:47:18.693283
684b2007-14ff-4ba4-8506-6481d88dbf7c,boj_or_jp,https://www.boj.or.jp/en/about/education/index.htm,scrapy_pipeline,NotToday,published_at outside target calendar window,2026-05-18 12:47:19.148623
3aeefb5a-1c45-49f8-9b32-204b68eb6ff4,indianexpress_com,https://indianexpress.com/article/sports/football/antoine-semenyo-joins-the-band-of-back-heel-bamboozlers-10694983/,scrapy_pipeline,AccessControlDetected,paywall=False login=False captcha=True,2026-05-18 12:47:19.338064
11b67862-3a7a-4881-bc45-86e690f69aa2,stats_gov_cn,https://www.stats.gov.cn/english/nbs/200701/t20070104_59236.html,scrapy_pipeline,NotToday,published_at outside target calendar window,2026-05-18 12:47:19.684759
f0d70d8d-0e29-4ee0-8fea-15b89e0f289c,almasryalyoum_com,https://www.almasryalyoum.com/section/index/9,scrapy_pipeline,AccessControlDetected,paywall=False login=False captcha=True,2026-05-18 12:47:19.980993
12cacb63-d858-46bf-b587-8fed6275925c,agenciadenoticias_ibge_gov_br,https://agenciadenoticias.ibge.gov.br/en/retratos-magazine.html,scrapy_pipeline,HttpError,status=403,2026-05-18 12:47:20.121491
402a5bbb-a3fe-4d7b-a77c-ff4c6d3d5091,lanacion_com_ar,https://www.lanacion.com.ar/seguridad/una-camioneta-a-contramano-provoco-un-choque-multiple-en-belgrano-ocho-heridos-nid17052026/,scrapy_pipeline,AccessControlDetected,paywall=False login=False captcha=True,2026-05-18 12:47:20.300618
b718fdab-ecd1-4a79-90a8-b282f0aae531,gulfnews_com,https://gulfnews.com/world/universal-basic-income-vs-universal-high-income-whats-the-difference-1.500412945,scrapy_pipeline,AccessControlDetected,paywall=False login=False captcha=True,2026-05-18 12:47:20.541304
e57c3632-4ec8-460a-a4e6-f66f827efbad,ons_gov_uk,https://www.ons.gov.uk/businessindustryandtrade/internationaltrade,scrapy_pipeline,NotToday,published_at outside target calendar window,2026-05-18 12:47:21.523387
f88df225-6c5b-4797-9810-7585d058abfa,rnz_co_nz,https://www.rnz.co.nz/news/education,scrapy_pipeline,NotToday,published_at outside target calendar window,2026-05-18 12:47:21.939366
be0f13fc-ecc2-4b2c-a791-033238c92638,theguardian_com,https://www.theguardian.com/australia-news/2026/may/18/pianist-jayson-gillham-cancellation-case-mso-melbourne-symphony-orchestra-court-palestianian-journalists-gaza-ntwnfb,scrapy_pipeline,AccessControlDetected,paywall=False login=False captcha=True,2026-05-18 12:47:22.548141
62d2e222-cbd4-4b6a-a2e8-de007be849f8,english_mofcom_gov_cn,https://english.mofcom.gov.cn/Policies/Gazette/art/2026/art_7c1a217cefdb4bd4aba7c89193b71190.html,scrapy_pipeline,NotToday,published_at outside target calendar window,2026-05-18 12:47:22.979151
724402d3-8491-4213-b49c-7f1197a15f13,mof_go_jp,https://www.mof.go.jp/english/public_relations/whats_new/index.htm,scrapy_pipeline,NotToday,published_at outside target calendar window,2026-05-18 12:47:23.154102
9ded1666-25ca-4b35-b254-d9c5af980f53,baochinhphu_vn,https://baochinhphu.vn/cong-bo-va-khoi-cong-ha-tang-ky-thuat-du-an-nang-luong-thuoc-hang-lon-nhat-bac-trung-bo-102260518102821339.htm,scrapy_pipeline,AccessControlDetected,paywall=False login=False captcha=True,2026-05-18 12:47:23.326112
128834ab-9e14-4ceb-a44f-09f572be8eda,politico_eu,https://www.politico.eu/article/giorgia-meloni-presses-ursula-von-der-leyen-for-energy-carveout-in-eu-spending-rules/?utm_source=RSS_Feed&utm_medium=RSS&utm_campaign=RSS_Syndication,scrapy_pipeline,AccessControlDetected,paywall=False login=False captcha=True,2026-05-18 12:47:23.449706
7adff450-1fa8-4b19-b791-5f67516ec2c6,stats_gov_cn,https://www.stats.gov.cn/english/nbs/200703/t20070329_59238.html,scrapy_pipeline,NotToday,published_at outside target calendar window,2026-05-18 12:47:23.667654
21eb67a3-29a4-419b-a350-293597838abb,news24_com,https://www.news24.com/life/travel/go,scrapy_pipeline,AccessControlDetected,paywall=False login=False captcha=True,2026-05-18 12:47:24.365719
eefd6e33-35b0-423a-adfe-6f1f75f7ad52,independent_co_uk,https://www.independent.co.uk/news/washington-national-mall-one-nation-god-b2978366.html,scrapy_pipeline,AccessControlDetected,paywall=False login=False captcha=True,2026-05-18 12:47:24.483953
446a7f57-d16a-4c57-9c2c-0c49c75ac561,boj_or_jp,https://www.boj.or.jp/en/about/pr_events/index.htm,scrapy_pipeline,NotToday,published_at outside target calendar window,2026-05-18 12:47:24.677004
becd2b81-b268-45b3-b9e0-cc0beb89219c,cbr_ru,https://www.cbr.ru/eng/RSCI/,scrapy_pipeline,NotToday,published_at outside target calendar window,2026-05-18 12:47:24.865740
c132714c-109f-4f45-a290-1e2248248e21,nytimes_com,https://www.nytimes.com/2026/05/18/world/europe/kylian-mbappe-national-rally-france.html,scrapy_pipeline,AccessControlDetected,paywall=False login=False captcha=True,2026-05-18 12:47:25.083145
638d1666-0e7b-4c77-92f9-c65eb7f9541b,scmp_com,https://www.scmp.com/sport/football/article/3353873/worst-team-hong-kong-footballs-top-flight-could-still-avoid-drop-boss-gets-sack?utm_source=rss_feed,scrapy_pipeline,AccessControlDetected,paywall=False login=False captcha=True,2026-05-18 12:47:25.353017
efc95620-e24f-4183-803e-1e88637ebac2,almasryalyoum_com,https://www.almasryalyoum.com/section/index/6,scrapy_pipeline,AccessControlDetected,paywall=False login=False captcha=True,2026-05-18 12:47:25.595829
bf4377aa-1a32-4d63-97a0-eeac54bbc2b8,moea_gov_tw,https://www.moea.gov.tw/Mns/english/videos/VideoRss.aspx?kind=V&menu_id=32902,scrapy_pipeline,NotToday,published_at outside target calendar window,2026-05-18 12:47:26.044454
dd38f18f-0e1a-47c7-8a67-f41f29a9b455,lanacion_com_ar,https://www.lanacion.com.ar/politica/el-gobierno-busca-aprovechar-el-inminente-mundial-de-futbol-para-hacer-un-reseteo-de-la-gestion-nid17052026/,scrapy_pipeline,AccessControlDetected,paywall=False login=False captcha=True,2026-05-18 12:47:26.278416
0e958578-4976-4785-82ac-063014ccc61e,timesofisrael_com,https://www.timesofisrael.com/real-estate-israel/,scrapy_pipeline,AccessControlDetected,paywall=False login=False captcha=True,2026-05-18 12:47:26.722687
d2d7056c-7723-4863-9b95-f61302f6a141,independent_co_uk,https://www.independent.co.uk/life-style/health-and-families/exercise-cycling-health-benefits-walking-running-b2978367.html,scrapy_pipeline,AccessControlDetected,paywall=False login=False captcha=True,2026-05-18 12:47:26.896477
c5ade05e-03e8-4306-96e3-5058e7e46b26,thanhnien_vn,https://thanhnien.vn/bong-da-viet-nam-huong-loi-khi-gap-doi-thu-manh-185260513192441614.htm,scrapy_pipeline,AccessControlDetected,paywall=False login=False captcha=True,2026-05-18 12:47:27.064885
9173675f-1245-4e55-bc91-e89338dd800e,theguardian_com,https://www.theguardian.com/politics/2026/may/18/hundreds-of-children-affected-uk-suspension-refugee-family-reunion-red-cross,scrapy_pipeline,AccessControlDetected,paywall=False login=False captcha=True,2026-05-18 12:47:27.176502
79e65ff8-2730-4f3b-b2ef-f8dba95347f8,indianexpress_com,https://indianexpress.com/article/sports/cricket/slower-ball-weakness-vaibhav-sooryavanshi-rathour-dc-v-rr-ipl-2026-10694985/,scrapy_pipeline,AccessControlDetected,paywall=False login=False captcha=True,2026-05-18 12:47:27.348661
0baa59d3-ad10-4ef6-b7d7-08ffd4637834,cbr_ru,https://www.cbr.ru/eng/banking_sector/,scrapy_pipeline,NotToday,published_at outside target calendar window,2026-05-18 12:47:28.121435
f280c785-6c7e-40e5-9064-3d0756fc79f9,stats_gov_cn,https://www.stats.gov.cn/english/nbs/201312/t20131213_480293.html,scrapy_pipeline,NotToday,published_at outside target calendar window,2026-05-18 12:47:28.234702
c629219f-0345-4a43-b79d-fe6168f597fd,moea_gov_tw,https://www.moea.gov.tw/Mns/english/news/News.aspx?kind=13&menu_id=32901,scrapy_pipeline,NotToday,published_at outside target calendar window,2026-05-18 12:47:28.338599
60607cc3-7170-4a66-b0dc-0cf1310e0750,boj_or_jp,https://www.boj.or.jp/en/about/release_2026/index.htm,scrapy_pipeline,NotToday,published_at outside target calendar window,2026-05-18 12:47:28.539080
2b133eae-33e3-49b3-9b88-284223dee9d7,tuoitre_vn,https://tuoitre.vn/bo-y-te-se-giam-sat-phong-chong-benh-truyen-nhiem-tren-ca-mang-xa-hoi-20260518102020909.htm,scrapy_pipeline,AccessControlDetected,paywall=False login=False captcha=True,2026-05-18 12:47:28.749189
f8b79e7f-99ab-457f-a707-eb0a038a5d0d,gulfnews_com,https://gulfnews.com/technology/iphone-18-pro-max-leaks-dark-cherry-colour-tipped-as-apples-boldest-design-yet-major-camera-upgrades-expected-1.500544130,scrapy_pipeline,AccessControlDetected,paywall=False login=False captcha=True,2026-05-18 12:47:29.158685
467f0a39-c70b-4021-adc1-34e686ab6692,mof_go_jp,https://www.mof.go.jp/english/public_relations/statement/index.htm,scrapy_pipeline,NotToday,published_at outside target calendar window,2026-05-18 12:47:29.279209
a8078a7a-392f-4a43-a9ea-1b4190f3b2dc,indianexpress_com,https://indianexpress.com/article/world/us-news/the-iran-war-is-crippling-one-of-the-worlds-wealthiest-nations-10694948/,scrapy_pipeline,AccessControlDetected,paywall=False login=False captcha=True,2026-05-18 12:47:29.711152
a396d86a-c343-474b-b151-4b573a3d831b,news24_com,https://www.news24.com/truelove,scrapy_pipeline,AccessControlDetected,paywall=False login=False captcha=True,2026-05-18 12:47:30.422320
0825a86c-73f3-49c8-b120-b18773879745,cbc_gov_tw,https://www.cbc.gov.tw/tw/np-2175-1.html,scrapy_pipeline,ShortContent,length=0 min=80,2026-05-18 12:47:30.912281
2b433391-28bc-47f1-86a9-06f091fa2dd9,baochinhphu_vn,https://baochinhphu.vn/thu-tuong-le-minh-hung-khoa-hoc-cong-nghe-doi-moi-sang-tao-la-yeu-to-song-con-de-hien-thuc-hoa-khat-vong-phat-trien-dat-nuoc-102260518100344403.htm,scrapy_pipeline,AccessControlDetected,paywall=False login=False captcha=True,2026-05-18 12:47:31.240309
fe6e0272-aa2a-46c6-8e37-98b3f5ca766f,meduza_io,https://meduza.io/en/episodes/2025/10/29/julia-ioffe-s-motherland,scrapy_pipeline,AccessControlDetected,paywall=False login=False captcha=True,2026-05-18 12:47:31.345502
4c5e90ac-687d-4582-a354-385cc6bc850e,scmp_com,https://www.scmp.com/business/article/3353784/mainland-chinese-demand-hong-kong-homes-grows-yuan-gains-and-rising-rents?utm_source=rss_feed,scrapy_pipeline,AccessControlDetected,paywall=False login=False captcha=True,2026-05-18 12:47:31.598112
52414ecc-94a7-40ae-bed2-129efc44b750,csrc_gov_cn,http://www.csrc.gov.cn/csrc/c100029/c7473708/content.shtml,scrapy_pipeline,NotToday,published_at outside target calendar window,2026-05-18 12:47:31.812920
811c0fa2-02f4-429a-9c9b-642abc0c85cb,english_www_gov_cn,https://english.www.gov.cn/news/202604/22/content_WS69e8d587c6d00ca5f9a0a96a.html,scrapy_pipeline,NotToday,published_at outside target calendar window,2026-05-18 12:47:31.930313
1162394a-769d-4965-9f4e-97ace9b9a1f0,boj_or_jp,https://www.boj.or.jp/en/about/r_menu_dan/index.htm,scrapy_pipeline,NotToday,published_at outside target calendar window,2026-05-18 12:47:32.136236
2884cd51-30da-4647-85a0-1a00a151d6dc,federalreserve_gov,https://www.federalreserve.gov/sitemap.htm,scrapy_pipeline,NotToday,published_at outside target calendar window,2026-05-18 12:47:32.414071
9cf154f5-d34e-4d02-a66d-191e1b06056b,nytimes_com,https://www.nytimes.com/2026/05/17/climate/geologic-hydrogen-clean-energy-underground.html,scrapy_pipeline,AccessControlDetected,paywall=False login=False captcha=True,2026-05-18 12:47:32.771713
7b556439-d9f7-4bc9-93a3-c666efe01d28,almasryalyoum_com,https://www.almasryalyoum.com/section/index/5,scrapy_pipeline,AccessControlDetected,paywall=False login=False captcha=True,2026-05-18 12:47:33.001772
f58469fc-813a-451a-ab80-a81156d976a6,twse_com_tw,https://www.twse.com.tw/zh/search.html,scrapy_pipeline,NotToday,published_at outside target calendar window,2026-05-18 12:47:33.203438
fb626f53-1c8f-4d55-8f2e-0beca609bc1e,ema_europa_eu,https://www.ema.europa.eu/en/committees/how-committees-work,scrapy_pipeline,NotToday,published_at outside target calendar window,2026-05-18 12:47:33.351700
e0c199f2-6dbf-4d52-be3d-298a2932e8a6,thanhnien_vn,https://thanhnien.vn/xem-2-chien-dau-co-tac-chien-dien-tu-hai-quan-my-va-cham-tren-khong-185260518110513557.htm,scrapy_pipeline,AccessControlDetected,paywall=False login=False captcha=True,2026-05-18 12:47:33.763340
5d374338-af59-4125-a594-21607e924cd3,afdb_org,https://www.afdb.org/en/countries/north-africa/algeria,scrapy_pipeline,NotToday,published_at outside target calendar window,2026-05-18 12:47:34.009872
7e1a5c7b-adaf-48e9-aaa7-0e7ab7c12ccd,todayonline_com,https://www.channelnewsasia.com/today/learning-minds,scrapy_pipeline,NotToday,published_at outside target calendar window,2026-05-18 12:47:34.230727
0612abcd-94c0-4ea2-adfd-fc6c5e944138,gulfnews_com,https://gulfnews.com/lifestyle/audemars-piguet-x-swatch-royal-pop-sparks-uae-resale-frenzy-as-prices-soar-to-nearly-20-times-retail-from-500-to-6800-1.500544175,scrapy_pipeline,AccessControlDetected,paywall=False login=False captcha=True,2026-05-18 12:47:34.775380
d45a36f6-c932-4923-80b8-f2fdd507a8cb,almasryalyoum_com,https://www.almasryalyoum.com/news/silenceforbidden,scrapy_pipeline,AccessControlDetected,paywall=False login=False captcha=True,2026-05-18 12:47:34.988135
c19a3095-badc-4886-858d-57467e8d1178,tadawulgroup_sa,https://www.tadawulgroup.sa/wps/portal/tadawulgroup/media/media/!ut/p/z0/04_Sj9CPykssy0xPLMnMz0vMAfIjo8ziTR3NDIw8LAz8LdxdnQ0Cg0xDfFx9Ag0MXMz0C7IdFQGrdg4M/?locale=en,scrapy_pipeline,NotToday,published_at outside target calendar window,2026-05-18 12:47:35.213175
7a1a44e4-27c1-4086-9da2-f2531f08f3d9,tuoitre_vn,https://tuoitre.vn/thu-tuong-le-minh-hung-chuyen-manh-tu-tu-duy-lam-cho-co-sang-tao-ra-san-pham-thuc-chat-20260518071947413.htm,scrapy_pipeline,AccessControlDetected,paywall=False login=False captcha=True,2026-05-18 12:47:35.410023
640075b6-fa43-448b-87ea-5b05c0791932,theaustralian_com_au,https://www.theaustralian.com.au/sitemap.xml,scrapy_fetch,FetchError,IgnoreRequest('Forbidden by robots.txt'),2026-05-18 12:47:35.533024
c2d139d8-cd46-4c41-8e3e-f26e0feede6b,mof_go_jp,https://www.mof.go.jp/english/public_relations/index.html,scrapy_pipeline,NotToday,published_at outside target calendar window,2026-05-18 12:47:35.942424
8a176483-1b60-4d86-831e-3034d4a62b8c,english_mofcom_gov_cn,https://english.mofcom.gov.cn/Policies/Gazette/art/2026/art_7f9e25e09fde435ba20ef91c368783ed.html,scrapy_pipeline,NotToday,published_at outside target calendar window,2026-05-18 12:47:36.060871
7bfd91e5-f25d-4b13-8fcb-17d9e649d813,lanacion_com_ar,https://www.lanacion.com.ar/el-mundo/el-partido-popular-retiene-el-poder-en-andalucia-avanza-vox-y-el-psoe-se-hunde-en-un-bastion-nid17052026/,scrapy_pipeline,AccessControlDetected,paywall=False login=False captcha=True,2026-05-18 12:47:36.473846
4fa850bf-a450-4377-a1a6-a236792c1015,english_www_gov_cn,https://english.www.gov.cn/news/202604/30/content_WS69f29c83c6d00ca5f9a0ab64.html,scrapy_pipeline,NotToday,published_at outside target calendar window,2026-05-18 12:47:36.592535
5abb8cfd-0d0f-41b4-ac11-28fc7168dd71,tadawulgroup_sa,https://www.tadawulgroup.sa/wps/portal/tadawulgroup/sustainability?locale=en,scrapy_pipeline,NotToday,published_at outside target calendar window,2026-05-18 12:47:36.822367
983660b5-a42e-4822-87e4-648a4d7e47f7,boj_or_jp,https://www.boj.or.jp/en/about/r_menu_koen/index.htm,scrapy_pipeline,NotToday,published_at outside target calendar window,2026-05-18 12:47:37.165332
8e0c501d-49d8-4097-b9c8-9b92ec2826e3,baochinhphu_vn,https://baochinhphu.vn/vi-sao-hoa-don-tien-dien-de-leo-thang-trong-mua-nang-nong-102260518115230778.htm,scrapy_pipeline,AccessControlDetected,paywall=False login=False captcha=True,2026-05-18 12:47:37.319714
752d8523-fcd9-4f6c-a432-3fe4703d887e,nytimes_com,https://www.nytimes.com/2026/05/18/business/iran-war-somalia-usaid.html,scrapy_pipeline,AccessControlDetected,paywall=False login=False captcha=True,2026-05-18 12:47:38.009075
3f956067-f355-4a69-a547-bdf34c95591a,fsc_go_kr,https://www.fsc.go.kr/eng/po050101,scrapy_pipeline,NotToday,published_at outside target calendar window,2026-05-18 12:47:38.191130
73063ba2-3215-4bae-b1c9-2ff5a507f550,rnz_co_nz,https://www.rnz.co.nz/news/health,scrapy_pipeline,NotToday,published_at outside target calendar window,2026-05-18 12:47:38.642147
a4b44186-1f14-496f-b8e3-1a8d202f990a,timesofisrael_com,https://www.timesofisrael.com/tech-israel/,scrapy_pipeline,AccessControlDetected,paywall=False login=False captcha=True,2026-05-18 12:47:39.046098
07ceb3bb-4e1c-4589-a514-f49371633f93,thanhnien_vn,https://thanhnien.vn/o-to-sedan-hang-b-duoi-600-trieu-mazda2-bam-sat-toyota-vios-hyundai-accent-hut-hoi-185260515151401648.htm,scrapy_pipeline,AccessControlDetected,paywall=False login=False captcha=True,2026-05-18 12:47:39.788425
7396a2e2-be93-4505-a89c-3a20f799a497,tadawulgroup_sa,https://www.tadawulgroup.sa/wps/portal/!ut/p/z0/04_Sj9CPykssy0xPLMnMz0vMAfIjo8zi3f0tDTzcvQ1MPMKCTQzMggyMfFxdLQzdw8z1C7IdFQFXP71_/?locale=en,scrapy_pipeline,NotToday,published_at outside target calendar window,2026-05-18 12:47:40.047389
3089abc4-2ffa-46c7-8c7f-df823672c674,ons_gov_uk,https://www.ons.gov.uk/businessindustryandtrade/itandinternetindustry,scrapy_pipeline,NotToday,published_at outside target calendar window,2026-05-18 12:47:40.528096
4ded5c75-f2c3-4239-925e-0e63b609f0ab,agenciadenoticias_ibge_gov_br,https://agenciadenoticias.ibge.gov.br/en/agencia-news.html,scrapy_pipeline,HttpError,status=403,2026-05-18 12:47:40.666364
c4275164-3244-47c7-bee8-4a098afbc22d,csrc_gov_cn,http://www.csrc.gov.cn/csrc/c100028/c7632989/content.shtml,scrapy_pipeline,NotToday,published_at outside target calendar window,2026-05-18 12:47:40.793219
62c27eee-2e2d-445c-88fb-4beab1300328,federalreserve_gov,https://www.federalreserve.gov/publications.htm,scrapy_pipeline,NotToday,published_at outside target calendar window,2026-05-18 12:47:41.197007
659ae6aa-e33e-41cc-b77b-aff0828f4fa5,news24_com,https://www.news24.com/drum,scrapy_pipeline,AccessControlDetected,paywall=False login=False captcha=True,2026-05-18 12:47:41.465490
df7e060a-d474-4d68-9193-5b75293f08f5,rnz_co_nz,https://www.rnz.co.nz/news/crime-and-justice,scrapy_pipeline,NotToday,published_at outside target calendar window,2026-05-18 12:47:41.880876
bc190a8c-50b5-4906-a995-feb19e4f73f6,moea_gov_tw,https://www.moea.gov.tw/Mns/english/news/NewsActive.aspx?kind=12&menu_id=32900,scrapy_pipeline,NotToday,published_at outside target calendar window,2026-05-18 12:47:42.114332
0098f413-82fe-4559-9906-5a3546fa6e68,ons_gov_uk,https://www.ons.gov.uk/businessindustryandtrade/constructionindustry,scrapy_pipeline,NotToday,published_at outside target calendar window,2026-05-18 12:47:42.440586
0c1e6835-1713-4adf-9f65-e5d0a74facf5,cbr_ru,https://www.cbr.ru/eng/insurance/news/,scrapy_pipeline,NotToday,published_at outside target calendar window,2026-05-18 12:47:42.584593
060f3058-46e7-46a1-b1f3-4a466214011a,cbc_gov_tw,https://www.cbc.gov.tw/tw/np-2172-1.html,scrapy_pipeline,ShortContent,length=0 min=80,2026-05-18 12:47:43.402073
c528ec35-c101-43d6-888d-568efefe69c9,todayonline_com,https://www.channelnewsasia.com/today/mental-health-matters,scrapy_pipeline,NotToday,published_at outside target calendar window,2026-05-18 12:47:43.752509
ba86ca46-bc63-4cd2-9e6c-492ae6da6afe,cbr_ru,https://www.cbr.ru/eng/oper_br/,scrapy_pipeline,NotToday,published_at outside target calendar window,2026-05-18 12:47:43.888005
cff435a5-c830-4f3d-91f9-64a6091d6bf6,ema_europa_eu,https://www.ema.europa.eu/en/committees,scrapy_pipeline,NotToday,published_at outside target calendar window,2026-05-18 12:47:44.023220
6362c76a-ee7c-45e7-abd6-8efb3d254c3e,cbc_gov_tw,https://www.cbc.gov.tw/tw/np-2171-1.html,scrapy_pipeline,ShortContent,length=0 min=80,2026-05-18 12:47:44.158618
82e3bce7-139a-432c-a08c-fec11500a099,agenciadenoticias_ibge_gov_br,https://agenciadenoticias.ibge.gov.br/en/agencia-press-room.html,scrapy_pipeline,HttpError,status=403,2026-05-18 12:47:44.234200
c0ca568b-5865-4c07-aab5-4b777631adfa,afdb_org,https://www.afdb.org/en/countries/north-africa,scrapy_pipeline,NotToday,published_at outside target calendar window,2026-05-18 12:47:44.398175
4cd50f94-be38-4cda-885a-f5cba048a101,timesofisrael_com,https://www.timesofisrael.com/israel-inside/,scrapy_pipeline,AccessControlDetected,paywall=False login=False captcha=True,2026-05-18 12:47:44.703659
34678ef6-738c-49c9-8a22-b15301a7c09c,almasryalyoum_com,https://www.almasryalyoum.com/section/index/86,scrapy_pipeline,AccessControlDetected,paywall=False login=False captcha=True,2026-05-18 12:47:45.647960
2ffb5d8a-c522-40c2-b94d-6aae539908c5,rnz_co_nz,https://www.rnz.co.nz/news/sport,scrapy_pipeline,NotToday,published_at outside target calendar window,2026-05-18 12:47:46.266891
9e770027-408e-4681-aa6a-83c7a19f6d73,ema_europa_eu,https://www.ema.europa.eu/en/veterinary-regulatory-overview/post-authorisation-veterinary-medicines,scrapy_pipeline,NotToday,published_at outside target calendar window,2026-05-18 12:47:46.554336
87058a59-1c69-4fd8-a135-ad58dacf6c61,english_mofcom_gov_cn,https://english.mofcom.gov.cn/Policies/Gazette/art/2026/art_17d7dd78eea644db909d1b9bf7301a79.html,scrapy_pipeline,NotToday,published_at outside target calendar window,2026-05-18 12:47:46.757854
adaf5e97-8942-445c-8d64-1316c846e681,timesofisrael_com,https://www.timesofisrael.com/jewish-times/,scrapy_pipeline,AccessControlDetected,paywall=False login=False captcha=True,2026-05-18 12:47:47.093900
b8ee3ed9-9692-497f-8607-bf0a2734e247,ons_gov_uk,https://www.ons.gov.uk/businessindustryandtrade/changestobusiness,scrapy_pipeline,NotToday,published_at outside target calendar window,2026-05-18 12:47:47.313361
8249d359-10cd-4908-8174-55eaf77052bc,agenciadenoticias_ibge_gov_br,https://agenciadenoticias.ibge.gov.br/en/agency-home.html,scrapy_pipeline,HttpError,status=403,2026-05-18 12:47:47.422820
f8b171a5-f909-4ce6-a8c8-f5fa0da54251,todayonline_com,https://www.channelnewsasia.com/today/adulting,scrapy_pipeline,NotToday,published_at outside target calendar window,2026-05-18 12:47:49.310107
95f27065-65a0-41b9-bcdf-dd2c2d6922dd,twse_com_tw,https://www.twse.com.tw/en/about/news/event/list.html,scrapy_pipeline,NotToday,published_at outside target calendar window,2026-05-18 12:47:49.424876
cbd645ba-9eb7-4f23-812b-79f26d86306c,rnz_co_nz,https://www.rnz.co.nz/news/personal-finance,scrapy_pipeline,NotToday,published_at outside target calendar window,2026-05-18 12:47:49.924592
642de0a3-0b4c-4670-a171-7dc1be56834e,english_news_cn,https://english.news.cn/northamerica/index.htm,scrapy_pipeline,NotToday,published_at outside target calendar window,2026-05-18 12:47:50.071402
7b6fab7c-15dc-4a53-8b28-9f04acd6ccf8,tadawulgroup_sa,https://www.tadawulgroup.sa/wps/portal/tadawulgroup/invester-relations/corporate-governance?locale=en,scrapy_pipeline,NotToday,published_at outside target calendar window,2026-05-18 12:47:50.299745
0afa441e-4ebc-440b-af41-33940b28bd88,boj_or_jp,https://www.boj.or.jp/en/about/r_menu_ron/index.htm,scrapy_pipeline,NotToday,published_at outside target calendar window,2026-05-18 12:47:50.625385
237e702b-db67-4c75-b22d-c6804ec7f13e,almasryalyoum_com,https://www.almasryalyoum.com/section/index/613,scrapy_pipeline,AccessControlDetected,paywall=False login=False captcha=True,2026-05-18 12:47:50.832393
72e7fb75-c02d-43d3-a852-01a218712d04,fsc_go_kr,https://www.fsc.go.kr/eng/po110101,scrapy_pipeline,NotToday,published_at outside target calendar window,2026-05-18 12:47:50.997284
c8a3e859-539d-4c23-8e00-20895619726f,english_www_gov_cn,https://english.www.gov.cn/news/202605/14/content_WS6a05cbf2c6d00ca5f9a0af65.html,scrapy_pipeline,NotToday,published_at outside target calendar window,2026-05-18 12:47:51.104931
7a68500d-b3e2-498e-81e3-5821c39db035,ons_gov_uk,https://www.ons.gov.uk/businessindustryandtrade/business,scrapy_pipeline,NotToday,published_at outside target calendar window,2026-05-18 12:47:51.262659
2c4ac21b-4314-4cdb-95e5-9e4dceca743d,ema_europa_eu,https://www.ema.europa.eu/en/veterinary-regulatory-overview/marketing-authorisation-veterinary-medicines,scrapy_pipeline,NotToday,published_at outside target calendar window,2026-05-18 12:47:51.401051
a04f17d5-3b0c-436d-a2b4-356fb5840925,todayonline_com,https://www.channelnewsasia.com/today/voices,scrapy_pipeline,NotToday,published_at outside target calendar window,2026-05-18 12:47:51.740474
806ac628-50c1-4545-9f4d-dd796c9b27ee,news24_com,https://www.news24.com/you,scrapy_pipeline,AccessControlDetected,paywall=False login=False captcha=True,2026-05-18 12:47:52.782949
160b38b8-109c-48e7-bb90-af660a1bec56,federalreserve_gov,https://www.federalreserve.gov/newsevents/calendar.htm,scrapy_pipeline,NotToday,published_at outside target calendar window,2026-05-18 12:47:52.995350
42f1b548-99f1-4880-9655-e35f6901cfcd,mof_go_jp,https://www.mof.go.jp/english/about_mof/related_link/index.html,scrapy_pipeline,NotToday,published_at outside target calendar window,2026-05-18 12:47:53.217308
bd2d0544-0096-41ce-9b52-7fe0f65efe5b,csrc_gov_cn,http://www.csrc.gov.cn/csrc/c100028/c7633044/content.shtml,scrapy_pipeline,NotToday,published_at outside target calendar window,2026-05-18 12:47:53.334102
f5a69ced-c0d8-4b8b-82f5-83f9d67e2e7d,afdb_org,https://www.afdb.org/en/countries,scrapy_pipeline,HttpError,status=403,2026-05-18 12:47:53.678130
890c911b-107d-4486-b90a-72827a974474,moea_gov_tw,https://www.moea.gov.tw/Mns/english/news/News.aspx?kind=6&menu_id=176,scrapy_pipeline,NotToday,published_at outside target calendar window,2026-05-18 12:47:54.125367
01a347dd-6218-4284-8d98-1b658ac3557a,boj_or_jp,https://www.boj.or.jp/en/about/press/index.htm,scrapy_pipeline,NotToday,published_at outside target calendar window,2026-05-18 12:47:54.561374
0b175a12-3920-473a-acd6-823c1b9d5d3e,tadawulgroup_sa,https://www.tadawulgroup.sa/wps/portal/tadawulgroup/invester-relations/reports-and-publications?locale=en,scrapy_pipeline,NotToday,published_at outside target calendar window,2026-05-18 12:47:54.798983
87e9bffa-984e-4656-9b61-b242201afc6b,english_news_cn,https://english.news.cn/africa/index.htm,scrapy_pipeline,NotToday,published_at outside target calendar window,2026-05-18 12:47:55.034642
0c8dc781-1cdd-4734-b355-73b28fb8ba88,cbc_gov_tw,https://www.cbc.gov.tw/tw/np-2173-1.html,scrapy_pipeline,ShortContent,length=0 min=80,2026-05-18 12:47:55.103203
217b4b8a-4423-4470-89dc-041ac32424d0,cbr_ru,https://www.cbr.ru/eng/banking_sector/news/,scrapy_pipeline,NotToday,published_at outside target calendar window,2026-05-18 12:47:55.213626
064329a3-2b64-4068-a3c5-59c71d8c14d3,english_www_gov_cn,https://english.www.gov.cn/news/202605/13/content_WS6a0436ddc6d00ca5f9a0aebc.html,scrapy_pipeline,NotToday,published_at outside target calendar window,2026-05-18 12:47:55.338330
d7adc6bb-9b4e-4e2f-9191-8dfb34c97c13,timesofisrael_com,https://www.timesofisrael.com/israel-and-the-region/,scrapy_pipeline,AccessControlDetected,paywall=False login=False captcha=True,2026-05-18 12:47:56.101903
8d96c7b7-103d-4ec6-97f9-c50c97a2e752,stats_gov_cn,https://www.stats.gov.cn/english/InternationalTraining/202405/t20240520_1950505.html,scrapy_pipeline,NotToday,published_at outside target calendar window,2026-05-18 12:47:56.471472
ba8a91bd-5cab-4d1d-8012-6371e7cb19f2,english_mofcom_gov_cn,https://english.mofcom.gov.cn/Policies/Gazette/index.html,scrapy_pipeline,ShortContent,length=16 min=80,2026-05-18 12:47:56.916703
ee81f71a-532c-40da-824f-6eb55581d095,twse_com_tw,https://www.twse.com.tw/en/about/news/news/list.html,scrapy_pipeline,NotToday,published_at outside target calendar window,2026-05-18 12:47:57.073343
b0e8ecd7-f81f-47d8-b2bd-8043d5038cc1,cbc_gov_tw,https://www.cbc.gov.tw/tw/np-2174-1.html,scrapy_pipeline,ShortContent,length=0 min=80,2026-05-18 12:47:57.914567
7e07a395-686d-472a-a4a6-6a06e1d094cd,rnz_co_nz,https://www.rnz.co.nz/news/business,scrapy_pipeline,NotToday,published_at outside target calendar window,2026-05-18 12:47:58.268700
a3dc1b39-037c-4874-88f5-401be190ce25,ons_gov_uk,https://www.ons.gov.uk/businessindustryandtrade,scrapy_pipeline,NotToday,published_at outside target calendar window,2026-05-18 12:47:58.476381
9a729ea4-d2d1-4997-9fe2-e6ca356319a4,english_mofcom_gov_cn,https://english.mofcom.gov.cn/Policies/Gazette/art/2026/art_fd09a549645f4ac68348534dd06520f3.html,scrapy_pipeline,NotToday,published_at outside target calendar window,2026-05-18 12:47:58.682992
1eb47a81-6ada-4eb1-9944-9512aab82a3f,ema_europa_eu,https://www.ema.europa.eu/en/veterinary-regulatory-overview/research-development-veterinary-medicines,scrapy_pipeline,NotToday,published_at outside target calendar window,2026-05-18 12:47:58.809359
b6393540-a133-4301-877c-2792189fa9d5,cbr_ru,https://www.cbr.ru/eng/RSCI/news/,scrapy_pipeline,NotToday,published_at outside target calendar window,2026-05-18 12:47:58.924548
0f38954e-6744-4f82-9abd-8e32ba0434ff,twse_com_tw,https://www.twse.com.tw/IIH2/en/,scrapy_pipeline,NotToday,published_at outside target calendar window,2026-05-18 12:47:59.009807
d5751f40-bbc5-48c8-ba09-4b629ecf0da5,independent_co_uk,https://www.independent.co.uk/news/spirit-americans-jetblue-spirit-airlines-alaska-airlines-b2978369.html,scrapy_pipeline,AccessControlDetected,paywall=False login=False captcha=True,2026-05-18 12:47:59.278318
e1adcfca-632d-45ee-b256-bb6adfbc20a7,todayonline_com,https://www.channelnewsasia.com/today/ground-up,scrapy_pipeline,NotToday,published_at outside target calendar window,2026-05-18 12:47:59.669794
e414031d-dee5-4399-bb0e-309bcc8465db,theguardian_com,https://www.theguardian.com/business/2026/may/18/uk-datacentres-plan-to-burn-gas-to-generate-electricity,scrapy_pipeline,AccessControlDetected,paywall=False login=False captcha=True,2026-05-18 12:47:59.964669
d094a9af-e363-44f8-8c61-ff6d0561e806,scmp_com,https://www.scmp.com/news/china/diplomacy/article/3353882/how-does-strait-hormuz-stand-look-wake-trump-xi-summit?utm_source=rss_feed,scrapy_pipeline,AccessControlDetected,paywall=False login=False captcha=True,2026-05-18 12:48:00.876683
5f11b96c-8623-4b67-a765-b2b676642cd9,fsc_go_kr,https://www.fsc.go.kr/eng/pr020101,scrapy_pipeline,NotToday,published_at outside target calendar window,2026-05-18 12:48:01.549327
fad68434-ca59-478a-b514-e2aa5a5d1c4e,lanacion_com_ar,https://www.lanacion.com.ar/deportes/futbol/rosario-central-vs-ucv-dia-horario-tv-y-como-ver-online-el-partido-de-la-copa-libertadores-2026-nid17052026/,scrapy_pipeline,AccessControlDetected,paywall=False login=False captcha=True,2026-05-18 12:48:01.742816
9e052cbb-50eb-420a-891d-2148140ba779,theguardian_com,https://www.theguardian.com/us-news/2026/may/17/air-force-base-idaho-incident,scrapy_pipeline,AccessControlDetected,paywall=False login=False captcha=True,2026-05-18 12:48:01.866828
7ca00224-2c65-45dd-b826-980d50de7eb4,almasryalyoum_com,https://www.almasryalyoum.com/section/index/126,scrapy_pipeline,AccessControlDetected,paywall=False login=False captcha=True,2026-05-18 12:48:02.133114
780408a6-7ce4-4cd2-9352-f86ce5dc9685,independent_co_uk,https://www.independent.co.uk/news/india-hindu-photo-essay-tamil-nadu-god-b2978371.html,scrapy_pipeline,AccessControlDetected,paywall=False login=False captcha=True,2026-05-18 12:48:02.897050
9a36c403-56c8-4480-90dc-81a1f6e73fd1,indianexpress_com,https://indianexpress.com/article/books-and-literature/india-pakistan-mohammed-hanif-rebel-english-academy-10694702/,scrapy_pipeline,AccessControlDetected,paywall=False login=False captcha=True,2026-05-18 12:48:03.673873
7b059ac4-1a94-439a-bb28-3df4bb7ec7f0,csrc_gov_cn,http://www.csrc.gov.cn/csrc/c100028/c7633046/content.shtml,scrapy_pipeline,NotToday,published_at outside target calendar window,2026-05-18 12:48:03.778254
55bb2638-d29f-4642-a06f-82b95ebef9d0,scmp_com,https://www.scmp.com/news/hong-kong/society/article/3353898/whats-behind-rise-firings-linked-disability-discrimination?utm_source=rss_feed,scrapy_pipeline,AccessControlDetected,paywall=False login=False captcha=True,2026-05-18 12:48:03.955437
bbf8c60e-cb4c-4ed5-b481-198cef8978fd,ema_europa_eu,https://www.ema.europa.eu/en/veterinary-regulatory-overview,scrapy_pipeline,NotToday,published_at outside target calendar window,2026-05-18 12:48:04.575118
7f8592b5-9dd1-40cc-b541-b1b870b07524,federalreserve_gov,https://www.federalreserve.gov/recentpostings.htm,scrapy_pipeline,NotToday,published_at outside target calendar window,2026-05-18 12:48:04.812921
723cdbd6-b47a-4da3-af2d-41ac0bea07c1,lanacion_com_ar,https://www.lanacion.com.ar/politica/el-juego-de-patricia-bullrich-en-la-ciudad-separa-a-los-primos-macri-que-se-dividen-entre-la-critica-nid17052026/,scrapy_pipeline,AccessControlDetected,paywall=False login=False captcha=True,2026-05-18 12:48:05.123533
63b514f8-d4d1-4d80-85be-33798e7f4509,rnz_co_nz,https://www.rnz.co.nz/news/world,scrapy_pipeline,NotToday,published_at outside target calendar window,2026-05-18 12:48:05.661188
a194ac83-3184-4977-90cc-6103571be066,twse_com_tw,https://www.twse.com.tw/en/products/colo/colo.html,scrapy_pipeline,NotToday,published_at outside target calendar window,2026-05-18 12:48:05.930665
b03d2ec0-f2e5-4618-aa3a-ad2cc78a4f77,cbr_ru,https://www.cbr.ru/eng/ec_research/,scrapy_pipeline,NotToday,published_at outside target calendar window,2026-05-18 12:48:06.097926
288cff45-5415-42a4-81e9-c7fa93b80abd,moea_gov_tw,https://www.moea.gov.tw/Mns/english/content/ContentMenu.aspx?menu_id=32753,scrapy_pipeline,NotToday,published_at outside target calendar window,2026-05-18 12:48:06.227419
076fe288-f505-4df5-af3f-748316e49cc2,gulfnews_com,https://gulfnews.com/business/corporate-news/bahrains-ctm360-receives-global-recognition-in-gartner-magic-quadrant-marking-historic-milestone-for-the-arab-world-1.500544215,scrapy_pipeline,AccessControlDetected,paywall=False login=False captcha=True,2026-05-18 12:48:06.455941
5f008279-6dcc-4557-a3c0-f03e44f8a422,ons_gov_uk,https://www.ons.gov.uk/aboutus,scrapy_pipeline,NotToday,published_at outside target calendar window,2026-05-18 12:48:06.667704
338678da-389c-4b17-88cd-891a7c5b780c,indianexpress_com,https://indianexpress.com/article/cities/pune/mauli-takalkar-passes-away-veteran-cymbals-accompanist-10694988/,scrapy_pipeline,AccessControlDetected,paywall=False login=False captcha=True,2026-05-18 12:48:07.063531
6c68b82c-19ba-470a-b908-09752bc56a07,todayonline_com,https://www.channelnewsasia.com/today/up-close,scrapy_pipeline,NotToday,published_at outside target calendar window,2026-05-18 12:48:07.629330
dcf2e0db-054c-4be6-9d9f-b33a3a087b51,agenciadenoticias_ibge_gov_br,https://agenciadenoticias.ibge.gov.br/agencia-rss,scrapy_pipeline,ShortContent,length=0 min=80,2026-05-18 12:48:07.821351
6abd88d6-3068-4830-862b-b95eb4c2aaba,gulfnews_com,https://gulfnews.com/business/energy/philippines-users-urged-to-conserve-electricity-rotational-brownouts-hit-luzon-yellow-alert-up-in-visayas-as-heatwave-plant-outages-line-failures-push-grid-to-the-brink-1.500544205,scrapy_pipeline,AccessControlDetected,paywall=False login=False captcha=True,2026-05-18 12:48:08.081815
fafac410-8429-4562-b042-506132d08531,afdb_org,https://www.afdb.org/en/about-us/corporate-procurement,scrapy_pipeline,NotToday,published_at outside target calendar window,2026-05-18 12:48:08.379134
a7b7842e-3172-45fe-b7e9-a879ac000715,english_www_gov_cn,https://english.www.gov.cn/news/202605/09/content_WS69fe7e42c6d00ca5f9a0ad58.html,scrapy_pipeline,NotToday,published_at outside target calendar window,2026-05-18 12:48:08.508933
1efd42b0-b71a-4e9f-b7e6-525da2565b21,english_news_cn,https://english.news.cn/northamerica/20260514/30cbef5909804598992383bc4c9dcfb2/c.html,scrapy_pipeline,NotToday,published_at outside target calendar window,2026-05-18 12:48:08.614300
9a872fbc-9862-431f-a856-73475a33a886,tadawulgroup_sa,https://www.tadawulgroup.sa/wps/portal/tadawulgroup/invester-relations/financial-calendar?locale=en,scrapy_pipeline,NotToday,published_at outside target calendar window,2026-05-18 12:48:08.976228
c66bdc0d-137b-4ce4-bf0f-f6330ae226f0,theguardian_com,https://www.theguardian.com/politics/2026/may/18/uk-ambassador-japan-corin-robertson-mandelson-inquiry,scrapy_pipeline,AccessControlDetected,paywall=False login=False captcha=True,2026-05-18 12:48:09.361423
dc377e4a-ee6b-4b0a-8271-fe816c6831d7,boj_or_jp,https://www.boj.or.jp/en/about/bcp/index.htm,scrapy_pipeline,NotToday,published_at outside target calendar window,2026-05-18 12:48:10.180104
def4fde4-6a06-4365-bd31-0ef7aa2ecdab,cbr_ru,https://www.cbr.ru/eng/business_reputation/,scrapy_pipeline,NotToday,published_at outside target calendar window,2026-05-18 12:48:10.553003
b22ca2d7-7cf6-48d4-812f-d4f95a4bfecd,baochinhphu_vn,https://baochinhphu.vn/dat-khong-co-nguon-goc-vuon-ao-co-duoc-giam-tien-su-dung-dat-10226051416292054.htm,scrapy_pipeline,AccessControlDetected,paywall=False login=False captcha=True,2026-05-18 12:48:10.717237
8dea2508-b99a-4953-b7af-996ea737c0c7,nytimes_com,https://www.nytimes.com/2026/05/17/us/a-federal-case-will-test-if-protesters-are-conspirators.html,scrapy_pipeline,AccessControlDetected,paywall=False login=False captcha=True,2026-05-18 12:48:11.000359
2650b4d5-0ba9-49df-b5cd-eb54535cc6c1,independent_co_uk,https://www.independent.co.uk/news/uk/home-news/horse-riding-taming-domestication-history-b2978368.html,scrapy_pipeline,AccessControlDetected,paywall=False login=False captcha=True,2026-05-18 12:48:11.156613
c6f16ae9-66ca-4459-99cf-a431c6a2ecdd,agenciadenoticias_ibge_gov_br,https://agenciadenoticias.ibge.gov.br/en/agency-home.html?lang=en-GB,scrapy_pipeline,HttpError,status=403,2026-05-18 12:48:11.389682
f9e7a2ba-1786-4e4e-8676-74fb0c0e8ff7,baochinhphu_vn,https://baochinhphu.vn/bao-tang-thien-nhien-viet-nam-gin-giu-kho-tu-lieu-song-ve-thien-nhien-dat-nuoc-102260518110626271.htm,scrapy_pipeline,AccessControlDetected,paywall=False login=False captcha=True,2026-05-18 12:48:14.717100
cc0ca0e4-bdc3-42c7-9ebf-28fc41d3cdcf,csrc_gov_cn,http://www.csrc.gov.cn/csrc/c106311/c7633097/content.shtml,scrapy_pipeline,NotToday,published_at outside target calendar window,2026-05-18 12:48:14.894242
12093cb2-7236-44b4-8e43-b15cab745f5a,almasryalyoum_com,https://www.almasryalyoum.com/section/index/78,scrapy_pipeline,AccessControlDetected,paywall=False login=False captcha=True,2026-05-18 12:48:15.168557
f26c18e3-30ef-4a44-998f-f4ba63deb499,meduza_io,https://meduza.io/en/episodes/2025/11/15/elena-kostyuchenko-explains-why-e-u-multiple-entry-visas-were-so-crucial-for-russian-dissidents-and-journalists,scrapy_pipeline,AccessControlDetected,paywall=False login=False captcha=True,2026-05-18 12:48:15.395531
d92b458b-1a94-476b-89d1-1a02fb62608f,tadawulgroup_sa,https://www.tadawulgroup.sa/wps/portal/tadawulgroup/invester-relations/analystcoverage?locale=en,scrapy_pipeline,NotToday,published_at outside target calendar window,2026-05-18 12:48:15.843436
2244a6f9-8330-464f-87f3-3c47ca580820,cbr_ru,https://www.cbr.ru/eng/counteraction_m_ter/,scrapy_pipeline,NotToday,published_at outside target calendar window,2026-05-18 12:48:16.048977
7e9d10cb-4687-4863-b607-744f36cb0156,almasryalyoum_com,https://www.almasryalyoum.com/section/index/4,scrapy_pipeline,AccessControlDetected,paywall=False login=False captcha=True,2026-05-18 12:48:16.309258
c595586b-8ace-4909-a5a7-c62092c04e4c,lanacion_com_ar,https://www.lanacion.com.ar/estados-unidos/no-esta-en-texas-el-cruce-fronterizo-que-la-cbp-destaco-por-la-incautacion-de-cargamentos-de-drogas-nid17052026/,scrapy_pipeline,AccessControlDetected,paywall=False login=False captcha=True,2026-05-18 12:48:16.552012
235b1256-259e-4cb4-9ec0-24c50034adac,thanhnien_vn,https://thanhnien.vn/be-gai-19-thang-tuoi-bi-cho-can-rach-sau-vung-dau-ma-185260518112814732.htm,scrapy_pipeline,AccessControlDetected,paywall=False login=False captcha=True,2026-05-18 12:48:16.798431
6012987f-7833-4b15-9e7f-a55451c53f47,indianexpress_com,https://indianexpress.com/article/technology/tech-news-technology/youtube-snap-and-tiktok-settle-school-districts-social-media-addiction-claims-10695024/,scrapy_pipeline,AccessControlDetected,paywall=False login=False captcha=True,2026-05-18 12:48:17.061616
da7317e4-0d0b-440a-bda3-63e5b86d6139,english_news_cn,https://english.news.cn/northamerica/20260514/c3185062e8d8495bacda0b30f7e1ba58/c.html,scrapy_pipeline,NotToday,published_at outside target calendar window,2026-05-18 12:48:17.181639
a4d08722-d739-47bb-860a-ef13a50750ec,timesofisrael_com,https://www.timesofisrael.com/signup/,scrapy_pipeline,AccessControlDetected,paywall=False login=False captcha=True,2026-05-18 12:48:17.348988
3390b4ea-8525-48b8-bc06-b450be8f4881,boj_or_jp,https://www.boj.or.jp/en/about/activities/act/index.htm,scrapy_pipeline,NotToday,published_at outside target calendar window,2026-05-18 12:48:17.590624
256eac06-6509-4ea7-a477-293f97246e9a,nytimes_com,https://www.nytimes.com/2026/05/17/us/trump-prayer-rally-national-mall.html,scrapy_pipeline,AccessControlDetected,paywall=False login=False captcha=True,2026-05-18 12:48:17.993634
070e03be-ee07-4096-b465-bc7ab973ad7a,english_www_gov_cn,https://english.www.gov.cn/news/202605/14/content_WS6a05c1a1c6d00ca5f9a0af58.html,scrapy_pipeline,NotToday,published_at outside target calendar window,2026-05-18 12:48:18.131142
849467f2-4cfd-497a-ba8a-f7e6b5f296ed,timesofisrael_com,https://www.timesofisrael.com/search/,scrapy_pipeline,AccessControlDetected,paywall=False login=False captcha=True,2026-05-18 12:48:18.328480
7b8e2b88-cc08-40f5-b49e-018a6547530b,mof_go_jp,https://www.mof.go.jp/english/about_mof/policy_evaluation/index.html,scrapy_pipeline,NotToday,published_at outside target calendar window,2026-05-18 12:48:18.569105
36a6d879-03cf-42a8-82ad-ed3a185261a3,agenciadenoticias_ibge_gov_br,https://agenciadenoticias.ibge.gov.br/agencia-home.html?lang=pt-BR,scrapy_pipeline,NotToday,published_at outside target calendar window,2026-05-18 12:48:18.751771
b86116e2-5d6b-4f0a-ac62-4e9ae916d1b7,thanhnien_vn,https://thanhnien.vn/chu-tich-quoc-hoi-tang-cuong-giam-sat-linh-vuc-giao-duc-y-te-185260518113413376.htm,scrapy_pipeline,AccessControlDetected,paywall=False login=False captcha=True,2026-05-18 12:48:18.974814
49107525-05ca-4f99-a2d2-1aab36924ac3,gulfnews_com,https://gulfnews.com/world/asia/india/watch-flamingos-turn-navi-mumbai-wetlands-pink-1.500544210,scrapy_pipeline,AccessControlDetected,paywall=False login=False captcha=True,2026-05-18 12:48:19.272329
5a6c0fb5-a12d-4c46-9d0b-523a88700512,tuoitre_vn,https://tuoitre.vn/chon-mon-thi-tot-nghiep-thpt-cua-hoc-sinh-tp-hcm-ra-sao-so-voi-nam-truoc-2026051809532849.htm,scrapy_pipeline,AccessControlDetected,paywall=False login=False captcha=True,2026-05-18 12:48:19.707202
5cfd6644-bc22-4641-852c-b222234e934d,cbr_ru,https://www.cbr.ru/eng/inside/,scrapy_pipeline,NotToday,published_at outside target calendar window,2026-05-18 12:48:20.639214
1926f002-6b41-4153-bd7a-6065fb1811bc,theguardian_com,https://www.theguardian.com/football/2026/may/18/world-cup-2026-resale-ticket-prices,scrapy_pipeline,AccessControlDetected,paywall=False login=False captcha=True,2026-05-18 12:48:20.789794
c64a594b-8f49-499a-bc70-8e6f09f312c3,english_mofcom_gov_cn,https://english.mofcom.gov.cn/News/SignificantNews/art/2021/art_a9dc02914b6244649010f75df3c4dc5e.html,scrapy_pipeline,NotToday,published_at outside target calendar window,2026-05-18 12:48:20.908414
f8a0f6fd-d772-487a-872a-c2b1467f6cb3,independent_co_uk,https://www.independent.co.uk/news/world/europe/russia-cruise-missile-attack-ukraine-maryna-homeniuk-b2978370.html,scrapy_pipeline,AccessControlDetected,paywall=False login=False captcha=True,2026-05-18 12:48:21.091234
b7acaf12-fd55-4bab-9a81-4f061d35f1b1,tuoitre_vn,https://tuoitre.vn/dam-dai-hu-tieu-ky-4-giu-huong-vi-hu-tieu-mien-tay-o-sai-gon-20260518105949403.htm,scrapy_pipeline,AccessControlDetected,paywall=False login=False captcha=True,2026-05-18 12:48:21.669871
a1994a87-8ad2-4d9d-b6e3-07edf3a6963f,wsj_com,https://www.wsj.com/sitemap.xml,scrapy_fetch,FetchError,IgnoreRequest('Forbidden by robots.txt'),2026-05-18 12:48:21.812289
36788a3d-133a-46ea-9b6b-907a0f94061f,nytimes_com,https://www.nytimes.com/2026/05/17/us/politics/taiwan-china-us-arms-deal.html,scrapy_pipeline,AccessControlDetected,paywall=False login=False captcha=True,2026-05-18 12:48:22.083060
75695f1e-ba41-4a8c-9f21-31e1577e73ab,euronews_com,https://www.euronews.com/business/2026/05/18/oil-prices-climb-as-donald-trump-signals-tougher-action-on-iran,scrapy_pipeline,ShortContent,length=0 min=80,2026-05-18 12:48:22.219431
fe118b66-02a8-4910-a87e-de4dbe147ad5,baochinhphu_vn,https://baochinhphu.vn/mo-dai-hung-hoi-sinh-bang-cong-nghe-va-ban-linh-nguoi-dau-khi-10226051811003593.htm,scrapy_pipeline,AccessControlDetected,paywall=False login=False captcha=True,2026-05-18 12:48:22.462289
efa0c56b-38c9-4c5f-99b1-b97c0392f181,fsc_go_kr,https://www.fsc.go.kr/eng/pr010101,scrapy_pipeline,NotToday,published_at outside target calendar window,2026-05-18 12:48:22.944549
789f42ac-f777-4a25-a574-90db17cf6897,theguardian_com,https://www.theguardian.com/football/2026/may/18/i-still-cant-believe-it-how-aarhus-went-from-sleeping-giants-to-their-first-title-in-40-years,scrapy_pipeline,AccessControlDetected,paywall=False login=False captcha=True,2026-05-18 12:48:23.206129
78f5ea7d-12f6-45f9-a0fd-3624ccfe5471,scmp_com,https://www.scmp.com/news/people-culture/trending-china/article/3353569/french-bulldog-china-known-collecting-plastic-bottles-faces-threats-animal-abusers?utm_source=rss_feed,scrapy_pipeline,AccessControlDetected,paywall=False login=False captcha=True,2026-05-18 12:48:23.438143
a514453e-3c54-45de-9f23-d14f10430b13,independent_co_uk,https://www.independent.co.uk/life-style/alex-cooper-pregnant-husband-matt-kaplan-b2978372.html,scrapy_pipeline,AccessControlDetected,paywall=False login=False captcha=True,2026-05-18 12:48:23.722167
b912a8e1-45e5-4a9b-9c24-a809f67c6573,federalreserve_gov,https://www.federalreserve.gov/subscribe.htm,scrapy_pipeline,NotToday,published_at outside target calendar window,2026-05-18 12:48:23.941739
04452f12-3b8c-49d2-bf45-96755a7ac4cd,cbr_ru,https://www.cbr.ru/eng/information_security/,scrapy_pipeline,NotToday,published_at outside target calendar window,2026-05-18 12:48:24.136169
1c9f98ff-b0d1-4465-a37f-743281a2a459,ema_europa_eu,https://www.ema.europa.eu/en/human-regulatory-overview/herbal-medicinal-products,scrapy_pipeline,NotToday,published_at outside target calendar window,2026-05-18 12:48:24.310915
d5c0ce07-bb72-4d9f-ab24-36101a82f751,moea_gov_tw,https://www.moea.gov.tw/Mns/english/multimedia/Multimedia.aspx?menu_id=230,scrapy_pipeline,NotToday,published_at outside target calendar window,2026-05-18 12:48:24.453957
7ec03c1a-7501-45d1-958c-b34875fc2d74,english_mofcom_gov_cn,https://english.mofcom.gov.cn/News/PressConference/art/2021/art_9901140e35404a589094064386511ac1.html,scrapy_pipeline,NotToday,published_at outside target calendar window,2026-05-18 12:48:25.121563
1b168d17-7401-4861-9763-7093e7151547,afdb_org,https://www.afdb.org/en/about-us/organisational-structure,scrapy_pipeline,HttpError,status=403,2026-05-18 12:48:25.490381
3fa8641e-d6ef-4cba-98b1-59f44103a42c,english_mofcom_gov_cn,https://english.mofcom.gov.cn/News/SignificantNews/art/2026/art_0a80a7feea32434ba3b683556faa5ae6.html,scrapy_pipeline,NotToday,published_at outside target calendar window,2026-05-18 12:48:25.824305
6d5a0013-3241-4b31-907a-e4840f78fde6,todayonline_com,https://www.channelnewsasia.com/today/big-read,scrapy_pipeline,NotToday,published_at outside target calendar window,2026-05-18 12:48:26.263951
7a9a4b6a-0b8d-4b78-8f7c-cd1d79373c5e,twse_com_tw,https://www.twse.com.tw/en/products/education/knowledge.html,scrapy_pipeline,NotToday,published_at outside target calendar window,2026-05-18 12:48:26.434432
9bebcc1d-13e2-4e2b-9a5d-71bf259ed066,tuoitre_vn,https://tuoitre.vn/hon-350-tranh-anh-tu-lieu-quy-tai-hien-hanh-trinh-cuu-nuoc-cua-bac-ho-20260518104627448.htm,scrapy_pipeline,AccessControlDetected,paywall=False login=False captcha=True,2026-05-18 12:48:26.817351
2603bb50-9412-4c51-abde-1345701a1049,news24_com,https://www.news24.com/drum/news,scrapy_pipeline,AccessControlDetected,paywall=False login=False captcha=True,2026-05-18 12:48:27.165470
35099a69-32c1-4914-97fd-20ba55b13992,cbr_ru,https://www.cbr.ru/eng/protection_rights/,scrapy_pipeline,NotToday,published_at outside target calendar window,2026-05-18 12:48:27.388310
3018c3e9-b422-4802-90b5-1ff60f6ef292,ons_gov_uk,https://www.ons.gov.uk/news,scrapy_pipeline,NotToday,published_at outside target calendar window,2026-05-18 12:48:27.561064
6724532f-62b1-4c5b-9fee-1f70cfa21981,csrc_gov_cn,http://www.csrc.gov.cn/csrc/c106311/c7633210/content.shtml,scrapy_pipeline,NotToday,published_at outside target calendar window,2026-05-18 12:48:27.883784
505dc888-778d-4f67-a126-68e05e50e127,tadawulgroup_sa,https://www.tadawulgroup.sa/wps/portal/tadawulgroup/invester-relations/share-information?locale=en,scrapy_pipeline,NotToday,published_at outside target calendar window,2026-05-18 12:48:28.424321
086ce7b6-2b44-41f5-b65c-1b69ceef20e2,fsc_go_kr,https://www.fsc.go.kr/eng/ab030101,scrapy_pipeline,NotToday,published_at outside target calendar window,2026-05-18 12:48:28.877580
1421301d-85dc-4d4c-9ea9-ad6825125ac4,english_news_cn,https://english.news.cn/africa/20260517/993ca2fbf7fe429fbda36396c6b8f0b1/c.html,scrapy_pipeline,NotToday,published_at outside target calendar window,2026-05-18 12:48:29.017517
e636bc86-257b-42ab-90af-a0ce0fd06c65,boj_or_jp,https://www.boj.or.jp/en/about/activities/strategy/index.htm,scrapy_pipeline,NotToday,published_at outside target calendar window,2026-05-18 12:48:29.393967
9ee60d87-164f-417d-b610-41b5e88c5684,ons_gov_uk,https://www.ons.gov.uk/methodology,scrapy_pipeline,NotToday,published_at outside target calendar window,2026-05-18 12:48:29.578729
19a3fd2c-6663-43d2-90cd-6a4521c31afd,twse_com_tw,https://www.twse.com.tw/ESG/en/index.html,scrapy_pipeline,NotToday,published_at outside target calendar window,2026-05-18 12:48:29.828690
fa0520a2-637f-4568-9e60-cdba28595dba,english_mofcom_gov_cn,https://english.mofcom.gov.cn/News/SpokesmansRemarks/art/2026/art_7481476c406341cbb73f0b568341a1cf.html,scrapy_pipeline,NotToday,published_at outside target calendar window,2026-05-18 12:48:30.160052
d6a600e5-9129-452d-9820-f8454c8e6b22,agenciadenoticias_ibge_gov_br,https://agenciadenoticias.ibge.gov.br/pt/agencia-home.html,scrapy_pipeline,HttpError,status=403,2026-05-18 12:48:30.935461
dd35e9ff-c4fa-47e0-872e-0850edcc82f4,english_news_cn,https://english.news.cn/africa/20260517/b3ac02a1e09f491b919e2ef995295983/c.html,scrapy_pipeline,NotToday,published_at outside target calendar window,2026-05-18 12:48:31.971432
c16fbc5d-b264-48d9-9178-75a4aa127f11,english_www_gov_cn,http://english.www.gov.cn/Homepage/202303/13/content_WS641d0809c6d0f528699dc0a9.html,scrapy_pipeline,NotToday,published_at outside target calendar window,2026-05-18 12:48:32.591504
ef98ab26-a4e8-44b7-bfbf-6754ea3f97dd,todayonline_com,https://www.channelnewsasia.com/profile/myfeed,scrapy_fetch,FetchError,IgnoreRequest('Forbidden by robots.txt'),2026-05-18 12:48:32.723543
3bb8e7ba-2409-4a30-89be-1fbaee714e38,fsc_go_kr,https://www.fsc.go.kr/eng/ab040101,scrapy_pipeline,NotToday,published_at outside target calendar window,2026-05-18 12:48:33.157949
30fe2dee-8fd5-4ebf-8412-a9950a83c425,ema_europa_eu,https://www.ema.europa.eu/en/human-regulatory-overview/medical-devices,scrapy_pipeline,NotToday,published_at outside target calendar window,2026-05-18 12:48:33.499490
ab4abea5-458d-4c7a-8bf9-17ed506b8880,imf_org,https://www.imf.org/en/publications/esr/issues/2019/07/03/2019-external-sector-report,scrapy_pipeline,AccessControlDetected,paywall=False login=False captcha=True,2026-05-18 12:48:33.750007
7d4a2783-ed8d-4ce1-a771-c691f0be95f4,federalreserve_gov,https://www.federalreserve.gov/feeds/feeds.htm,scrapy_pipeline,NotToday,published_at outside target calendar window,2026-05-18 12:48:34.427976
570148f1-ebf6-4e5f-96c2-d39beeca4e5e,moea_gov_tw,https://www.moea.gov.tw/Mns/english/content/Content.aspx?menu_id=32898,scrapy_pipeline,NotToday,published_at outside target calendar window,2026-05-18 12:48:34.597751
d8560c93-3eb5-400d-b3ab-ea5db52b1a91,mof_go_jp,https://www.mof.go.jp/english/about_mof/councils/index.html,scrapy_pipeline,NotToday,published_at outside target calendar window,2026-05-18 12:48:36.211979
1eb71387-bd46-43c0-a8a6-d0295c98ff76,cbr_ru,https://www.cbr.ru/eng/counteraction_m_ter/news/,scrapy_pipeline,NotToday,published_at outside target calendar window,2026-05-18 12:48:36.486273
65ef6c98-bbf8-497f-be3b-15953d042454,afdb_org,https://www.afdb.org/en/about-us/careers,scrapy_pipeline,NotToday,published_at outside target calendar window,2026-05-18 12:48:36.676704
a5e9dae5-6402-4426-bdd0-14aaed429d9e,english_www_gov_cn,http://english.www.gov.cn/Homepage/202303/13/content_WS641d0816c6d0f528699dc0aa.html,scrapy_pipeline,NotToday,published_at outside target calendar window,2026-05-18 12:48:36.980984
cccb0986-140b-4bb3-b015-bdfef68e05c2,boj_or_jp,https://www.boj.or.jp/en/about/activities/principle.htm,scrapy_pipeline,NotToday,published_at outside target calendar window,2026-05-18 12:48:37.572260
a0e74454-91bc-4009-b0cc-6ff5de603896,english_mofcom_gov_cn,https://english.mofcom.gov.cn/News/SignificantNews/index.html,scrapy_pipeline,ShortContent,length=21 min=80,2026-05-18 12:48:37.728380
d9e0fcfb-b9e9-45de-b647-42e7b31b8986,tadawulgroup_sa,https://www.tadawulgroup.sa/wps/portal/tadawulgroup/invester-relations/financial-information?locale=en,scrapy_pipeline,NotToday,published_at outside target calendar window,2026-05-18 12:48:38.357347
f9d67395-ecb6-4465-94fa-394ef9186e4b,rnz_co_nz,https://www.rnz.co.nz/news/political,scrapy_pipeline,NotToday,published_at outside target calendar window,2026-05-18 12:48:38.767695
a9fe11cb-f150-4ed2-94f8-875e89fb4275,csrc_gov_cn,http://www.csrc.gov.cn/csrc/c100029/common_list.shtml,scrapy_pipeline,NotToday,published_at outside target calendar window,2026-05-18 12:48:38.914924
99e08574-a3ab-48d8-843f-64552d531173,ons_gov_uk,https://www.ons.gov.uk/releasecalendar,scrapy_pipeline,NotToday,published_at outside target calendar window,2026-05-18 12:48:39.232746
1bfb3e25-442e-4218-9264-f5f34963e31c,stats_gov_cn,https://www.stats.gov.cn/english/InternationalTraining/202405/t20240520_1950507.html,scrapy_pipeline,NotToday,published_at outside target calendar window,2026-05-18 12:48:40.237243
0edafe17-601f-4973-b3ee-3c3fa3fda490,mof_go_jp,https://www.mof.go.jp/english/about_mof/introduction/index.html,scrapy_pipeline,NotToday,published_at outside target calendar window,2026-05-18 12:48:40.371232
32815acb-8e37-4c8e-8fe2-dc2a7c4a70a4,agenciadenoticias_ibge_gov_br,https://agenciadenoticias.ibge.gov.br/agencia-noticias/2012-agencia-de-noticias/noticias/46753-ministro-bruno-moretti-mpo-visita-a-sede-do-ibge-no-rio-de-janeiro,scrapy_pipeline,HttpError,status=403,2026-05-18 12:48:40.790182
20aa815f-7be8-473a-b4e3-f9ed0847c88c,english_news_cn,https://english.news.cn/africa/20260515/8a2ca1feef1845449a28fe8da2379664/c.html,scrapy_pipeline,NotToday,published_at outside target calendar window,2026-05-18 12:48:40.946786
53098ca3-d1ac-4e61-a9e8-c230238cde0e,cbr_ru,https://www.cbr.ru/eng/business_reputation/news/,scrapy_pipeline,NotToday,published_at outside target calendar window,2026-05-18 12:48:41.100267
0f443b38-5980-4300-bf2f-995d3d3b8d60,mof_go_jp,https://www.mof.go.jp/english/about_mof/ministers_profile/index.htm,scrapy_pipeline,NotToday,published_at outside target calendar window,2026-05-18 12:48:41.419347
92b7fd4d-5bb9-46dd-b552-60739ef9ef70,almasryalyoum_com,https://www.almasryalyoum.com/section/index/7,scrapy_pipeline,AccessControlDetected,paywall=False login=False captcha=True,2026-05-18 12:48:41.967653
c2dda3d6-3af1-4ba9-8a2a-ee76e659cf4f,federalreserve_gov,https://www.federalreserve.gov/default.htm,scrapy_pipeline,NotToday,published_at outside target calendar window,2026-05-18 12:48:42.540038
b3487f62-79da-4fdd-87e2-7e67a98e69fa,independent_co_uk,https://www.independent.co.uk/arts-entertainment/tv/news/snl-uk-finale-ncuti-gatwa-ratings-season-2-b2978374.html,scrapy_pipeline,AccessControlDetected,paywall=False login=False captcha=True,2026-05-18 12:48:42.927457
4dc9d2da-4768-4b09-8eae-1e3fc8b412ee,cbr_ru,https://www.cbr.ru/eng/ec_research/news/,scrapy_pipeline,NotToday,published_at outside target calendar window,2026-05-18 12:48:43.058576
a568c6f0-a21d-4ef0-afd5-c5e712aa9666,moea_gov_tw,https://www.moea.gov.tw/Mns/english/introduction/Organization.aspx?menu_id=189,scrapy_pipeline,NotToday,published_at outside target calendar window,2026-05-18 12:48:43.653262
37ef8a74-fbd1-4ad3-a8b1-0abcf571f901,ema_europa_eu,https://www.ema.europa.eu/en/human-regulatory-overview/post-authorisation,scrapy_pipeline,NotToday,published_at outside target calendar window,2026-05-18 12:48:43.811429
c308008a-8ca8-4fa0-a54a-5946f089cde2,afdb_org,https://www.afdb.org/en/about-us/frequently-asked-questions,scrapy_pipeline,NotToday,published_at outside target calendar window,2026-05-18 12:48:43.962012
9a5bb816-83ba-4dd5-8322-fc29a4114756,mof_go_jp,https://www.mof.go.jp/english/about_mof/index.html,scrapy_pipeline,NotToday,published_at outside target calendar window,2026-05-18 12:48:44.182808
3f0258af-92f1-40b6-a8a6-1cf4bccbcd1f,theguardian_com,https://www.theguardian.com/football/2026/may/18/energy-passion-and-optimism-how-arteta-created-red-hot-emirates-atmosphere,scrapy_pipeline,AccessControlDetected,paywall=False login=False captcha=True,2026-05-18 12:48:44.347854
d01e1be7-d7eb-4131-b156-ecc87718bc87,todayonline_com,https://www.channelnewsasia.com/profile/login,scrapy_fetch,FetchError,IgnoreRequest('Forbidden by robots.txt'),2026-05-18 12:48:44.513604
159e5644-005c-45f9-b6db-546080528ce5,afdb_org,https://www.afdb.org/en/overview,scrapy_pipeline,HttpError,status=403,2026-05-18 12:48:44.846756
858995ee-8255-42c7-9135-1a426e0cadaf,lanacion_com_ar,https://www.lanacion.com.ar/deportes/futbol/griezmann-se-despidio-de-atletico-madrid-con-la-asistencia-100-lagrimas-y-mutua-gratitud-con-don-nid17052026/,scrapy_pipeline,AccessControlDetected,paywall=False login=False captcha=True,2026-05-18 12:48:45.138023
a07e0a1a-7e7c-4009-972d-8aece6960b00,scmp_com,https://www.scmp.com/economy/china-economy/article/3353718/could-china-limit-japanese-airlines-access-its-airspace-ties-sour?utm_source=rss_feed,scrapy_pipeline,AccessControlDetected,paywall=False login=False captcha=True,2026-05-18 12:48:45.395791
1f2f9443-4749-4c9f-aa71-d47597ef28d4,independent_co_uk,https://www.independent.co.uk/arts-entertainment/films/news/sylvester-stallone-oscars-1977-rocky-paddy-chayefsky-b2978376.html,scrapy_pipeline,AccessControlDetected,paywall=False login=False captcha=True,2026-05-18 12:48:45.913959
08b4a222-763d-4728-a3ab-612b401533bd,fsc_go_kr,https://www.fsc.go.kr/eng/ab010101,scrapy_pipeline,NotToday,published_at outside target calendar window,2026-05-18 12:48:46.046748
a01f3b8f-ed10-41c2-8142-b94ac05e06cd,english_www_gov_cn,http://english.www.gov.cn/Homepage/202303/13/content_WS641d0824c6d0f528699dc0ab.html,scrapy_pipeline,NotToday,published_at outside target calendar window,2026-05-18 12:48:46.259091
2f948be3-4d19-48c8-8fb6-b665eb67fa2e,indianexpress_com,https://indianexpress.com/article/live-news/top-news-today-daily-briefing-neet-beautician-link-kota-retest-rush-10695025/,scrapy_pipeline,AccessControlDetected,paywall=False login=False captcha=True,2026-05-18 12:48:48.114959
5da9eaf7-e884-4248-b682-cbc7001245df,ema_europa_eu,https://www.ema.europa.eu/en/human-regulatory-overview/marketing-authorisation,scrapy_pipeline,NotToday,published_at outside target calendar window,2026-05-18 12:48:48.270299
d28d3d6d-b777-4836-9293-840982fc366c,theguardian_com,https://www.theguardian.com/football/2026/may/18/premier-league-and-fa-cup-final-10-talking-points-from-the-weekends-action,scrapy_pipeline,AccessControlDetected,paywall=False login=False captcha=True,2026-05-18 12:48:48.417354
85799a1f-ce27-43b3-96fc-fb6dc19c088d,gulfnews_com,https://gulfnews.com/entertainment/netflixs-the-wonderfools-cha-eun-woo-and-park-eun-bin-crowned-k-drama-couple-of-the-year-in-brilliantly-weird-hit-1.500544186,scrapy_pipeline,AccessControlDetected,paywall=False login=False captcha=True,2026-05-18 12:48:48.931607
204bc06c-1bf4-4a4f-9f94-4b3503d9be94,almasryalyoum_com,https://www.almasryalyoum.com/section/index/10,scrapy_pipeline,AccessControlDetected,paywall=False login=False captcha=True,2026-05-18 12:48:49.608482
5c60459c-ebdd-49c3-a0a7-71500d8dc03d,mof_go_jp,https://www.mof.go.jp/english/policy/national_property/index.html,scrapy_pipeline,NotToday,published_at outside target calendar window,2026-05-18 12:48:49.958295
9033fdec-fda1-4a9b-80af-e1c974a8512a,scmp_com,https://www.scmp.com/news/hong-kong/health-environment/article/3353911/hong-kong-records-10-tremor-reports-after-magnitude-52-quake-hits-guangxi?utm_source=rss_feed,scrapy_pipeline,AccessControlDetected,paywall=False login=False captcha=True,2026-05-18 12:48:50.272108
f7a7bb48-234a-442f-82d7-81fb839dd374,news24_com,https://www.news24.com/games,scrapy_pipeline,AccessControlDetected,paywall=False login=False captcha=True,2026-05-18 12:48:51.088193
fda8500b-3ae1-4504-86e6-f7d6a60ad899,english_mofcom_gov_cn,https://english.mofcom.gov.cn/News/SpokesmansRemarks/index.html,scrapy_pipeline,ShortContent,length=24 min=80,2026-05-18 12:48:51.435915
eb44a177-fa2c-4f84-924e-92cc2c2c4714,boj_or_jp,https://www.boj.or.jp/en/about/activities/index.htm,scrapy_pipeline,NotToday,published_at outside target calendar window,2026-05-18 12:48:51.633397
2637d5b2-c845-46c7-a21c-604a57fba56e,lanacion_com_ar,https://www.lanacion.com.ar/sociedad/motos-y-hombres-en-traje-el-motivo-por-el-que-una-caravana-de-motocicletas-recorrio-este-domingo-las-nid17052026/,scrapy_pipeline,AccessControlDetected,paywall=False login=False captcha=True,2026-05-18 12:48:52.001521
aa3bbd85-24ae-4f7e-ac07-471c391daa1c,english_news_cn,https://english.news.cn/africa/20260515/5a3dfc73ba4a4df7a42182b2f7252a3e/c.html,scrapy_pipeline,NotToday,published_at outside target calendar window,2026-05-18 12:48:52.097702
e057b395-bd97-47a8-81ae-ffd4b983bde1,csrc_gov_cn,http://www.csrc.gov.cn/csrc/c100028/common_xq_list.shtml,scrapy_pipeline,NotToday,published_at outside target calendar window,2026-05-18 12:48:52.306891
4a427edb-2a15-4b86-ace4-21545f47041d,theguardian_com,https://www.theguardian.com/sport/2026/may/18/aaron-rai-us-pga-championship-title-win-jon-rahm-rory-mcilroy,scrapy_pipeline,AccessControlDetected,paywall=False login=False captcha=True,2026-05-18 12:48:52.423138
6d9c4a6f-db12-411d-8da7-4d30c7e11b47,tadawulgroup_sa,https://www.tadawulgroup.sa/wps/portal/tadawulgroup/invester-relations/investor-relations?locale=en,scrapy_pipeline,NotToday,published_at outside target calendar window,2026-05-18 12:48:52.712759
a8bc1145-f8ab-49bd-84de-e04a2164464a,theaustralian_com_au,https://www.theaustralian.com.au/sitemap.xml?yyyy=2026&mm=05&dd=18,scrapy_fetch,FetchError,IgnoreRequest('Forbidden by robots.txt'),2026-05-18 12:48:52.969265
3020bbd4-4f94-426c-85b3-c8f90b9c9d6a,wsj_com,https://www.wsj.com/wsjsitemaps/wsj_google_news.xml,scrapy_fetch,FetchError,IgnoreRequest('Forbidden by robots.txt'),2026-05-18 12:48:53.313580
3aa526be-ac74-4d82-939f-e39368739563,twse_com_tw,https://www.twse.com.tw/zh/ETFortune/index,scrapy_pipeline,NotToday,published_at outside target calendar window,2026-05-18 12:48:53.517060
c85c3f36-1783-4167-9760-f34c4b0b102c,ons_gov_uk,https://www.ons.gov.uk/cookies,scrapy_pipeline,NotToday,published_at outside target calendar window,2026-05-18 12:48:53.715725
dd74cd4e-0587-4771-a2c4-4cd4e9f8c6e4,indianexpress_com,https://indianexpress.com/article/technology/artificial-intelligence/why-ai-safety-controls-are-not-very-effective-10695029/,scrapy_pipeline,AccessControlDetected,paywall=False login=False captcha=True,2026-05-18 12:48:54.114657
be991c97-592d-4d94-9aee-2c50fe4a843a,independent_co_uk,https://www.independent.co.uk/arts-entertainment/tv/news/sydney-sweeney-euphoria-slur-love-spectrum-dani-bowman-b2978379.html,scrapy_pipeline,AccessControlDetected,paywall=False login=False captcha=True,2026-05-18 12:48:54.259425
c6574f9b-a9da-40bf-94c0-a0753c79f810,stats_gov_cn,https://www.stats.gov.cn/english/InternationalTraining/202405/t20240520_1950508.html,scrapy_pipeline,NotToday,published_at outside target calendar window,2026-05-18 12:48:54.851959
f67f68ea-b81c-4a7b-bc9a-6e5c10445e94,gulfnews_com,https://gulfnews.com/lifestyle/hiit-isnt-a-quick-fix-for-fat-loss-uae-trainers-explain-injury-risks-and-what-you-should-do-instead-1.500543803,scrapy_pipeline,AccessControlDetected,paywall=False login=False captcha=True,2026-05-18 12:48:55.148695
00da6bbb-c169-457f-9065-1ec7d28bd58f,english_news_cn,https://english.news.cn/africa/20260516/e316965738da4ca9b8db6bbf6dc9188f/c.html,scrapy_pipeline,NotToday,published_at outside target calendar window,2026-05-18 12:48:55.320065
6316c315-5953-436e-afec-f7a5da48f9e5,almasryalyoum_com,https://www.almasryalyoum.com/section/index/8,scrapy_pipeline,AccessControlDetected,paywall=False login=False captcha=True,2026-05-18 12:48:55.587027
f8a222e2-b37d-42a4-9afa-61fd4556c5f8,lanacion_com_ar,https://www.lanacion.com.ar/estados-unidos/visas-y-tramites/pasaporte-para-adolescentes-en-usa-que-cambia-en-el-tramite-si-el-solicitante-tiene-16-o-17-anos-nid17052026/,scrapy_pipeline,AccessControlDetected,paywall=False login=False captcha=True,2026-05-18 12:48:55.805492
1d15faee-eba4-4418-9b70-c0c9f40aed7b,baochinhphu_vn,https://baochinhphu.vn/truc-tiep-toi-nay-18-5-cong-bo-nghi-quyet-cua-quoc-hoi-ve-viec-thanh-lap-thanh-pho-dong-nai-10226051810415785.htm,scrapy_pipeline,AccessControlDetected,paywall=False login=False captcha=True,2026-05-18 12:48:56.013997
362a4198-2569-40bf-bf4a-a2950b633e78,scmp_com,https://www.scmp.com/opinion/hong-kong-opinion/article/3353760/my-way-or-highway-no-way-make-informed-policy-hong-kong?utm_source=rss_feed,scrapy_pipeline,AccessControlDetected,paywall=False login=False captcha=True,2026-05-18 12:48:56.352630
923be1c5-cd88-46cc-be52-9923fd4d7ab9,agenciadenoticias_ibge_gov_br,https://agenciadenoticias.ibge.gov.br/agencia-noticias/2012-agencia-de-noticias/noticias/46766-primeira-semana-da-2-prova-piloto-do-12-censo-agropecuario-florestal-e-aquicola-testa-operacao-e-indica-ajustes-para-a-coleta-nacional,scrapy_pipeline,HttpError,status=403,2026-05-18 12:48:56.535993
31194e4f-5c70-431b-aca6-85aa32da29b0,nytimes_com,https://www.nytimes.com/2026/05/18/business/oil-gas-price-iran.html,scrapy_pipeline,AccessControlDetected,paywall=False login=False captcha=True,2026-05-18 12:48:56.704292
70b2ddad-83cb-43c5-9034-7ff4965bd9e5,mof_go_jp,https://www.mof.go.jp/english/policy/currency/index.html,scrapy_pipeline,NotToday,published_at outside target calendar window,2026-05-18 12:48:56.819919
c098856a-e0d8-4220-8ad7-a0c78c0e04ca,indianexpress_com,https://indianexpress.com/article/india/bihar-train-fire-sasaram-patna-passenger-coach-smoke-10695010/,scrapy_pipeline,AccessControlDetected,paywall=False login=False captcha=True,2026-05-18 12:48:56.988047
707bda76-1164-48a2-9e17-4f03c7ea9633,thanhnien_vn,https://thanhnien.vn/tau-ca-quang-ngai-gap-nan-tren-bien-14-ngu-dan-vao-bo-an-toan-185260518111017051.htm,scrapy_pipeline,AccessControlDetected,paywall=False login=False captcha=True,2026-05-18 12:48:57.447977
4535b9e8-2022-4cc3-860a-ccfe11793b4b,csrc_gov_cn,http://www.csrc.gov.cn/csrc/xwfb/index.shtml,scrapy_pipeline,NotToday,published_at outside target calendar window,2026-05-18 12:48:57.767302
a4b290db-ee6c-4ead-b502-4db8acaefab1,news24_com,https://www.news24.com/you/news,scrapy_pipeline,AccessControlDetected,paywall=False login=False captcha=True,2026-05-18 12:48:58.259325
59c6323b-b76d-4669-b262-f0abe49828eb,moea_gov_tw,https://www.moea.gov.tw/Mns/english/EconomicHistory/EconomicHistory.aspx?menu_id=32897,scrapy_pipeline,NotToday,published_at outside target calendar window,2026-05-18 12:48:58.425713
a9f298d5-3d54-4289-a934-35afe2c8df18,nytimes_com,https://www.nytimes.com/2026/05/17/world/europe/israel-iraq-iran-bases.html,scrapy_pipeline,AccessControlDetected,paywall=False login=False captcha=True,2026-05-18 12:48:58.610344
6c66574c-0eac-4cc3-8568-6494e08ab883,baochinhphu_vn,https://baochinhphu.vn/huong-dan-xu-ly-trung-ma-so-thue-nguoi-phu-thuoc-102260515151110885.htm,scrapy_pipeline,AccessControlDetected,paywall=False login=False captcha=True,2026-05-18 12:48:58.809195
76c9e3db-e49d-43ef-94fd-ffe2a70361dd,todayonline_com,https://www.channelnewsasia.com/,scrapy_pipeline,NotToday,published_at outside target calendar window,2026-05-18 12:48:59.514701
88d86a07-8cce-40bd-b14a-84d7299373f9,cbr_ru,https://www.cbr.ru/eng/protection_rights/news/,scrapy_pipeline,NotToday,published_at outside target calendar window,2026-05-18 12:48:59.722833
11456945-f2c0-4fcd-84f4-843f01eff27f,afdb_org,https://www.afdb.org/en/about-us/corporate-information/history,scrapy_pipeline,NotToday,published_at outside target calendar window,2026-05-18 12:49:00.043979
43875f21-fad1-489d-b429-346ee21ad0fa,gulfnews_com,https://gulfnews.com/business/energy/how-barakah-nuclear-power-plant-made-the-uae-a-global-clean-energy-leader-1.500544253,scrapy_pipeline,AccessControlDetected,paywall=False login=False captcha=True,2026-05-18 12:49:00.345540
e126e271-8228-4165-84be-bf99aff7b54e,singstat_gov_sg,https://www.singstat.gov.sg/news/singapores-external-trade-apr-2026,scrapy_pipeline,AccessControlDetected,paywall=False login=False captcha=True,2026-05-18 12:49:00.743140
92f20430-9645-49c6-ab3e-73d8184bb355,thejakartapost_com,https://www.thejakartapost.com/paper/todays-paper/images/sitemap.xml,scrapy_pipeline,HttpError,status=404,2026-05-18 12:49:01.080952
74a46967-2a69-400a-979b-cb5812255027,chosun_com,https://www.chosun.com/entertainments/entertain_photo/2026/05/18/GBRTGMRYGU3GMOLCME3GMMTFMY/,scrapy_pipeline,ShortContent,length=0 min=80,2026-05-18 12:49:01.733575
8844c5ff-5128-43d3-9e77-d6c3b7fa8e16,baochinhphu_vn,https://baochinhphu.vn/de-xuat-nhieu-diem-moi-trong-tuyen-sinh-va-dao-tao-sau-dai-hoc-102260518090950469.htm,scrapy_pipeline,AccessControlDetected,paywall=False login=False captcha=True,2026-05-18 12:49:02.183251
57dba4df-2b4e-4893-a342-ce0513a874b9,independent_co_uk,https://www.independent.co.uk/life-style/gender-pension-gap-motherhood-pay-age-b2974976.html,scrapy_pipeline,AccessControlDetected,paywall=False login=False captcha=True,2026-05-18 12:49:02.334189
66cb8528-e661-4f85-bba3-d751bccf9c9b,tuoitre_vn,https://tuoitre.vn/nhan-vien-y-te-tai-tp-hcm-quang-cao-thuoc-du-phong-hiv-chua-duoc-cap-phep-de-tang-tuong-tac-20260518111249474.htm,scrapy_pipeline,AccessControlDetected,paywall=False login=False captcha=True,2026-05-18 12:49:02.566252
1c89e5a1-7796-4ab2-a930-6d7e997d25ca,almasryalyoum_com,https://www.almasryalyoum.com/section/index/2,scrapy_pipeline,AccessControlDetected,paywall=False login=False captcha=True,2026-05-18 12:49:02.874752
a11ab140-9374-4994-b392-7cc1a8ef72e5,english_news_cn,https://english.news.cn/africa/20260517/8fc2112b5db049d2a54049dbe3d4a42f/c.html,scrapy_pipeline,NotToday,published_at outside target calendar window,2026-05-18 12:49:03.020144
ceded711-765a-43b1-99be-d35966c42d1d,thanhnien_vn,https://thanhnien.vn/chuyen-dong-12h-phong-coca-bi-bat-cung-miu-le-la-ai-xac-minh-vu-2-co-gai-bi-danh-giua-dem-18526051810591015.htm,scrapy_pipeline,AccessControlDetected,paywall=False login=False captcha=True,2026-05-18 12:49:03.248333
e7694dd9-527b-465b-a9ca-8b4c0e4ea9e4,mof_go_jp,https://www.mof.go.jp/english/policy/exchequer/index.html,scrapy_pipeline,NotToday,published_at outside target calendar window,2026-05-18 12:49:03.554215
664be334-ece9-4fb9-8420-6abaef95a92f,theguardian_com,https://www.theguardian.com/commentisfree/2026/may/18/reform-voters-progressive-post-industrial-northern-england,scrapy_pipeline,AccessControlDetected,paywall=False login=False captcha=True,2026-05-18 12:49:04.041123
5e9448ad-b444-41dc-99d2-3e1580bf4d3d,agenciadenoticias_ibge_gov_br,https://agenciadenoticias.ibge.gov.br/agencia-noticias/2012-agencia-de-noticias/noticias/46747-setor-de-servicos-recua-1-2-com-destaque-para-transportes,scrapy_pipeline,HttpError,status=403,2026-05-18 12:49:04.135816
c674d68b-4364-4d6a-85e0-7ecbcaa09220,nytimes_com,https://www.nytimes.com/2026/05/17/business/qatar-economy-iran-war.html,scrapy_pipeline,AccessControlDetected,paywall=False login=False captcha=True,2026-05-18 12:49:04.319186
54ef10e7-7315-460e-bae3-339941c0f69b,english_www_gov_cn,http://english.www.gov.cn/Homepage/202303/13/content_WS641d083cc6d0f528699dc0ac.html,scrapy_pipeline,NotToday,published_at outside target calendar window,2026-05-18 12:49:04.542480
9eeaae69-3dc3-4b5b-b369-1b6f7d9ab93e,ema_europa_eu,https://www.ema.europa.eu/en/human-regulatory-overview/research-development,scrapy_pipeline,NotToday,published_at outside target calendar window,2026-05-18 12:49:04.762485
276961d3-62b6-40f6-8ccc-fd1046a2e9b7,tuoitre_vn,https://tuoitre.vn/tp-hcm-se-hinh-thanh-it-nhat-5-trung-tam-nghien-cuu-xuat-sac-tiem-can-quoc-te-20260518103118684.htm,scrapy_pipeline,AccessControlDetected,paywall=False login=False captcha=True,2026-05-18 12:49:04.971564
ed271d9c-062c-4fb1-a342-0e89d341bb23,cbr_ru,https://www.cbr.ru/eng/information_security/news/,scrapy_pipeline,NotToday,published_at outside target calendar window,2026-05-18 12:49:05.154490
c9fe47b4-928f-4a1f-92e6-0e5285d4e5d2,thenationalnews_com,https://www.thenationalnews.com/lifestyle/fashion-beauty/2026/05/18/seven-regional-beauty-brands-designed-for-gulf-heat-humidity-and-skin-tones/,scrapy_pipeline,AccessControlDetected,paywall=False login=False captcha=True,2026-05-18 12:49:05.401458
c418a67e-2d76-481b-8761-d1ca7d33cc14,eluniversal_com_mx,https://www.eluniversal.com.mx/tendencias/que-pasa-si-no-lavas-el-plato-de-tu-mascota-los-riesgos-de-salud-que-debes-conocer-de-inmediato/,scrapy_pipeline,AccessControlDetected,paywall=False login=False captcha=True,2026-05-18 12:49:05.662737
a9f38e01-a0f4-4aba-b2e8-09975bc18c28,agenciadenoticias_ibge_gov_br,https://agenciadenoticias.ibge.gov.br/agencia-noticias/2012-agencia-de-noticias/noticias/46769-ibge-sudene-e-minc-abrem-inscricoes-para-capacitacao-em-dados-aplicados-a-politicas-culturais,scrapy_pipeline,HttpError,status=403,2026-05-18 12:49:05.847683
cdd1605f-42e6-4af4-a894-4feda72e3cae,mof_go_jp,https://www.mof.go.jp/english/policy/filp/index.html,scrapy_pipeline,NotToday,published_at outside target calendar window,2026-05-18 12:49:05.981145
6873c967-9ff2-4149-9205-3f0d30c16a95,thanhnien_vn,https://thanhnien.vn/chu-tich-giai-appa-nha-phat-trien-duy-tri-tieu-chuan-moi-dinh-hinh-duoc-thi-truong-185260518123303249.htm,scrapy_pipeline,AccessControlDetected,paywall=False login=False captcha=True,2026-05-18 12:49:06.221013
1f970974-d01c-439a-a257-5fe10e3f9715,tuoitre_vn,https://tuoitre.vn/cao-diem-6-000-luot-kham-ngay-benh-vien-mat-tp-hcm-ha-nhiet-qua-tai-nho-hai-co-so-moi-20260518085802867.htm,scrapy_pipeline,AccessControlDetected,paywall=False login=False captcha=True,2026-05-18 12:49:06.568284
1c95a81d-db4c-4181-818c-3caaba7ce446,boj_or_jp,https://www.boj.or.jp/en/about/account/index.htm,scrapy_pipeline,NotToday,published_at outside target calendar window,2026-05-18 12:49:06.989529
86179c5b-c46e-47f9-8cc8-b9d86eafa603,ema_europa_eu,https://www.ema.europa.eu/en/human-regulatory-overview,scrapy_pipeline,NotToday,published_at outside target calendar window,2026-05-18 12:49:07.305222
abade42e-1fcb-41c7-9a5a-d03669dd80e9,english_www_gov_cn,http://english.www.gov.cn/Homepage/202303/12/content_WS641a9b39c6d0f528699db818.html,scrapy_pipeline,NotToday,published_at outside target calendar window,2026-05-18 12:49:07.671882
412af72c-515b-4633-9d99-7fab216f6a80,cbr_ru,https://www.cbr.ru/eng/inside/news/,scrapy_pipeline,NotToday,published_at outside target calendar window,2026-05-18 12:49:07.836781
3f6de099-32fb-4835-9ef9-447f1dafe035,cbc_gov_tw,https://www.cbc.gov.tw/tw/np-317-1.html,scrapy_pipeline,ShortContent,length=0 min=80,2026-05-18 12:49:07.997973
cc41cecd-5778-4152-89e2-bdeb3d492acd,theguardian_com,https://www.theguardian.com/commentisfree/2026/may/18/reform-uk-neighbours-immigration-ethnic-minorities,scrapy_pipeline,AccessControlDetected,paywall=False login=False captcha=True,2026-05-18 12:49:08.196234
03ea8b97-9a12-45bb-9fc3-72f305ebd5fe,english_mofcom_gov_cn,https://english.mofcom.gov.cn/News/PressConference/index.html,scrapy_pipeline,ShortContent,length=21 min=80,2026-05-18 12:49:08.798267
2e1d1470-b172-49d2-accb-efc9c1056c49,mof_go_jp,https://www.mof.go.jp/english/policy/jgbs/index.html,scrapy_pipeline,NotToday,published_at outside target calendar window,2026-05-18 12:49:09.129430
add04e17-0abb-4f87-b030-607d0c914732,independent_co_uk,https://www.independent.co.uk/arts-entertainment/tv/features/thaddea-graham-margos-got-money-troubles-interview-b2961433.html,scrapy_pipeline,AccessControlDetected,paywall=False login=False captcha=True,2026-05-18 12:49:09.399630
b4e85050-3984-406e-9432-c860d2ff0798,baochinhphu_vn,https://baochinhphu.vn/chu-tich-quoc-hoi-tran-thanh-man-doi-moi-cong-tac-lanh-dao-dieu-hanh-va-to-chuc-cong-viec-102260518144907407.htm,scrapy_pipeline,AccessControlDetected,paywall=False login=False captcha=True,2026-05-18 12:49:09.660806
68cc7ea3-9cbe-4b86-867a-c3a4ac5a34b8,boj_or_jp,https://www.boj.or.jp/en/about/boj_law/index.htm,scrapy_pipeline,NotToday,published_at outside target calendar window,2026-05-18 12:49:10.084374
6e5472bc-1dbf-43e4-a736-499ada4838c2,twse_com_tw,https://www.twse.com.tw/TIB/en/index.html,scrapy_pipeline,NotToday,published_at outside target calendar window,2026-05-18 12:49:10.245899
44af6877-0927-4566-9525-eb06aede20fa,english_mofcom_gov_cn,https://english.mofcom.gov.cn/News/SpokesmansRemarks/art/2026/art_0a02e30929cc4688a8d375ea051802aa.html,scrapy_pipeline,NotToday,published_at outside target calendar window,2026-05-18 12:49:10.415174
59014060-b91a-43bb-836a-0528cb9e38a9,moea_gov_tw,https://www.moea.gov.tw/Mns/english/EconomicChief/EconomicChief.aspx?code=E&work=Y&menu_id=32896,scrapy_pipeline,NotToday,published_at outside target calendar window,2026-05-18 12:49:10.585180
1d0c4fe9-351e-4be8-ab7b-429addc20906,gulfnews_com,https://gulfnews.com/gn-focus/mastercard-strengthens-uae-sme-ecosystem-1.500544265,scrapy_pipeline,AccessControlDetected,paywall=False login=False captcha=True,2026-05-18 12:49:11.088763
6688021e-8d78-48b0-9d29-c74ca0fd5f38,imf_org,https://www.imf.org/-/media/files/conferences/2021/esr-workshop/esr-workshop-121021.pdf,scrapy_pipeline,ShortContent,length=0 min=80,2026-05-18 12:49:11.329760
88c3f693-e5fa-495c-be12-0b18bd8e6cd4,theguardian_com,https://www.theguardian.com/music/2026/may/18/einsturzende-neubauten-berlin-blixa-bargeld-josefine-lukschy-josefine-lukschy,scrapy_pipeline,AccessControlDetected,paywall=False login=False captcha=True,2026-05-18 12:49:13.177590
4d70bf40-bb23-4110-9d6f-ebca8fb209a1,cbr_ru,https://www.cbr.ru/eng/fintech/,scrapy_pipeline,NotToday,published_at outside target calendar window,2026-05-18 12:49:13.430689
f7289a9e-d388-44a0-9164-90fd42def41a,afdb_org,https://www.afdb.org/pt,scrapy_pipeline,NotToday,published_at outside target calendar window,2026-05-18 12:49:13.750774
80638591-eafd-456d-b25a-c5da2d12b156,tadawulgroup_sa,https://www.tadawulgroup.sa/wps/portal/tadawulgroup/portfolio/wamid?locale=en,scrapy_pipeline,NotToday,published_at outside target calendar window,2026-05-18 12:49:14.099035
6bba3ac3-2411-4610-8317-6832e4209f3d,cbc_gov_tw,https://www.cbc.gov.tw/tw/sp-opma-form-1.html,scrapy_pipeline,AccessControlDetected,paywall=False login=False captcha=True,2026-05-18 12:49:14.272513
38e3b2c4-7bbc-4059-ab85-f9b601717050,news24_com,https://www.news24.com/multimedia/podcasts,scrapy_pipeline,AccessControlDetected,paywall=False login=False captcha=True,2026-05-18 12:49:14.765674
7377566f-928c-4ece-8769-963e7d4052c1,independent_co_uk,https://www.independent.co.uk/travel/cruise/lower-danube-river-cruise-amamagna-b2971535.html,scrapy_pipeline,AccessControlDetected,paywall=False login=False captcha=True,2026-05-18 12:49:14.935309
723e7253-6c06-4947-8773-cc34b401b312,boj_or_jp,https://www.boj.or.jp/en/about/organization/chart/index.htm,scrapy_pipeline,NotToday,published_at outside target calendar window,2026-05-18 12:49:15.211297
be869dee-f08f-47f2-84f2-95fe694b2cfa,cbr_ru,https://www.cbr.ru/eng/develop/,scrapy_pipeline,NotToday,published_at outside target calendar window,2026-05-18 12:49:15.744381
4ec15e76-b97a-4907-a447-22de0d796738,csrc_gov_cn,http://www.csrc.gov.cn/csrc/c100023/common_zzjg_list.shtml,scrapy_pipeline,NotToday,published_at outside target calendar window,2026-05-18 12:49:15.924218
ebb32216-d54b-4782-b800-fec0372c2236,english_news_cn,https://english.news.cn/africa/20260517/01253f1c43904e65a1422232c671ff5e/c.html,scrapy_pipeline,NotToday,published_at outside target calendar window,2026-05-18 12:49:16.046706
318e6f71-bec1-4721-82f4-97dcdb09c1c3,almasryalyoum_com,https://www.almasryalyoum.com/section/index/3,scrapy_pipeline,AccessControlDetected,paywall=False login=False captcha=True,2026-05-18 12:49:16.645900
766c1e9d-b585-4680-b9de-206bcb370ab6,mof_go_jp,https://www.mof.go.jp/english/pri/index.htm,scrapy_pipeline,NotToday,published_at outside target calendar window,2026-05-18 12:49:16.864780
3c248f63-12f7-4607-9f28-43c3c1da5a6f,afdb_org,https://www.afdb.org/en/mission-and-strategy,scrapy_pipeline,HttpError,status=403,2026-05-18 12:49:16.958859
513dd50b-3011-4973-ae96-cef3eb986894,theguardian_com,https://www.theguardian.com/technology/2026/may/18/nothing-phone-4a-pro-review-premium-aluminium-quirky-design,scrapy_pipeline,AccessControlDetected,paywall=False login=False captcha=True,2026-05-18 12:49:17.138208
597e8a1c-b72d-473d-a1be-c5d315efd1bf,csrc_gov_cn,http://www.csrc.gov.cn/csrc/c100024/common_list.shtml,scrapy_pipeline,NotToday,published_at outside target calendar window,2026-05-18 12:49:17.268046
12770ce6-924b-4ea7-8a23-594e1aee36be,cnn_com,https://www.cnn.com/2026/05/15/health/ebola-outbreak-deaths-congo,scrapy_pipeline,AccessControlDetected,paywall=False login=False captcha=True,2026-05-18 12:49:18.344642
63664b97-31d7-4d8b-bb9b-ffe29055c0bc,mof_go_jp,https://www.mof.go.jp/english/policy/financial_system/index.html,scrapy_pipeline,NotToday,published_at outside target calendar window,2026-05-18 12:49:18.537463
529c0665-ac32-408e-be1d-c875f2c1b523,english_www_gov_cn,https://english.www.gov.cn/policies/latestreleases/202605/08/content_WS69fde198c6d00ca5f9a0ad35.html,scrapy_pipeline,NotToday,published_at outside target calendar window,2026-05-18 12:49:18.712524
98f06722-f13c-4dec-9679-3fb84f4b158a,afdb_org,https://www.afdb.org/ar,scrapy_pipeline,NotToday,published_at outside target calendar window,2026-05-18 12:49:18.955387
fd55df7b-cb7e-4938-bc6c-705a6e222e5e,ema_europa_eu,https://www.ema.europa.eu/en/medicines/national-registers-authorised-medicines,scrapy_pipeline,NotToday,published_at outside target calendar window,2026-05-18 12:49:19.177817
c3ea2534-164d-4d5a-9ca4-08f2d80ab10e,afdb_org,https://www.afdb.org/fr,scrapy_pipeline,NotToday,published_at outside target calendar window,2026-05-18 12:49:19.639438
ce1e734a-0f2d-4524-a44c-7c19ff50e2c0,independent_co_uk,https://www.independent.co.uk/news/hong-kong-china-communist-party-beijing-british-b2978381.html,scrapy_pipeline,AccessControlDetected,paywall=False login=False captcha=True,2026-05-18 12:49:19.806733
949cc4be-1340-4c21-92f4-a0a1cd96ba99,mof_go_jp,https://www.mof.go.jp/english/policy/international_policy/index.html,scrapy_pipeline,NotToday,published_at outside target calendar window,2026-05-18 12:49:19.951158
25e3a6ee-19ae-4037-a876-4597a412a105,ema_europa_eu,https://www.ema.europa.eu/en/medicines/medicines-human-use-under-evaluation,scrapy_pipeline,NotToday,published_at outside target calendar window,2026-05-18 12:49:21.132384
d5abfd7e-67b9-4e0d-9164-f3c368bec593,english_www_gov_cn,https://english.www.gov.cn/policies/latestreleases/202605/12/content_WS6a0277ebc6d00ca5f9a0ae1d.html,scrapy_pipeline,NotToday,published_at outside target calendar window,2026-05-18 12:49:21.286775
316d962e-9ead-4654-bbc4-de6cdefea1ed,meduza_io,https://meduza.io/en/episodes/2025/11/22/russia-s-elites-once-dreaded-war-now-they-fear-peace,scrapy_pipeline,AccessControlDetected,paywall=False login=False captcha=True,2026-05-18 12:49:21.574328
a0e6ed6d-2481-4740-9f34-bb37893af65e,english_www_gov_cn,https://english.www.gov.cn/policies,scrapy_pipeline,NotToday,published_at outside target calendar window,2026-05-18 12:49:22.115405
edbefa82-e873-48c8-a2a9-231d1a345584,ema_europa_eu,https://www.ema.europa.eu/en/medicines/what-we-publish-medicines-when,scrapy_pipeline,NotToday,published_at outside target calendar window,2026-05-18 12:49:22.686591
dd9fd29c-4241-4ba0-bab8-36d8a8428e58,meduza_io,https://meduza.io/en/episodes/2025/12/06/andrei-sannikov-on-lukashenko-s-latest-gambit-and-why-the-west-keeps-taking-the-bait,scrapy_pipeline,AccessControlDetected,paywall=False login=False captcha=True,2026-05-18 12:49:23.692886
790509a2-8b7f-4c34-aebf-e01187310685,ema_europa_eu,https://www.ema.europa.eu/en/medicines/download-medicine-data,scrapy_pipeline,NotToday,published_at outside target calendar window,2026-05-18 12:49:23.875304
13a58e73-bd7e-42ba-a143-d7e72de5cbb6,ema_europa_eu,https://www.ema.europa.eu/en/medicines/therapeutic-areas-latest-updates,scrapy_pipeline,NotToday,published_at outside target calendar window,2026-05-18 12:49:24.724110
13146147-06e1-448b-b40d-13b521ea2e97,theguardian_com,https://www.theguardian.com/lifeandstyle/2026/may/18/is-it-true-that-saunas-can-reduce-your-sperm-count,scrapy_pipeline,AccessControlDetected,paywall=False login=False captcha=True,2026-05-18 12:49:25.281057
350d4e7b-1cb5-4c0a-b43b-f46ee059166b,independent_co_uk,https://www.independent.co.uk/asia/southeast-asia/bangkok-train-bus-crash-driver-charged-b2978364.html,scrapy_pipeline,AccessControlDetected,paywall=False login=False captcha=True,2026-05-18 12:49:25.617578
2bfd98ce-057b-4225-81eb-363cf636022e,scmp_com,https://www.scmp.com/business/banking-finance/article/3353879/chinese-banks-see-stabilising-margins-resilient-economy-offsets-property-risks-experts?utm_source=rss_feed,scrapy_pipeline,AccessControlDetected,paywall=False login=False captcha=True,2026-05-18 12:49:26.466631
b710a666-b55e-43b6-8c7a-f53e8cdc02d4,lanacion_com_ar,https://www.lanacion.com.ar/espectaculos/los-martin-fierro-mas-recordados-los-momentos-virales-que-marcaron-la-historia-de-los-premios-nid17052026/,scrapy_pipeline,AccessControlDetected,paywall=False login=False captcha=True,2026-05-18 12:49:27.056625
4c794fdb-552b-4991-869a-42ffdaddd2b0,indianexpress_com,https://indianexpress.com/article/trending/trending-globally/world-oldest-dog-30-year-old-papillon-lazare-dies-weeks-after-adoption-10695039/,scrapy_pipeline,AccessControlDetected,paywall=False login=False captcha=True,2026-05-18 12:49:27.329455
49367a03-ece1-4bfc-a01c-14edc10a942e,boj_or_jp,https://www.boj.or.jp/en/about/organization/tanto.htm,scrapy_pipeline,NotToday,published_at outside target calendar window,2026-05-18 12:49:27.610238
e49a10d2-e9c3-4e96-84d9-eeb2e587b4bd,meduza_io,https://meduza.io/en/episodes/2025/12/09/simon-shuster-on-the-fall-of-andriy-yermak,scrapy_pipeline,AccessControlDetected,paywall=False login=False captcha=True,2026-05-18 12:49:27.885514
1f0d94b2-30c2-4de4-8205-7e0025a7f8e9,english_mofcom_gov_cn,https://english.mofcom.gov.cn/News/SpokesmansRemarks/art/2026/art_29f372ba6bfc4cde81fd567ea440cc60.html,scrapy_pipeline,NotToday,published_at outside target calendar window,2026-05-18 12:49:28.018323
a4ee3c3b-3654-4c2e-9d0b-96d1675c180a,cbr_ru,https://www.cbr.ru/eng/develop/news/,scrapy_pipeline,NotToday,published_at outside target calendar window,2026-05-18 12:49:28.142313
f29e5822-d29a-43fe-8d13-7138a46d3988,twse_com_tw,https://www.twse.com.tw/en/about/news/news/content.html?8a8216d69dbea9fd019dd888c0a600b9,scrapy_pipeline,NotToday,published_at outside target calendar window,2026-05-18 12:49:28.506966
bcadd1de-18f8-4585-b0cf-b0ad361b3b81,gulfnews_com,https://gulfnews.com/sport/aussie-legend-ricky-ponting-left-shattered-by-ipl-1.500544269,scrapy_pipeline,AccessControlDetected,paywall=False login=False captcha=True,2026-05-18 12:49:28.730269
210fc5a9-779d-4a17-911c-c45771228142,independent_co_uk,https://www.independent.co.uk/arts-entertainment/films/news/javier-bardem-cannes-trump-netanyahu-gaza-iran-b2978373.html,scrapy_pipeline,AccessControlDetected,paywall=False login=False captcha=True,2026-05-18 12:49:28.904445
48845651-b462-4cb3-8858-93a47b005a69,english_news_cn,https://english.news.cn/africa/20260517/12dfdf42e3c2478f883822a5f8720a1b/c.html,scrapy_pipeline,NotToday,published_at outside target calendar window,2026-05-18 12:49:29.187858
6f4f8afe-1470-42b1-9b49-deeff3b13df3,tadawulgroup_sa,https://www.tadawulgroup.sa/wps/portal/tadawulgroup/invester-relations/investor-relations/!ut/p/z0/04_Sj9CPykssy0xPLMnMz0vMAfIjo8ziTR3NDIw8LAz8LUxDnQwC_byD3EOdPA0NzAz0C7IdFQFOzMCS/?locale=en,scrapy_pipeline,NotToday,published_at outside target calendar window,2026-05-18 12:49:29.440659
e421c2b2-b96a-40e4-8d86-ef03b781d5be,news24_com,https://www.news24.com/multimedia/video,scrapy_pipeline,AccessControlDetected,paywall=False login=False captcha=True,2026-05-18 12:49:29.852744
ac8d1565-27ca-4ee4-b7da-bd48914d6cc3,meduza_io,https://meduza.io/en/episodes/2025/12/16/pavel-durov-s-tech-bro-feudalism,scrapy_pipeline,AccessControlDetected,paywall=False login=False captcha=True,2026-05-18 12:49:30.011837
8db673a4-f667-4573-b1bc-de7191aee565,theguardian_com,https://www.theguardian.com/travel/2026/may/18/montenegro-hotel-designed-for-fitness-and-wellbeing,scrapy_pipeline,AccessControlDetected,paywall=False login=False captcha=True,2026-05-18 12:49:30.147503
e8ed5f7f-2d43-4013-b577-ac8faaa9f486,csrc_gov_cn,http://www.csrc.gov.cn/csrc/c100022/zzjg.shtml,scrapy_pipeline,NotToday,published_at outside target calendar window,2026-05-18 12:49:30.249747
6817aa57-bb6a-4d8f-9738-15fad2ccefa8,theguardian_com,https://www.theguardian.com/lifeandstyle/2026/may/18/a-new-start-after-60-i-dedicated-myself-100-to-saving-soil-and-a-life-of-wild-adventure-began,scrapy_pipeline,AccessControlDetected,paywall=False login=False captcha=True,2026-05-18 12:49:31.239874
92878c3e-181d-47ea-a9da-27233873c1ba,scmp_com,https://www.scmp.com/sport/basketball/article/3353912/oklahoma-city-thunder-star-shai-gilgeous-alexander-repeats-nba-mvp?utm_source=rss_feed,scrapy_pipeline,AccessControlDetected,paywall=False login=False captcha=True,2026-05-18 12:49:31.437904
60c6e826-4aec-4072-80b2-6d6dec73cf17,theaustralian_com_au,https://www.theaustralian.com.au/sitemap.xml?yyyy=2026&mm=05&dd=17,scrapy_fetch,FetchError,IgnoreRequest('Forbidden by robots.txt'),2026-05-18 12:49:31.948064
47b7f206-a65f-4948-8a0c-51a41bf8c864,wsj_com,https://www.wsj.com/wsj_video_recent.xml,scrapy_fetch,FetchError,IgnoreRequest('Forbidden by robots.txt'),2026-05-18 12:49:32.014089
64115779-73da-4578-aca8-93587ad70098,fsc_go_kr,https://www.fsc.go.kr/index,scrapy_pipeline,NotToday,published_at outside target calendar window,2026-05-18 12:49:32.296913
e11b40b9-b289-4e68-98dc-016a53591745,indianexpress_com,https://indianexpress.com/article/entertainment/bollywood/rj-mahvash-yuzvendra-chahal-dating-rumours-unfollowed-instagram-dhanashree-verma-divorce-10695008/,scrapy_pipeline,AccessControlDetected,paywall=False login=False captcha=True,2026-05-18 12:49:32.562971
36be1c9b-61c4-4ea2-ad82-412d2b6dd3aa,english_news_cn,https://english.news.cn/africa/20260509/2141ab1701184dd9af2ffd9a82644e0a/c.html,scrapy_pipeline,NotToday,published_at outside target calendar window,2026-05-18 12:49:32.797067
dc14422a-4958-4d37-90c5-39a8eeec6890,afdb_org,https://www.afdb.org/en/rss-feeds,scrapy_pipeline,HttpError,status=403,2026-05-18 12:49:32.970403
908971d3-dccd-4334-b78d-a157b5efe251,twse_com_tw,https://www.twse.com.tw/en/about/news/news/content.html?8a8216d69dbea9fd019dd8ba2d1900c2,scrapy_pipeline,NotToday,published_at outside target calendar window,2026-05-18 12:49:33.084580
e7d2d9d3-676a-4839-b3c6-1e30ed8d4cd7,gulfnews_com,https://gulfnews.com/business/aviation/emirates-to-create-thousands-of-jobs-with-51bn-mega-engineering-hub-in-dubai-south-1.500544292,scrapy_pipeline,AccessControlDetected,paywall=False login=False captcha=True,2026-05-18 12:49:33.482693
c508535c-f585-41cb-bf43-37666b22f146,boj_or_jp,https://www.boj.or.jp/en/about/organization/policyboard/index.htm,scrapy_pipeline,NotToday,published_at outside target calendar window,2026-05-18 12:49:33.776713
0621d6b5-f449-45bb-8830-83476d40db3b,cbr_ru,https://www.cbr.ru/eng/fintech/news/,scrapy_pipeline,NotToday,published_at outside target calendar window,2026-05-18 12:49:34.167114
e133d7e1-5919-4d27-a0af-6e78ebd1ca2a,independent_co_uk,https://www.independent.co.uk/news/uk/home-news/uk-property-tax-business-rates-gdp-b2978383.html,scrapy_pipeline,AccessControlDetected,paywall=False login=False captcha=True,2026-05-18 12:49:34.320874
d7d9d9f3-a807-4702-a533-2ef9ac73f6e3,english_mofcom_gov_cn,https://english.mofcom.gov.cn/News/index.html,scrapy_pipeline,NotToday,published_at outside target calendar window,2026-05-18 12:49:34.534382
1039f60d-7d19-4a48-8263-6b790655fc2c,tadawulgroup_sa,https://www.tadawulgroup.sa/wps/portal/tadawulgroup/portfolio/muqassa?locale=en,scrapy_pipeline,NotToday,published_at outside target calendar window,2026-05-18 12:49:34.959816
2cd0f99d-06b9-4ec6-8f9d-829dfdf26285,baochinhphu_vn,https://baochinhphu.vn/bi-thu-thanh-uy-tphcm-trao-huy-hieu-65-nam-tuoi-dang-cho-nguyen-pho-chu-tich-nuoc-truong-my-hoa-102260518123239877.htm,scrapy_pipeline,AccessControlDetected,paywall=False login=False captcha=True,2026-05-18 12:49:35.164634
23f8ab16-f3c9-4bd9-8542-d5db41875c1a,scmp_com,https://www.scmp.com/magazines/style/luxury/jewellery/article/3353690/style-edit-christies-hong-kong-luxury-week-features-jadeite-masterpiece?utm_source=rss_feed,scrapy_pipeline,AccessControlDetected,paywall=False login=False captcha=True,2026-05-18 12:49:35.762592
24898289-e7cb-4b33-9f84-2e99fdeb8427,lanacion_com_ar,https://www.lanacion.com.ar/seguridad/seis-policias-imputados-por-el-caso-del-joven-que-murio-ahorcado-en-la-celda-de-una-comisaria-de-nid17052026/,scrapy_pipeline,AccessControlDetected,paywall=False login=False captcha=True,2026-05-18 12:49:35.993153
dafa4538-b990-4718-9744-8544c1a1e8f5,csrc_gov_cn,http://www.csrc.gov.cn/csrc/c100002/c7443811/content.shtml,scrapy_pipeline,NotToday,published_at outside target calendar window,2026-05-18 12:49:36.153011
13a6b722-f7ce-43d0-81db-9bc113833b3e,mof_go_jp,https://www.mof.go.jp/english/pri/topics/index.htm,scrapy_pipeline,NotToday,published_at outside target calendar window,2026-05-18 12:49:36.277200
8b57ea25-e6e1-43b0-a92f-ed1562204a7c,independent_co_uk,https://www.independent.co.uk/news/netherlands-canary-islands-rotterdam-south-america-world-health-organization-b2978385.html,scrapy_pipeline,AccessControlDetected,paywall=False login=False captcha=True,2026-05-18 12:49:37.122332
a1b0435f-a7b6-44c3-a4fd-97da6b78a20d,thejakartapost_com,https://www.thejakartapost.com/paper/todays-paper/web/sitemap.xml,scrapy_pipeline,HttpError,status=404,2026-05-18 12:49:37.203981
e006cf0c-22e5-4552-a532-c0289cf454b7,ema_europa_eu,https://www.ema.europa.eu/en/medicines,scrapy_pipeline,NotToday,published_at outside target calendar window,2026-05-18 12:49:38.123635
c6afbd32-45d1-4644-8f36-8c3a7573e310,thanhnien_vn,https://thanhnien.vn/4-nhom-truong-hop-nguy-co-mac-benh-do-virus-ebola-185260518114331764.htm,scrapy_pipeline,AccessControlDetected,paywall=False login=False captcha=True,2026-05-18 12:49:38.339331
c15f596e-0516-43ca-9387-96b8e0d0f088,chinadaily_com_cn,http://www.chinadaily.com.cn/m/chinahealth/rss.xml,scrapy_pipeline,HttpError,status=404,2026-05-18 12:49:38.459431
441e9180-f229-4034-85b4-22b68507bff7,indianexpress_com,https://indianexpress.com/article/business/market/rupee-hits-record-low-of-96-20-sensex-slides-400-points-nifty-falls-below-23500-in-early-trade-10695037/,scrapy_pipeline,AccessControlDetected,paywall=False login=False captcha=True,2026-05-18 12:49:38.919080
7f24123a-d2da-4f35-b6de-ed839d526113,csrc_gov_cn,http://www.csrc.gov.cn/csrc/c100002/common_zcnr.shtml,scrapy_pipeline,NotToday,published_at outside target calendar window,2026-05-18 12:49:39.138107
7d276e1a-c38d-4695-8501-60a849bf823f,singstat_gov_sg,https://www.singstat.gov.sg/news/release-of-1q2026-economic-survey-of-singapore,scrapy_pipeline,AccessControlDetected,paywall=False login=False captcha=True,2026-05-18 12:49:39.558326
0ee2a67b-534a-486f-8baf-a466ea0066f8,chosun_com,https://www.chosun.com/entertainments/music/2026/05/18/GEYDCNTFHE3WEOLEGE4WEYTFHA/,scrapy_pipeline,ShortContent,length=0 min=80,2026-05-18 12:49:39.949157
45b1e8c5-87fc-480c-9c87-9ef4139a7764,tuoitre_vn,https://tuoitre.vn/da-nang-cong-bo-34-khu-dat-xay-nha-o-xa-hoi-moi-goi-nha-dau-tu-20260518111146122.htm,scrapy_pipeline,AccessControlDetected,paywall=False login=False captcha=True,2026-05-18 12:49:40.273896
727230a0-83c5-4552-8b43-172f3300865b,cbr_ru,https://www.cbr.ru/eng/cash_circulation/,scrapy_pipeline,NotToday,published_at outside target calendar window,2026-05-18 12:49:40.576869
b3c42dea-5fb4-40f4-9ff7-249e4bbbcf56,gulfnews_com,https://gulfnews.com/entertainment/dubais-pfl-mena-weekend-gets-star-power-boost-with-mohamed-ramadan-and-bader-al-shuaibi-date-tickets-1.500544300,scrapy_pipeline,AccessControlDetected,paywall=False login=False captcha=True,2026-05-18 12:49:41.444302
b0f5d50d-ef71-4a23-a4af-34096618095e,baochinhphu_vn,https://baochinhphu.vn/chua-nhan-che-do-khi-tinh-gian-bien-che-duoc-hieu-the-nao-102260518105538518.htm,scrapy_pipeline,AccessControlDetected,paywall=False login=False captcha=True,2026-05-18 12:49:42.198947
5739a110-d5e7-416d-b2a9-5f37356fbe05,thenationalnews_com,https://www.thenationalnews.com/sport/2026/05/18/nice-guy-aaron-rai-dedicates-us-pga-win-to-wife-and-parents/,scrapy_pipeline,AccessControlDetected,paywall=False login=False captcha=True,2026-05-18 12:49:43.107569
ecc0efc5-d001-4013-8fd1-bbf85415dc83,lanacion_com_ar,https://www.lanacion.com.ar/deportes/futbol/argentinos-juniors-vs-belgrano-hoy-horario-y-como-ver-en-vivo-el-partido-de-semifinales-del-torneo-nid17052026/,scrapy_pipeline,AccessControlDetected,paywall=False login=False captcha=True,2026-05-18 12:49:43.507465
9a0c0437-879b-4bd2-b116-10f35615b074,thanhnien_vn,https://thanhnien.vn/xac-minh-clip-2-nguoi-di-xe-may-danh-nhau-giua-duong-pho-tphcm-gay-nao-loan-18526051811520903.htm,scrapy_pipeline,AccessControlDetected,paywall=False login=False captcha=True,2026-05-18 12:49:44.754891
bee2159e-dbbd-4cb1-821d-1719ecd0ceab,english_www_gov_cn,https://english.www.gov.cn/news/202605/15/content_WS6a071a2ac6d00ca5f9a0aff4.html,scrapy_pipeline,NotToday,published_at outside target calendar window,2026-05-18 12:49:45.246164
0cfcca51-8bda-4a70-b193-eb74c81c5309,english_news_cn,https://english.news.cn/africa/20260516/1e2d1346944e41f999ed844991414f2f/c.html,scrapy_pipeline,NotToday,published_at outside target calendar window,2026-05-18 12:49:45.332099
cadcf3d4-9af8-4763-b93a-f39eb6876b5d,imf_org,https://www.imf.org/en/publications/wp/issues/2023/03/02/2022-update-of-the-external-balance-assessment-methodology-530509,scrapy_pipeline,AccessControlDetected,paywall=False login=False captcha=True,2026-05-18 12:49:45.483169
3adcedcc-8a35-42e2-8b99-1039873d603f,afdb_org,https://www.afdb.org/en/general-contacts,scrapy_pipeline,NotToday,published_at outside target calendar window,2026-05-18 12:49:45.618958
02bb13cd-a84b-4eb5-b568-d6f9aa34cbad,theguardian_com,https://www.theguardian.com/uk-news/2026/may/18/when-your-signal-goes-down-somethings-going-on-life-next-to-a-us-air-base-in-the-uk,scrapy_pipeline,AccessControlDetected,paywall=False login=False captcha=True,2026-05-18 12:49:45.758731
f1b9fbf1-4503-4068-9b54-f2f8b4b47483,moea_gov_tw,https://www.moea.gov.tw/Mns/english/EconomicChief/EconomicChief.aspx?code=E&kind=01&work=Y&menu_id=32895,scrapy_pipeline,NotToday,published_at outside target calendar window,2026-05-18 12:49:45.858077
365bb128-afbb-4f8a-b595-4b4fd027ae56,tadawulgroup_sa,https://www.tadawulgroup.sa/wps/portal/tadawulgroup/portfolio/edaa?locale=en,scrapy_pipeline,NotToday,published_at outside target calendar window,2026-05-18 12:49:46.068173
e829e21e-6325-474b-98c6-c9a4c4f816c7,eluniversal_com_mx,https://www.eluniversal.com.mx/tendencias/gta-6-que-se-sabe-sobre-el-estreno-del-juego-filtraciones-revelan-nuevos-detalles/,scrapy_pipeline,AccessControlDetected,paywall=False login=False captcha=True,2026-05-18 12:49:46.304665
6be71193-ace1-4d69-bb45-3330782423de,mof_go_jp,https://www.mof.go.jp/english/policy/customs_tariff/index.html,scrapy_pipeline,NotToday,published_at outside target calendar window,2026-05-18 12:49:46.402527
9e6a12af-e37b-44dd-8345-b85a6375a1d2,twse_com_tw,https://www.twse.com.tw/en/about/news/news/content.html?8a8216d69dbea9fd019e06f7164c015b,scrapy_pipeline,NotToday,published_at outside target calendar window,2026-05-18 12:49:47.208211
b30bbcda-d330-47c8-8ef0-07a4135af43e,moea_gov_tw,https://www.moea.gov.tw/Mns/english/content/ContentMenu.aspx?menu_id=14323,scrapy_pipeline,NotToday,published_at outside target calendar window,2026-05-18 12:49:47.326340
ffae9894-667d-451f-b08f-1b4a6a6d9d8b,boj_or_jp,https://www.boj.or.jp/en/about/organization/index.htm,scrapy_pipeline,NotToday,published_at outside target calendar window,2026-05-18 12:49:47.526670
955fe859-f3d4-4c71-b831-0890e98a814d,lanacion_com_ar,https://www.lanacion.com.ar/deportes/futbol/asi-quedo-conformada-la-final-del-torneo-apertura-2026-nid17052026/,scrapy_pipeline,AccessControlDetected,paywall=False login=False captcha=True,2026-05-18 12:49:47.984433
93c2f68c-7791-403e-a036-7ccda1b643b2,tuoitre_vn,https://tuoitre.vn/bi-thu-nhieu-loc-nhan-huan-chuong-lao-dong-hang-3-phuong-xuan-hoa-co-khong-gian-bac-tren-mang-20260518112335287.htm,scrapy_pipeline,AccessControlDetected,paywall=False login=False captcha=True,2026-05-18 12:49:48.515040
f7392893-9b91-4648-b595-8ac380529d9e,tuoitre_vn,https://tuoitre.vn/hyundai-santa-fe-2027-co-ban-dien-sac-bang-xang-do-day-binh-co-the-chay-thang-ha-noi-tp-hcm-20260518093948711.htm,scrapy_pipeline,AccessControlDetected,paywall=False login=False captcha=True,2026-05-18 12:49:48.816181
96924df3-9bf6-470d-92f4-84b2c96d0e2f,scmp_com,https://www.scmp.com/magazines/style/lifestyle/design/article/3353706/style-edit-hermes-reimagines-its-elements-store-myth-and-movement?utm_source=rss_feed,scrapy_pipeline,AccessControlDetected,paywall=False login=False captcha=True,2026-05-18 12:49:49.489207
3a41bbe5-f807-4019-bf38-2dcb83ac3810,baochinhphu_vn,https://baochinhphu.vn/to-chuc-thi-tot-nghiep-thpt-va-tuyen-sinh-dai-hoc-nam-2026-theo-huong-giu-on-dinh-giam-ap-luc-giam-chi-phi-102260518130342525.htm,scrapy_pipeline,AccessControlDetected,paywall=False login=False captcha=True,2026-05-18 12:49:49.922332
d5ebd594-c0e9-404c-b561-1cb8fc985270,indianexpress_com,https://indianexpress.com/article/lifestyle/health/pre-diabetic-metformin-eating-garlic-expert-10677195/,scrapy_pipeline,AccessControlDetected,paywall=False login=False captcha=True,2026-05-18 12:49:50.171224
53025a99-9029-493f-879e-d3a022273a9d,gulfnews_com,https://gulfnews.com/business/corporate-news/thailand-expands-thai-fruits-food-festival-2026-campaign-through-al-maya-supermarkets-in-the-uae-1.500544329,scrapy_pipeline,AccessControlDetected,paywall=False login=False captcha=True,2026-05-18 12:49:50.506278
c700fadb-63ed-46b5-955f-6d07990a1c73,theguardian_com,https://www.theguardian.com/global-development/2026/may/18/gaza-cement-dual-use-israeli-ban-recycling-rubble-reconstruction,scrapy_pipeline,AccessControlDetected,paywall=False login=False captcha=True,2026-05-18 12:49:50.633851
6988f438-d5ef-43e4-9abe-5118cffd7b50,mof_go_jp,https://www.mof.go.jp/english/policy/tax_policy/index.html,scrapy_pipeline,NotToday,published_at outside target calendar window,2026-05-18 12:49:54.191563
d7add3ba-6772-44d0-a369-5f8c1060253f,baochinhphu_vn,https://baochinhphu.vn/khoa-hoc-xa-hoi-phai-trung-van-de-phuc-vu-truc-tiep-hon-cho-hoach-dinh-chinh-sach-102260518140226818.htm,scrapy_pipeline,AccessControlDetected,paywall=False login=False captcha=True,2026-05-18 12:49:54.504779
7df6e3d8-3884-44f5-9dc0-b4183871965f,twse_com_tw,https://www.twse.com.tw/en/about/news/news/content.html?8a8216d69dbea9fd019e1b59eb4601a4,scrapy_pipeline,NotToday,published_at outside target calendar window,2026-05-18 12:49:54.624569
1fb8e052-16f8-4d18-8a44-4fb5f0eeb108,stats_gov_cn,https://www.stats.gov.cn/english/InternationalTraining/202405/t20240520_1950510.html,scrapy_pipeline,NotToday,published_at outside target calendar window,2026-05-18 12:49:54.803424
7445bd81-7cb1-4fe5-92eb-ccce148865d4,english_www_gov_cn,https://english.www.gov.cn/news/202605/17/content_WS6a0919d2c6d00ca5f9a0b027.html,scrapy_pipeline,NotToday,published_at outside target calendar window,2026-05-18 12:49:55.019053
f0ee3923-ac2d-4187-a320-27966214ce06,english_news_cn,https://english.news.cn/africa/20260517/a0953b14419f4d95a44171c3a6615d03/c.html,scrapy_pipeline,NotToday,published_at outside target calendar window,2026-05-18 12:49:55.099720
c0bffcd8-52e7-42a5-9238-180c0c405d50,thanhnien_vn,https://thanhnien.vn/nguoi-dan-dang-ky-nop-hon-450-trieu-dong-de-su-dung-via-he-phuong-an-dong-185260518113613846.htm,scrapy_pipeline,AccessControlDetected,paywall=False login=False captcha=True,2026-05-18 12:49:55.264756
0fbf64f8-d37e-4b6e-8023-e297a018c6db,boj_or_jp,https://www.boj.or.jp/en/about/outline/imes_archive/index.htm,scrapy_pipeline,NotToday,published_at outside target calendar window,2026-05-18 12:49:55.431492
2a73d19a-94a6-4655-aea2-8d92f29a92a4,imf_org,https://www.imf.org/en/publications/fm,scrapy_pipeline,AccessControlDetected,paywall=False login=False captcha=True,2026-05-18 12:49:57.491384
04d62464-70b0-40e0-96cd-26ebec99f4d9,lanacion_com_ar,https://www.lanacion.com.ar/estados-unidos/mexico-vs-sudafrica-hora-de-eeuu-y-cuando-se-juega-el-partido-inaugural-del-mundial-2026-nid17052026/,scrapy_pipeline,AccessControlDetected,paywall=False login=False captcha=True,2026-05-18 12:49:58.458627
bb8c4b39-1224-4745-adfd-e8d03bb83ff7,english_news_cn,https://english.news.cn/africa/20260509/a5a50718b70d4fe99c7f728f46089521/c.html,scrapy_pipeline,NotToday,published_at outside target calendar window,2026-05-18 12:49:58.632516
30c4e6c5-4f8b-46c2-b999-0e5b1fdfe232,twse_com_tw,https://www.twse.com.tw/en/about/news/news/content.html?8a8216d69dbea9fd019e20a93db901e0,scrapy_pipeline,NotToday,published_at outside target calendar window,2026-05-18 12:49:58.780807
ab715dce-16c6-4b33-b521-9573cb039e68,scmp_com,https://www.scmp.com/economy/china-economy/article/3353914/chinas-economy-shows-signs-strain-april-iran-war-headwinds-grow?utm_source=rss_feed,scrapy_pipeline,AccessControlDetected,paywall=False login=False captcha=True,2026-05-18 12:49:59.124590
4257471a-62c6-4dc2-bcb3-806ab8acf875,24h_com_vn,https://www.24h.com.vn/suc-khoe/nguoi-dan-ong-42-tuoi-phat-hien-ton-thuong-gan-vi-thoi-quen-an-rau-nhieu-nguoi-viet-mac-phai-c62a1762591.html,scrapy_pipeline,AccessControlDetected,paywall=False login=False captcha=True,2026-05-18 12:49:59.261652
d0dfaa66-1315-4e2c-b8e7-f2e82797e89a,csrc_gov_cn,http://www.csrc.gov.cn/csrc/c106426/ldjj.shtml,scrapy_pipeline,NotToday,published_at outside target calendar window,2026-05-18 12:49:59.376121
906c2b9d-ab35-4c3f-9331-4a568cbe03bd,thanhnien_vn,https://thanhnien.vn/nhan-sac-bong-hong-lai-viet-duc-vua-tro-thanh-ga-cung-cua-chi-pu-185260518110333697.htm,scrapy_pipeline,AccessControlDetected,paywall=False login=False captcha=True,2026-05-18 12:49:59.634688
7630e2a6-6a69-499d-a05e-77b99989b4e0,motie_go_kr,https://www.motir.go.kr/kor/article/ATCL666f8f04a,scrapy_pipeline,NotToday,published_at outside target calendar window,2026-05-18 12:49:59.861102
9d03ea8b-c315-4a6e-8968-98e10753504e,stats_gov_cn,https://www.stats.gov.cn/english/InternationalTraining/202405/t20240520_1950511.html,scrapy_pipeline,NotToday,published_at outside target calendar window,2026-05-18 12:50:00.576884
1aaa52e6-72fc-4f0d-b37e-4eb9ffd53c92,cbr_ru,https://www.cbr.ru/eng/Psystem/,scrapy_pipeline,NotToday,published_at outside target calendar window,2026-05-18 12:50:00.918313
7f88226f-023a-4738-8c77-e5dd16373b9a,moea_gov_tw,https://www.moea.gov.tw/Mns/English/Home/TextSearch.aspx,scrapy_pipeline,NotToday,published_at outside target calendar window,2026-05-18 12:50:01.877603
0c715fd6-898e-4cfa-bc25-2754a9df29fc,tuoitre_vn,https://tuoitre.vn/dieu-tra-dau-hieu-vi-pham-tai-mo-cat-bi-to-bom-rua-xuyen-dem-20260518110724494.htm,scrapy_pipeline,AccessControlDetected,paywall=False login=False captcha=True,2026-05-18 12:50:02.193553
17bee883-5e9d-4071-9849-5fe54b3be1da,apnews_com,https://apnews.com/article/lotteries-bedee176b168475485402e9ce5eff64c,scrapy_pipeline,AccessControlDetected,paywall=False login=False captcha=True,2026-05-18 12:50:03.327475
f234ce49-e64e-4533-a8e2-c5d0ed563333,ec_europa_eu,https://ec.europa.eu/digital-building-blocks/sites/display/DIGITAL/sitemap.xml,scrapy_pipeline,HttpError,status=404,2026-05-18 12:50:04.037350
c4485707-5ca4-4cd9-a477-0989566cac9d,csrc_gov_cn,http://www.csrc.gov.cn/csrc/c106441/ldjj.shtml,scrapy_pipeline,NotToday,published_at outside target calendar window,2026-05-18 12:50:04.143761
71db8dd6-5088-431d-a848-78d9f88ff8da,english_mofcom_gov_cn,https://english.mofcom.gov.cn/News/PressConference/art/2025/art_7d3eae80167d444ca436251d7790fabf.html,scrapy_pipeline,NotToday,published_at outside target calendar window,2026-05-18 12:50:04.337449
c2c15ff8-1c92-42f2-b929-3917801e0a44,ema_europa_eu,https://www.ema.europa.eu/en/search,scrapy_pipeline,NotToday,published_at outside target calendar window,2026-05-18 12:50:04.699497
70e40806-a35b-49c0-a4b0-3b9933c89c1b,tadawulgroup_sa,https://www.tadawulgroup.sa/wps/portal/tadawulgroup/portfolio/saudi-exchange?locale=en,scrapy_pipeline,NotToday,published_at outside target calendar window,2026-05-18 12:50:04.985354
3e61d7a7-777f-4589-8890-2b93e48655f5,cnn_com,https://www.cnn.com/2026/05/17/politics/irs-doj-trump-fund-billion,scrapy_pipeline,AccessControlDetected,paywall=False login=False captcha=True,2026-05-18 12:50:05.786005
6b2ce958-c750-4d91-b025-63023cb764e3,twse_com_tw,https://www.twse.com.tw/en/terms/domestic.html,scrapy_pipeline,NotToday,published_at outside target calendar window,2026-05-18 12:50:05.961644
b26295d9-fc96-4923-a8da-48efd3bbec54,boj_or_jp,https://www.boj.or.jp/en/about/outline/location/map.htm,scrapy_pipeline,NotToday,published_at outside target calendar window,2026-05-18 12:50:06.568275
6bfcb1d8-1179-4c75-8321-dd2ce07436c7,csrc_gov_cn,http://www.csrc.gov.cn/csrc/c106404/ldjj.shtml,scrapy_pipeline,NotToday,published_at outside target calendar window,2026-05-18 12:50:06.714530
91d489c8-2130-49a6-ba03-dc3a7f43375d,english_www_gov_cn,https://english.www.gov.cn/news,scrapy_pipeline,NotToday,published_at outside target calendar window,2026-05-18 12:50:06.913854
d8cab2b1-c5d4-422c-96c0-a7f557a5a85f,tadawulgroup_sa,https://www.tadawulgroup.sa/wps/portal/tadawulgroup/portfolio/our-portfolio?locale=en,scrapy_pipeline,NotToday,published_at outside target calendar window,2026-05-18 12:50:07.199679
9c0843f5-0b43-414d-81db-92eda90a78af,english_mofcom_gov_cn,https://english.mofcom.gov.cn/News/PressConference/art/2025/art_d23707c340d1421eb49c1c935a6ddb3c.html,scrapy_pipeline,NotToday,published_at outside target calendar window,2026-05-18 12:50:07.539573
f96c6463-8fbe-4334-a07e-24574577b692,twse_com_tw,https://www.twse.com.tw/en/search.html,scrapy_pipeline,NotToday,published_at outside target calendar window,2026-05-18 12:50:07.694542
c7bb9155-eadb-4b5a-89be-bc9088b538bb,cbr_ru,https://www.cbr.ru/eng/finstab/,scrapy_pipeline,NotToday,published_at outside target calendar window,2026-05-18 12:50:07.955935
11cc783c-7e6a-4ce1-8776-607d73a198d1,cbr_ru,https://www.cbr.ru/eng/dkp/,scrapy_pipeline,NotToday,published_at outside target calendar window,2026-05-18 12:50:08.509086
8e3f41c1-6b99-4698-abda-19a5ddf3c849,imf_org,https://www.imf.org/en/publications/gfsr,scrapy_pipeline,AccessControlDetected,paywall=False login=False captcha=True,2026-05-18 12:50:08.966573
ee396792-8914-496a-927b-e57f822ff18b,english_mofcom_gov_cn,https://english.mofcom.gov.cn/News/PressConference/art/2025/art_ab552360b92f43ccbeb0054d2715768b.html,scrapy_pipeline,NotToday,published_at outside target calendar window,2026-05-18 12:50:09.061304
e9a3cd93-405e-4a37-aa53-8fde69eb9ed7,boj_or_jp,https://www.boj.or.jp/en/about/outline/location/index.htm,scrapy_pipeline,NotToday,published_at outside target calendar window,2026-05-18 12:50:09.520847
f6c614f4-b940-4c1c-adac-75d371197a28,csrc_gov_cn,http://www.csrc.gov.cn/csrc/c100019/ldjj.shtml,scrapy_pipeline,NotToday,published_at outside target calendar window,2026-05-18 12:50:09.642766
d70777c4-dc2e-48cb-864f-324c627cc4f4,twse_com_tw,https://www.twse.com.tw/jp/,scrapy_pipeline,NotToday,published_at outside target calendar window,2026-05-18 12:50:10.222368
a9d59e75-b9ad-48fd-a573-ee503a6618f3,moea_gov_tw,https://www.moea.gov.tw/Mns/english/news/NewsRSS.aspx?menu_id=1438,scrapy_pipeline,NotToday,published_at outside target calendar window,2026-05-18 12:50:10.362225
9fedd804-aa53-40a3-b13d-3887c56e0b25,csrc_gov_cn,http://www.csrc.gov.cn/csrc/c100010/ldjj.shtml,scrapy_pipeline,NotToday,published_at outside target calendar window,2026-05-18 12:50:11.064819
1f6dacbd-5677-42fd-9780-1bcd23eb292f,moea_gov_tw,https://www.moea.gov.tw/Mns/english/content/ContentMenu2.aspx?menu_id=234&sub_menu_id=3395,scrapy_pipeline,NotToday,published_at outside target calendar window,2026-05-18 12:50:11.277532
231a3054-5533-4e7f-aa41-6f6e10d3387d,cbr_ru,https://www.cbr.ru/eng/about_br/,scrapy_pipeline,NotToday,published_at outside target calendar window,2026-05-18 12:50:11.577509
8224b89b-8d15-4db6-b7bd-b602c2c088aa,tadawulgroup_sa,https://www.tadawulgroup.sa/wps/portal/tadawulgroup/aboutus/team?locale=en,scrapy_pipeline,NotToday,published_at outside target calendar window,2026-05-18 12:50:12.146178
ce3f0c41-b7db-426f-8fec-040cf17065cf,adb_org,https://www.adb.org/rss.xml,scrapy_pipeline,HttpError,status=403,2026-05-18 13:04:05.822301
798c60fc-da00-4b2e-bb61-6efc15a87ef1,centralbank_ae,https://www.centralbank.ae/,scrapy_pipeline,HttpError,status=403,2026-05-18 13:04:06.100056
485a5045-9a8d-488d-8ab3-a8d2e3eb077e,federalreserve_gov,https://www.federalreserve.gov/,scrapy_pipeline,NotToday,published_at outside target calendar window,2026-05-18 13:04:06.392547
e06c5bc9-8a9e-4a96-8cd3-2d2241c8c5de,egypttoday_com,https://www.egypttoday.com/,scrapy_pipeline,HttpError,status=403,2026-05-18 13:04:06.645031
9de141c2-5ee2-450a-bcfd-5192c4a56647,data_aseanstats_org,https://data.aseanstats.org/,scrapy_pipeline,AccessControlDetected,paywall=False login=False captcha=True,2026-05-18 13:04:08.724572
3532461c-0648-4016-a053-5634d4ebdbb0,almasryalyoum_com,https://www.almasryalyoum.com/,scrapy_pipeline,AccessControlDetected,paywall=False login=False captcha=True,2026-05-18 13:04:09.786370
8c22a52d-8eee-4c64-a81b-116284d3ecfb,consilium_europa_eu,https://www.consilium.europa.eu/en/press,scrapy_pipeline,HttpError,status=403,2026-05-18 13:04:09.867861
ad9b1978-982e-4643-809d-319b7a1bbcb3,english_news_cn,https://english.news.cn/,scrapy_pipeline,NotToday,published_at outside target calendar window,2026-05-18 13:04:10.948756
053aeddd-fb2c-4c45-87fb-0d0b0302c9e8,cbr_ru,https://www.cbr.ru/eng,scrapy_pipeline,NotToday,published_at outside target calendar window,2026-05-18 13:04:11.215087
d22b73bd-fe35-4539-b407-69a8af0c6fd7,agenciadenoticias_ibge_gov_br,https://agenciadenoticias.ibge.gov.br/en,scrapy_pipeline,NotToday,published_at outside target calendar window,2026-05-18 13:04:11.395173
5a155d55-f830-4e98-be79-a228103124ca,global_krx_co_kr,https://global.krx.co.kr/,scrapy_pipeline,ShortContent,length=0 min=80,2026-05-18 13:04:11.897542
2dcf5b7c-fe66-4103-b31e-2d33dddec1c1,arabnews_com,https://www.arabnews.com/rss.xml,scrapy_pipeline,HttpError,status=403,2026-05-18 13:04:12.879066
03237498-bfd2-4f42-a979-acda27fb932d,fred_stlouisfed_org,https://fred.stlouisfed.org/,scrapy_pipeline,NotToday,published_at outside target calendar window,2026-05-18 13:04:13.226285
db4a6ca5-0795-4de3-bc7e-cff13bac6388,japantimes_co_jp,https://www.japantimes.co.jp/,scrapy_pipeline,HttpError,status=403,2026-05-18 13:04:13.534238
3ea2efd4-2469-4150-8a61-fe1291e2478c,news_sky_com,https://news.sky.com/,scrapy_pipeline,HttpError,status=403,2026-05-18 13:04:13.702179
14ca4c97-a6c8-4a44-9d58-0f4f82835c38,afdb_org,https://www.afdb.org/en,scrapy_pipeline,NotToday,published_at outside target calendar window,2026-05-18 13:04:14.579050
2c063b8b-6bde-4b8f-80f5-a5a40fb8e219,independent_co_uk,https://www.independent.co.uk/travel/news-and-advice/ryanair-flight-prices-iran-war-jet-fuel-shortage-b2978434.html,scrapy_pipeline,AccessControlDetected,paywall=False login=False captcha=True,2026-05-18 13:04:14.741201
45a01582-53ce-401c-a05c-80f856d48819,federalreserve_gov,https://www.federalreserve.gov/aboutthefed/ethics-values.htm,scrapy_pipeline,NotToday,published_at outside target calendar window,2026-05-18 13:04:15.067030
fd839f6a-7e2c-44b0-afdf-7a56a47c4ff8,ema_europa_eu,https://www.ema.europa.eu/en/homepage,scrapy_pipeline,NotToday,published_at outside target calendar window,2026-05-18 13:04:15.604183
7ad56b3b-9653-4e42-af20-198b74656559,ons_gov_uk,https://www.ons.gov.uk/,scrapy_pipeline,NotToday,published_at outside target calendar window,2026-05-18 13:04:16.441060
1e770298-7c94-4ba5-b0c1-9ec891656c59,meduza_io,https://meduza.io/en,scrapy_pipeline,AccessControlDetected,paywall=False login=False captcha=True,2026-05-18 13:04:16.725012
5653a34b-b370-472d-8c9b-960ada16c839,news24_com,https://www.news24.com/,scrapy_pipeline,AccessControlDetected,paywall=False login=False captcha=True,2026-05-18 13:04:18.230363
07ab85d4-a1fe-4adc-bf99-0af8da53afac,mas_gov_sg,https://www.mas.gov.sg/,scrapy_pipeline,NotToday,published_at outside target calendar window,2026-05-18 13:04:18.787255
aa7067a1-2834-419c-8f7c-af2daefa4d1a,kyivindependent_com,https://kyivindependent.com/following-attack-on-moscow-zelensky-touts-shift-in-the-balance-signals-more-deep-strikes/,scrapy_pipeline,AccessControlDetected,paywall=False login=False captcha=True,2026-05-18 13:04:19.289392
ff364d5e-456f-4ca6-8607-3e8ccb3c9a82,english_mofcom_gov_cn,https://english.mofcom.gov.cn/,scrapy_pipeline,NotToday,published_at outside target calendar window,2026-05-18 13:04:19.635838
574084f1-0f05-4985-a19a-98de0dda4751,fred_stlouisfed_org,https://fred.stlouisfed.org/searchresults/?st=nasdaq&isTst=1,scrapy_fetch,FetchError,IgnoreRequest('Forbidden by robots.txt'),2026-05-18 13:04:19.945990
ccb9f3cd-a58c-418f-975e-84b415a69507,fred_stlouisfed_org,https://fred.stlouisfed.org/searchresults/?st=exchange%20rate&isTst=1,scrapy_fetch,FetchError,IgnoreRequest('Forbidden by robots.txt'),2026-05-18 13:04:20.012574
8c2c4fa8-d6dc-45bb-babd-f1278f2e38c7,baochinhphu_vn,https://baochinhphu.vn/bo-xay-dung-de-xuat-cap-10000-ty-dong-von-dieu-le-lam-quy-nha-o-trung-uong-102260518003108836.htm,scrapy_pipeline,AccessControlDetected,paywall=False login=False captcha=True,2026-05-18 13:04:20.167375
c752ee50-8d68-4504-9ee8-ce6f6a0782c8,agenciadenoticias_ibge_gov_br,https://agenciadenoticias.ibge.gov.br/cdn-cgi/l/email-protection#fe9d91938b90979d9fbe979c999bd0999188d09c8c,scrapy_pipeline,HttpError,status=404,2026-05-18 13:04:20.234871
3d2ff40f-bf71-4128-b417-550929e57aee,independent_co_uk,https://www.independent.co.uk/travel/news-and-advice/hantavirus-argentina-ushuaia-outbreak-cruise-b2978437.html,scrapy_pipeline,AccessControlDetected,paywall=False login=False captcha=True,2026-05-18 13:04:20.709059
4171b693-5b52-4e98-b0c4-4867c5a62b70,oecd_org,https://www.oecd.org/,scrapy_pipeline,HttpError,status=403,2026-05-18 13:04:20.890170
344fb029-4811-4c00-bde8-b992bbeede63,english_www_gov_cn,https://english.www.gov.cn/,scrapy_pipeline,NotToday,published_at outside target calendar window,2026-05-18 13:04:21.201034
772960e8-9a3e-4d52-a45b-c499f36392a4,fred_stlouisfed_org,https://fred.stlouisfed.org/searchresults/?st=gold&isTst=1,scrapy_fetch,FetchError,IgnoreRequest('Forbidden by robots.txt'),2026-05-18 13:04:21.401330
2c96a8fa-a8ab-4e2a-82a9-0f5e6fc57c56,fred_stlouisfed_org,https://fred.stlouisfed.org/searchresults/?st=unemployment&isTst=1,scrapy_fetch,FetchError,IgnoreRequest('Forbidden by robots.txt'),2026-05-18 13:04:21.501825
cc732ca2-d467-4da1-a49b-c534aaa0e310,cbr_ru,https://www.cbr.ru/eng/development/,scrapy_pipeline,NotToday,published_at outside target calendar window,2026-05-18 13:04:22.004035
29e4131b-e1f4-4687-9a5f-bef4341374ef,baochinhphu_vn,https://baochinhphu.vn/uu-tien-mo-rong-cao-toc-2-lan-xe-len-quy-mo-hoan-chinh-102260518004918146.htm,scrapy_pipeline,AccessControlDetected,paywall=False login=False captcha=True,2026-05-18 13:04:22.294285
db776704-2b26-49e0-a8ad-942e2c9f80f7,parliament_uk,https://www.parliament.uk/,scrapy_pipeline,HttpError,status=403,2026-05-18 13:04:22.590531
80f0e309-7b45-4577-807b-38b5113dc448,boj_or_jp,https://www.boj.or.jp/en/mopo/mpmsche_minu/opinion_2026/index.htm,scrapy_pipeline,NotToday,published_at outside target calendar window,2026-05-18 13:04:22.796493
147e56a5-3864-464e-a529-823128ba3b01,federalreserve_gov,https://www.federalreserve.gov/aboutthefed/k8.htm,scrapy_pipeline,NotToday,published_at outside target calendar window,2026-05-18 13:04:23.113242
aa3f9de9-c56f-4d8c-9793-3a2d410b28e0,fred_stlouisfed_org,https://fred.stlouisfed.org/searchresults/?st=inflation&isTst=1,scrapy_fetch,FetchError,IgnoreRequest('Forbidden by robots.txt'),2026-05-18 13:04:23.412983
b8ebcae5-79f6-470a-ad8a-9ce6e6280063,bea_gov,https://apps.bea.gov/rss/rss.xml,scrapy_fetch,FetchError,IgnoreRequest('Forbidden by robots.txt'),2026-05-18 13:04:23.479162
8ccc9639-e8f4-4ab7-be87-1ed4abecac8a,fred_stlouisfed_org,https://fred.stlouisfed.org/searchresults/?st=gdp&isTst=1,scrapy_fetch,FetchError,IgnoreRequest('Forbidden by robots.txt'),2026-05-18 13:04:23.545295
750d7481-f0db-4882-9796-21028fa3a62a,fred_stlouisfed_org,https://fred.stlouisfed.org/searchresults/?st=m2&isTst=1,scrapy_fetch,FetchError,IgnoreRequest('Forbidden by robots.txt'),2026-05-18 13:04:23.612472
b7c37359-7619-4c77-be68-eeb01322ba5d,fred_stlouisfed_org,https://fred.stlouisfed.org/searchresults/?st=cpi&isTst=1,scrapy_fetch,FetchError,IgnoreRequest('Forbidden by robots.txt'),2026-05-18 13:04:23.679798
0fa62670-8c9c-433e-96d1-0844d5709ee7,smh_com_au,https://www.smh.com.au/national/former-carlton-boss-defamation-trial-begins-20260518-p5zyhi.html?ref=rss&utm_medium=rss&utm_source=rss_feed,scrapy_fetch,FetchError,IgnoreRequest('Forbidden by robots.txt'),2026-05-18 13:04:23.945836
b181c505-0b7b-42d3-8393-021f280d0d68,kyivindependent_com,https://kyivindependent.com/russian-attack-may-18/,scrapy_pipeline,AccessControlDetected,paywall=False login=False captcha=True,2026-05-18 13:04:24.163746
008b6d5d-28c3-434b-8d3e-309253a37581,rbnz_govt_nz,https://www.rbnz.govt.nz/,scrapy_pipeline,HttpError,status=403,2026-05-18 13:04:24.667835
48abac4f-bff8-4ff2-b45a-163d30e7f1d1,pib_gov_in,https://www.pib.gov.in/,scrapy_pipeline,HttpError,status=403,2026-05-18 13:04:25.201853
8ee93cb9-bc50-4d9b-9559-4a2481bb457f,ema_europa_eu,https://www.ema.europa.eu/en/news-and-events/publications,scrapy_pipeline,NotToday,published_at outside target calendar window,2026-05-18 13:04:25.326015
41df89ad-c9f1-46eb-8b60-91bc4583cca4,fred_stlouisfed_org,https://fred.stlouisfed.org/contactus/,scrapy_pipeline,NotToday,published_at outside target calendar window,2026-05-18 13:04:25.702913
e0758b96-5047-490f-a9b4-0c053b556060,meduza_io,https://meduza.io/en/podcasts/the-naked-pravda,scrapy_pipeline,AccessControlDetected,paywall=False login=False captcha=True,2026-05-18 13:04:26.407645
45e11d1d-01e5-47aa-b380-02dd456dc6d3,science_org,https://www.science.org/,scrapy_pipeline,HttpError,status=403,2026-05-18 13:04:26.489690
6309a575-8c63-44fb-9176-ae5ac5972e4d,statssa_gov_za,https://www.statssa.gov.za/,scrapy_pipeline,ShortContent,length=0 min=80,2026-05-18 13:04:26.562621
eded1f8e-a64b-47dc-bc5b-eb3b5f8d5bcd,ons_gov_uk,https://www.ons.gov.uk/peoplepopulationandcommunity/crimeandjustice,scrapy_pipeline,NotToday,published_at outside target calendar window,2026-05-18 13:04:26.913235
8841823e-5922-48da-a0ad-7b5d9c353b6b,agenciadenoticias_ibge_gov_br,https://agenciadenoticias.ibge.gov.br/en/agencia-contact.html,scrapy_pipeline,HttpError,status=403,2026-05-18 13:04:27.257142
fe2e2dd1-5666-41f3-bf84-64430b34fdc8,kyivindependent_com,https://kyivindependent.com/russia-downed-over-3-000-drones-over-past-week-state-media-reports/,scrapy_pipeline,AccessControlDetected,paywall=False login=False captcha=True,2026-05-18 13:04:27.495118
85bdd4cf-df33-41c0-a506-2e92b2b30a03,independent_co_uk,https://www.independent.co.uk/bulletin/news/ebola-outbreak-virus-congo-uganda-b2978446.html,scrapy_pipeline,AccessControlDetected,paywall=False login=False captcha=True,2026-05-18 13:04:27.800978
7afa9763-a541-4a72-b723-2b6ad1fe79a9,smh_com_au,https://www.smh.com.au/national/woman-held-at-knifepoint-in-shocking-early-morning-carjacking-20260518-p5zyhh.html?ref=rss&utm_medium=rss&utm_source=rss_feed,scrapy_fetch,FetchError,IgnoreRequest('Forbidden by robots.txt'),2026-05-18 13:04:27.901475
c03076a7-468a-4332-bdf1-6c0af1b6301d,theguardian_com,https://www.theguardian.com/sport/2026/may/18/aaron-rai-us-pga-championship-title-win-jon-rahm-rory-mcilroy,scrapy_pipeline,AccessControlDetected,paywall=False login=False captcha=True,2026-05-18 13:04:28.017122
88c7fd31-dca8-4e27-a90e-e45225dd0b08,federalreserve_gov,https://www.federalreserve.gov/aboutthefed/procurement/tips.htm,scrapy_pipeline,NotToday,published_at outside target calendar window,2026-05-18 13:04:28.579168
d458dea6-2024-4413-9718-2966c4b090b6,fca_org_uk,https://www.fca.org.uk/news/press-releases/fca-and-bank-england-set-out-shared-vision-tokenisation-uk-wholesale-markets,scrapy_pipeline,AccessControlDetected,paywall=False login=False captcha=True,2026-05-18 13:04:28.817552
bcb9740d-38d5-448e-8bb5-a972c86d73dd,cbr_ru,https://www.cbr.ru/eng/inside/warning-list/,scrapy_pipeline,NotToday,published_at outside target calendar window,2026-05-18 13:04:28.990622
b526da6e-379b-43b9-b964-930c134db5e6,afdb_org,https://www.afdb.org/en/countries/west-africa/guinea,scrapy_pipeline,NotToday,published_at outside target calendar window,2026-05-18 13:04:29.151243
f70e7b35-a31a-4b86-86d4-8e2e9b3c4f3f,politico_eu,https://www.politico.eu/article/eu-parliament-accused-overreach-shielding-top-lawmakers-prosecutors/?utm_source=RSS_Feed&utm_medium=RSS&utm_campaign=RSS_Syndication,scrapy_pipeline,AccessControlDetected,paywall=False login=False captcha=True,2026-05-18 13:04:29.265989
d4b8d0b5-ab4a-4993-8e79-e09cd93ddf92,english_www_gov_cn,https://english.www.gov.cn/services,scrapy_pipeline,NotToday,published_at outside target calendar window,2026-05-18 13:04:29.408423
7553ae32-d744-4df7-adce-7a882ebcccbb,moea_gov_tw,https://www.moea.gov.tw/Mns/english/home/English.aspx,scrapy_pipeline,NotToday,published_at outside target calendar window,2026-05-18 13:04:29.535989
250cf9cf-1d9c-4a8c-bdc9-a05943acb313,english_mofcom_gov_cn,https://english.mofcom.gov.cn/Statistics/ForeignTradeCooperation/art/2024/art_0a187aacb50e476880c598e41da85444.html,scrapy_pipeline,NotToday,published_at outside target calendar window,2026-05-18 13:04:29.633663
a06bbf29-bb75-4f9c-802c-2e3249a3f3b2,timesofisrael_com,https://www.timesofisrael.com/,scrapy_pipeline,AccessControlDetected,paywall=False login=False captcha=True,2026-05-18 13:04:30.937599
de33f0a2-7f77-4ed2-9a4b-acab20511de1,baochinhphu_vn,https://baochinhphu.vn/de-xuat-nang-cap-ql1-doan-ha-noi-bac-giang-thanh-duong-cao-toc-8-lan-xe-102260518010015304.htm,scrapy_pipeline,AccessControlDetected,paywall=False login=False captcha=True,2026-05-18 13:04:31.497836
e540236e-5902-48d0-bd2c-99abad16a336,theeastafrican_co_ke,https://www.theeastafrican.co.ke/tea/opinion/guest-blogs/africa-must-move-from-summit-diplomacy-to-actual-delivery-5463282,scrapy_pipeline,HttpError,status=403,2026-05-18 13:04:31.580247
e679dacb-87d4-4fe3-a341-c7afa78fc62a,boj_or_jp,https://www.boj.or.jp/en/mopo/mpmsche_minu/index.htm,scrapy_pipeline,NotToday,published_at outside target calendar window,2026-05-18 13:04:32.099019
16ddd3bd-e68f-473f-8a82-aef8687c22df,mas_gov_sg,https://www.mas.gov.sg/terms-of-use,scrapy_pipeline,NotToday,published_at outside target calendar window,2026-05-18 13:04:32.538931
6d88a826-c358-45d3-ba60-6acd4e56d754,rnz_co_nz,https://www.rnz.co.nz/news,scrapy_pipeline,NotToday,published_at outside target calendar window,2026-05-18 13:04:33.047905
4f49985e-df6d-407a-a8f2-5090bb1e0f14,asean_org,https://asean.org/secretary-general-of-asean-to-undertake-working-visit-to-timor-leste-on-the-sidelines-of-the-24th-anniversary-of-the-restoration-of-independence-of-the-democratic-republic-of-timor-leste/,scrapy_fetch,FetchError,HttpError('Ignoring non-200 response'),2026-05-18 13:04:33.135680
b4afc01d-e71e-4966-952f-757ffc94a4de,imf_org,https://www.imf.org/en/home,scrapy_pipeline,AccessControlDetected,paywall=False login=False captcha=True,2026-05-18 13:04:33.331829
7c8e8d73-d0ef-4ce9-a068-36e107c55668,stat_go_jp,https://www.stat.go.jp/english,scrapy_pipeline,HttpError,status=404,2026-05-18 13:04:33.690230
fda280ad-e7a0-44d2-9686-f86a114a8dc7,meduza_io,https://meduza.io/rss/en/all,scrapy_pipeline,AccessControlDetected,paywall=True login=True captcha=False,2026-05-18 13:04:34.178254
e5b97cf5-c480-41f0-802e-0c752856c078,ema_europa_eu,https://www.ema.europa.eu/en/news-events/committee-highlights,scrapy_pipeline,NotToday,published_at outside target calendar window,2026-05-18 13:04:34.295553
03f1a399-e45e-4a8c-afd4-d8d23889b0f0,ons_gov_uk,https://www.ons.gov.uk/peoplepopulationandcommunity/birthsdeathsandmarriages,scrapy_pipeline,NotToday,published_at outside target calendar window,2026-05-18 13:04:34.550592
6a84d556-1d88-4b9b-8bcb-5acebde4796c,clinicaltrials_gov,https://clinicaltrials.gov/,scrapy_pipeline,NotToday,published_at outside target calendar window,2026-05-18 13:04:34.779298
17d905b8-74fa-4f3e-b1a1-34e588c67311,fred_stlouisfed_org,https://fred.stlouisfed.org/digital-badges/,scrapy_pipeline,NotToday,published_at outside target calendar window,2026-05-18 13:04:34.960047
186ba3b8-9675-4f87-bd3a-ec17c7fce17e,news24_com,https://www.news24.com/southafrica/weather,scrapy_pipeline,AccessControlDetected,paywall=False login=False captcha=True,2026-05-18 13:04:35.369036
9fe148a9-823a-4afd-a7fa-e3bb5212a837,malaymail_com,https://www.malaymail.com/news/malaysia/2026/05/17/rafizi-ramli-and-nik-nazmi-quit-pkr-will-vacate-pandan-and-setiawangsa-seats/220312,scrapy_pipeline,NotToday,published_at outside target calendar window,2026-05-18 13:04:35.522250
1e1c125a-651b-473e-a3bb-a67ae7ab818e,almasryalyoum_com,https://www.almasryalyoum.com/section/index/558,scrapy_pipeline,AccessControlDetected,paywall=False login=False captcha=True,2026-05-18 13:04:36.079348
346dc03c-ab84-4549-b13a-576259902c3d,cbr_ru,https://www.cbr.ru/eng/news/subscribe/,scrapy_pipeline,AccessControlDetected,paywall=False login=False captcha=True,2026-05-18 13:04:37.244320
b36e8fa4-fbce-44a2-86b1-cfd838e79de3,english_www_gov_cn,https://english.www.gov.cn/policies/featured/202511/06/content_WS676548cbc6d0868f4e8ee28f.html,scrapy_pipeline,NotToday,published_at outside target calendar window,2026-05-18 13:04:37.510052
8c99a39f-741b-4d71-a7f3-f976373d8ed3,csrc_gov_cn,http://www.csrc.gov.cn,scrapy_pipeline,NotToday,published_at outside target calendar window,2026-05-18 13:04:37.826069
b00cb6a7-5526-4690-8169-e6b0b9ead8b2,english_mofcom_gov_cn,https://english.mofcom.gov.cn/Statistics/ForeignTradeCooperation/art/2024/art_c0da9e3d73164a05917e04efeb90cb90.html,scrapy_pipeline,NotToday,published_at outside target calendar window,2026-05-18 13:04:37.957017
08647cc3-abce-49d6-a3a9-822ccad2bc8a,english_mofcom_gov_cn,https://english.mofcom.gov.cn/Statistics/ForeignTradeCooperation/art/2024/art_3acb85a749c246ae83b086121af960cd.html,scrapy_pipeline,NotToday,published_at outside target calendar window,2026-05-18 13:04:38.189966
c2cb3bc7-ddb7-4f12-b246-14b60d7a9272,tadawulgroup_sa,https://www.tadawulgroup.sa/wps/portal/tadawulgroup/home?locale=en,scrapy_pipeline,NotToday,published_at outside target calendar window,2026-05-18 13:04:38.740298
fb5be276-743f-48d0-899c-1a0469df5c76,agenciadenoticias_ibge_gov_br,https://agenciadenoticias.ibge.gov.br/en/agencia-about-us.html,scrapy_pipeline,HttpError,status=403,2026-05-18 13:04:38.802294
c34ea22b-30d4-4505-8631-4fed24ca0d3d,wikidata_org,https://www.wikidata.org/wiki/Wikidata:Main_Page,scrapy_pipeline,AccessControlDetected,paywall=False login=False captcha=True,2026-05-18 13:04:39.251226
b9c3977e-c117-4808-9a11-e4b022f2715b,federalreserve_gov,https://www.federalreserve.gov/aboutthefed/boardvotes.htm,scrapy_pipeline,NotToday,published_at outside target calendar window,2026-05-18 13:04:39.515555
2351001e-a86b-4cf0-8ab9-2fe132df38f3,afdb_org,https://www.afdb.org/en/countries/west-africa/ghana,scrapy_pipeline,NotToday,published_at outside target calendar window,2026-05-18 13:04:39.858506
1a721d22-1fc6-4139-8f91-da0217ac029d,mas_gov_sg,https://www.mas.gov.sg/subscription-services,scrapy_pipeline,NotToday,published_at outside target calendar window,2026-05-18 13:04:40.199783
68c6c845-dafa-4b80-8219-9c06f77a864c,agenciadenoticias_ibge_gov_br,https://agenciadenoticias.ibge.gov.br/en/agencia-news/special-series.html,scrapy_pipeline,HttpError,status=403,2026-05-18 13:04:40.679715
a5eaeea8-d099-4a5d-ac40-c0a7e043d35f,ema_europa_eu,https://www.ema.europa.eu/en/news-events/whats-new,scrapy_pipeline,NotToday,published_at outside target calendar window,2026-05-18 13:04:41.144861
1a7c2bd9-cba2-45b6-b63a-83c12216d532,smh_com_au,https://www.smh.com.au/national/man-fighting-for-life-after-sydney-stabbing-20260518-p5zyhk.html?ref=rss&utm_medium=rss&utm_source=rss_feed,scrapy_fetch,FetchError,IgnoreRequest('Forbidden by robots.txt'),2026-05-18 13:04:41.235694
1a28a446-d255-40c0-9076-f07c58610fcf,boj_or_jp,https://www.boj.or.jp/en/mopo/outline/target.htm,scrapy_pipeline,NotToday,published_at outside target calendar window,2026-05-18 13:04:41.439732
f33d839d-730e-444b-9847-437270cc52cd,boj_or_jp,https://www.boj.or.jp/en/mopo/outline/bpreview/index.htm,scrapy_pipeline,NotToday,published_at outside target calendar window,2026-05-18 13:04:41.681699
c7faab1a-5703-4bd2-8f81-d0a0bc7219e6,english_www_gov_cn,https://english.www.gov.cn/policies/featured/202511/04/content_WS6909c915c6d00ca5f9a074f7.html,scrapy_pipeline,NotToday,published_at outside target calendar window,2026-05-18 13:04:42.053968
6ab41d81-4f7d-4380-8a21-10f72b5b4404,ons_gov_uk,https://www.ons.gov.uk/peoplepopulationandcommunity/armedforcescommunity,scrapy_pipeline,NotToday,published_at outside target calendar window,2026-05-18 13:04:42.269370
6592db24-74bd-4302-a05c-59071c115b44,news_ycombinator_com,https://www.reddit.com/r/pasadena/s/94BHlkE84r,scrapy_fetch,FetchError,IgnoreRequest('Forbidden by robots.txt'),2026-05-18 13:04:42.402471
95205050-5689-4f3b-b2e0-a2712765ab54,timesofisrael_com,https://www.timesofisrael.com/latest/alerts/,scrapy_pipeline,AccessControlDetected,paywall=False login=False captcha=True,2026-05-18 13:04:42.628445
84476df3-46e9-45d1-a18c-6c40ab1e67fa,smh_com_au,https://www.smh.com.au/business/companies/aguia-gets-green-light-kicks-off-brazilian-phosphate-mine-20260518-p5zyhj.html?ref=rss&utm_medium=rss&utm_source=rss_feed,scrapy_fetch,FetchError,IgnoreRequest('Forbidden by robots.txt'),2026-05-18 13:04:42.701781
823a0332-ef2e-4018-bd13-9df2be4644a7,smh_com_au,https://www.smh.com.au/world/north-america/rededicate-our-nation-back-to-god-trump-backed-prayer-rally-delivers-for-true-believers-20260518-p5zybt.html?ref=rss&utm_medium=rss&utm_source=rss_feed,scrapy_fetch,FetchError,IgnoreRequest('Forbidden by robots.txt'),2026-05-18 13:04:42.769327
a3ca93f0-152d-4126-a8ad-399cf49e63b1,smh_com_au,https://www.smh.com.au/world/fighter-jets-collide-at-us-air-show-20260518-p5zxyq.html?ref=rss&utm_medium=rss&utm_source=rss_feed,scrapy_fetch,FetchError,IgnoreRequest('Forbidden by robots.txt'),2026-05-18 13:04:42.835206
f1b8d9cb-5317-443a-835d-32f7d64596a6,smh_com_au,https://www.smh.com.au/national/victoria/it-took-this-to-get-the-truth-rugby-australia-misled-rebels-over-their-future-court-hears-20260518-p5zy32.html?ref=rss&utm_medium=rss&utm_source=rss_feed,scrapy_fetch,FetchError,IgnoreRequest('Forbidden by robots.txt'),2026-05-18 13:04:42.902593
77845739-7f46-421f-97ee-15ccc6b11287,mof_go_jp,https://www.mof.go.jp/english/,scrapy_pipeline,NotToday,published_at outside target calendar window,2026-05-18 13:04:43.036283
1059cd9f-bf6c-452f-8844-89a931e9778a,smh_com_au,https://www.smh.com.au/national/queensland/enough-to-blow-you-off-your-feet-wind-howled-before-dad-crushed-in-scaffolding-tragedy-20260518-p5zyfy.html?ref=rss&utm_medium=rss&utm_source=rss_feed,scrapy_fetch,FetchError,IgnoreRequest('Forbidden by robots.txt'),2026-05-18 13:04:43.247174
2d4d5931-e087-4f88-8a2f-efc9dcea1f9e,federalreserve_gov,https://www.federalreserve.gov/aboutthefed/currency.htm,scrapy_pipeline,NotToday,published_at outside target calendar window,2026-05-18 13:04:43.634405
a3096b30-9acf-4751-af78-7a207506dca2,smh_com_au,https://www.smh.com.au/national/queensland/woman-feared-dead-after-being-hit-in-multi-car-crash-pacific-motorway-shut-20260518-p5zyhg.html?ref=rss&utm_medium=rss&utm_source=rss_feed,scrapy_fetch,FetchError,IgnoreRequest('Forbidden by robots.txt'),2026-05-18 13:04:44.169682
3c38de8b-bc13-47c4-9c4f-b74bcacc653a,smh_com_au,https://www.smh.com.au/national/nsw/a-negative-hearing-on-negative-gearing-plans-for-change-20260518-p5zxzp.html?ref=rss&utm_medium=rss&utm_source=rss_feed,scrapy_fetch,FetchError,IgnoreRequest('Forbidden by robots.txt'),2026-05-18 13:04:44.246856
180d4803-bd39-4f1f-bb6d-3e68fd305d1b,moea_gov_tw,https://www.moea.gov.tw/Mns/english/content/ContentMenu.aspx?menu_id=3535,scrapy_pipeline,NotToday,published_at outside target calendar window,2026-05-18 13:04:44.492617
a98c2719-6a4d-4908-a795-19644c51e7a6,mas_gov_sg,https://www.mas.gov.sg/privacy-statement,scrapy_pipeline,NotToday,published_at outside target calendar window,2026-05-18 13:04:44.860074
ce1f4374-5fd9-455a-ac0f-20d743e2d129,almasryalyoum_com,https://www.almasryalyoum.com/section/index/559,scrapy_pipeline,AccessControlDetected,paywall=False login=False captcha=True,2026-05-18 13:04:45.092889
de631799-3837-4022-82bc-7bf2e09136be,europarl_europa_eu,https://www.europarl.europa.eu/thinktank/en/home,scrapy_pipeline,NotToday,published_at outside target calendar window,2026-05-18 13:04:46.088012
2bc246ee-a84d-4f9f-967e-675ac1ce965b,independent_co_uk,https://www.independent.co.uk/news/gaza-ankara-israeli-turkey-marmaris-b2978454.html,scrapy_pipeline,AccessControlDetected,paywall=False login=False captcha=True,2026-05-18 13:04:46.297226
45643f28-0803-426f-99b5-d9da8e150e71,english_mofcom_gov_cn,https://english.mofcom.gov.cn/Statistics/ForeignTradeCooperation/art/2024/art_2358b798c5264a7bbbe89f882258751a.html,scrapy_pipeline,NotToday,published_at outside target calendar window,2026-05-18 13:04:46.401203
aa5a0358-c07d-47c5-911c-6da57b882e8b,imf_org,https://www.imf.org/en/research/research-perspectives,scrapy_pipeline,AccessControlDetected,paywall=False login=False captcha=True,2026-05-18 13:04:46.989568
4de62036-be36-43de-8185-e9f23ad3681d,politico_eu,https://www.politico.eu/article/us-ambassador-andrew-puzder-eu-honor-trade-deal-donald-trump/?utm_source=RSS_Feed&utm_medium=RSS&utm_campaign=RSS_Syndication,scrapy_pipeline,AccessControlDetected,paywall=False login=False captcha=True,2026-05-18 13:04:47.104059
35920ded-5d84-465f-87c1-fd1803ae6d75,theguardian_com,https://www.theguardian.com/artanddesign/gallery/2026/may/18/australias-best-blind-bowlers-compete-for-glory-on-the-green-in-pictures,scrapy_pipeline,AccessControlDetected,paywall=False login=False captcha=True,2026-05-18 13:04:47.643670
6645dbe9-e3a9-47a3-8f23-f935ae6c8e9f,federalreserve_gov,https://www.federalreserve.gov/aboutthefed/boardmeetings/meetingdates.htm,scrapy_pipeline,NotToday,published_at outside target calendar window,2026-05-18 13:04:47.860930
94acbad9-56b4-4de9-bf5e-eed18a5389a2,smh_com_au,https://www.smh.com.au/national/pole-snapped-car-in-flames-after-villawood-crash-20260518-p5zxzs.html?ref=rss&utm_medium=rss&utm_source=rss_feed,scrapy_fetch,FetchError,IgnoreRequest('Forbidden by robots.txt'),2026-05-18 13:04:47.925269
df5d4956-92b9-4d8a-b720-336192dc3633,lanacion_com_ar,https://www.lanacion.com.ar/estados-unidos/hallazgo-historico-salio-con-un-detector-de-metales-y-encontro-un-tesoro-de-la-edad-de-bronce-nid17052026/,scrapy_pipeline,AccessControlDetected,paywall=False login=False captcha=True,2026-05-18 13:04:48.101863
9d58e29a-2dc0-492b-b4e3-61705adc6883,dailymaverick_co_za,https://www.dailymaverick.co.za/article/2026-05-17-sars-audit-links-ex-prasa-boss-lucky-montana-to-recipient-of-tall-trains-funds/,scrapy_pipeline,AccessControlDetected,paywall=False login=False captcha=True,2026-05-18 13:04:48.321895
33f766bb-1f1a-499b-bf5b-3ec38762d075,boj_or_jp,https://www.boj.or.jp/en/mopo/index.htm,scrapy_pipeline,NotToday,published_at outside target calendar window,2026-05-18 13:04:48.777405
b82cb2b6-f2a7-46c2-90d7-a8228d51b15a,indianexpress_com,https://indianexpress.com/article/cities/lucknow/womans-headless-torso-limbs-found-on-train-parked-at-lucknow-station-10695310/,scrapy_pipeline,AccessControlDetected,paywall=False login=False captcha=True,2026-05-18 13:04:48.991232
e48d9ae8-97c4-4bf5-ae0e-fc67fc69a4ae,clinicaltrials_gov,https://clinicaltrials.gov/policy,scrapy_pipeline,NotToday,published_at outside target calendar window,2026-05-18 13:04:49.332860
4251bc6e-0a14-479d-bdfc-30178fc9d186,kyivindependent_com,https://kyivindependent.com/general-staff-russia-has-lost-1-350-010-troops-in-ukraine-since-feb-24-2022/,scrapy_pipeline,AccessControlDetected,paywall=False login=False captcha=True,2026-05-18 13:04:49.816653
75d87dfc-a89f-4a5e-b3ec-70fa31d3ef8d,smh_com_au,https://www.smh.com.au/national/pm-continues-to-promote-budget-in-adelaide-20260518-p5zyhq.html?ref=rss&utm_medium=rss&utm_source=rss_feed,scrapy_fetch,FetchError,IgnoreRequest('Forbidden by robots.txt'),2026-05-18 13:04:49.901283
41091315-7997-4208-a1d5-50c3cd2219d9,smh_com_au,https://www.smh.com.au/world/ebola-crisis-in-two-african-countries-20260518-p5zxyc.html?ref=rss&utm_medium=rss&utm_source=rss_feed,scrapy_fetch,FetchError,IgnoreRequest('Forbidden by robots.txt'),2026-05-18 13:04:49.969610
eb31ab9e-d858-43ee-a4d7-fcbca5020e71,wikidata_org,https://www.wikidata.org/wiki/Special:Random/Lexeme,scrapy_fetch,FetchError,IgnoreRequest('Forbidden by robots.txt'),2026-05-18 13:04:50.035691
fa8a3a29-93ae-4d67-9996-4b0b9bc1b1b8,smh_com_au,https://www.smh.com.au/national/victoria/labor-and-police-clash-over-reporting-semantics-of-alleged-6m-scam-20260518-p5zyf4.html?ref=rss&utm_medium=rss&utm_source=rss_feed,scrapy_fetch,FetchError,IgnoreRequest('Forbidden by robots.txt'),2026-05-18 13:04:50.102407
89e0b3bd-3584-4d49-a3c1-a15cd0b34472,mas_gov_sg,https://www.mas.gov.sg/contact-us,scrapy_pipeline,NotToday,published_at outside target calendar window,2026-05-18 13:04:50.433861
19a9e14a-2e67-422f-a48a-4965c82a9502,smh_com_au,https://www.smh.com.au/national/man-fighting-for-life-after-being-hit-by-two-cars-20260518-p5zyht.html?ref=rss&utm_medium=rss&utm_source=rss_feed,scrapy_fetch,FetchError,IgnoreRequest('Forbidden by robots.txt'),2026-05-18 13:04:50.547451
0cb1880f-c985-4d46-b371-9b41e97aba4f,smh_com_au,https://www.smh.com.au/national/stunning-cctv-footage-shows-moment-pub-patrons-thwart-thief-20260518-p5zyhu.html?ref=rss&utm_medium=rss&utm_source=rss_feed,scrapy_fetch,FetchError,IgnoreRequest('Forbidden by robots.txt'),2026-05-18 13:04:50.646947
9a432d92-7e98-4243-95e0-9c676573d724,csrc_gov_cn,http://www.csrc.gov.cn/csrc/c100028/c7616846/content.shtml,scrapy_pipeline,NotToday,published_at outside target calendar window,2026-05-18 13:04:50.988361
ad164096-9e65-47a2-b1b6-58708c926430,cbr_ru,https://www.cbr.ru/eng/ckki/,scrapy_pipeline,NotToday,published_at outside target calendar window,2026-05-18 13:04:51.233231
aa4ebe2f-1ef5-4f31-a67c-fe914145768b,ema_europa_eu,https://www.ema.europa.eu/en/events/upcoming-events,scrapy_pipeline,NotToday,published_at outside target calendar window,2026-05-18 13:04:51.424419
45dc9199-80d3-4d26-9b0e-7221c47f3959,boj_or_jp,https://www.boj.or.jp/en/mopo/outline/index.htm,scrapy_pipeline,NotToday,published_at outside target calendar window,2026-05-18 13:04:51.651654
a050ba77-ed38-404d-b487-cc642aa52423,federalreserve_gov,https://www.federalreserve.gov/aboutthefed/directors/about.htm,scrapy_pipeline,NotToday,published_at outside target calendar window,2026-05-18 13:04:51.815021
aac8e068-842f-4075-8659-a719122cdbbd,kyivindependent_com,https://kyivindependent.com/zelenskys-ex-chief-of-staff-released-on-over-3-million-bail-amid-major-corruption-probe/,scrapy_pipeline,AccessControlDetected,paywall=False login=False captcha=True,2026-05-18 13:04:52.224604
8b8467d9-a687-4593-a257-7cd0c6c156b1,english_mofcom_gov_cn,https://english.mofcom.gov.cn/Statistics/ForeignTradeCooperation/art/2024/art_ef5551c93c8f43b9bce5ca9cb0118540.html,scrapy_pipeline,NotToday,published_at outside target calendar window,2026-05-18 13:04:52.311826
4617a46b-7875-4f2e-9cc5-86c0e1a4fbf3,banxico_org_mx,https://www.banxico.org.mx/portales-de-usuarios/usuarios-billetes-monedas-ban.html,scrapy_pipeline,NotToday,published_at outside target calendar window,2026-05-18 13:04:52.433530
9c1a8abd-3e63-4910-9500-754e5fc954f6,wikidata_org,https://www.wikidata.org/wiki/Special:RecentChanges?namespace=146%3B147,scrapy_fetch,FetchError,IgnoreRequest('Forbidden by robots.txt'),2026-05-18 13:04:52.502334
e4f2dbdc-409a-4b63-baed-dd45c2ba76c8,boj_or_jp,https://www.boj.or.jp/en/about/link/index.htm,scrapy_pipeline,NotToday,published_at outside target calendar window,2026-05-18 13:04:52.687893
04480af8-0b93-4b92-b5ba-e5edbba00b1d,smh_com_au,https://www.smh.com.au/national/man-who-stomped-on-off-duty-cop-s-head-spared-jail-time-20260518-p5zyhv.html?ref=rss&utm_medium=rss&utm_source=rss_feed,scrapy_fetch,FetchError,IgnoreRequest('Forbidden by robots.txt'),2026-05-18 13:04:52.757979
6ac86890-e569-4417-a8c9-b9dcd29f13e4,wikidata_org,https://www.wikidata.org/wiki/Special:NewLexeme,scrapy_fetch,FetchError,IgnoreRequest('Forbidden by robots.txt'),2026-05-18 13:04:52.825277
0c20461e-815b-4cb0-9970-760efd0842c0,nytimes_com,https://www.nytimes.com/2026/05/17/us/planes-crash-gunfighter-skies-show.html,scrapy_pipeline,AccessControlDetected,paywall=False login=False captcha=True,2026-05-18 13:04:52.958305
8c9f7860-bd60-4909-8da8-39ddafc0490c,europarl_europa_eu,https://www.europarl.europa.eu/delegations/en/home,scrapy_pipeline,NotToday,published_at outside target calendar window,2026-05-18 13:04:53.321763
f7f319ee-7ffc-410f-aad2-1b2a134fd009,theeastafrican_co_ke,https://www.theeastafrican.co.ke/tea/opinion/columnists/two-presidents-talk-and-evoke-a-gruesome-dark-vision-of-future-5463318,scrapy_pipeline,HttpError,status=403,2026-05-18 13:04:53.758208
cf5b1532-e0db-4c4e-90d3-0f111829a660,afdb_org,https://www.afdb.org/en/countries/west-africa/gambia,scrapy_pipeline,NotToday,published_at outside target calendar window,2026-05-18 13:04:53.959147
4f07f8d2-4b88-4e25-be47-5fc9ca182040,news_ycombinator_com,https://www.youtube.com/watch?v=1OIxzewWilc,scrapy_pipeline,AccessControlDetected,paywall=False login=False captcha=True,2026-05-18 13:04:54.156322
762938e1-e2e0-4598-82ec-c1a51c58d8a9,english_news_cn,https://english.news.cn/20260516/c0aea50a44af4047b57f0e1731a6b5ee/c.html,scrapy_pipeline,NotToday,published_at outside target calendar window,2026-05-18 13:04:54.426879
a164482a-3002-4e08-acc5-f5f3aef822a1,federalreserve_gov,https://www.federalreserve.gov/aboutthefed/fract.htm,scrapy_pipeline,NotToday,published_at outside target calendar window,2026-05-18 13:04:55.006805
1eae8f99-d491-4877-ab62-ed665ae7d476,english_www_gov_cn,https://english.www.gov.cn/archive/202601/05/content_WS695bc53fc6d00ca5f9a086cc.html,scrapy_pipeline,NotToday,published_at outside target calendar window,2026-05-18 13:04:55.108794
1afab379-7563-43e6-91a9-d0bd69435c08,rnz_co_nz,https://www.rnz.co.nz/news/indonz,scrapy_pipeline,NotToday,published_at outside target calendar window,2026-05-18 13:04:55.406686
2dd3ba8b-76b8-43ee-92fd-8b189ffd827b,wikidata_org,https://www.wikidata.org/wiki/Special:SpecialPages,scrapy_fetch,FetchError,IgnoreRequest('Forbidden by robots.txt'),2026-05-18 13:04:55.513772
d4819e46-8faf-439d-96fa-acf2825f8737,wikidata_org,https://www.wikidata.org/wiki/Special:MyLanguage/Help:Contents,scrapy_fetch,FetchError,IgnoreRequest('Forbidden by robots.txt'),2026-05-18 13:04:55.724608
ad6071e4-bfbd-462b-906b-4e737cb98a73,ons_gov_uk,https://www.ons.gov.uk/peoplepopulationandcommunity,scrapy_pipeline,NotToday,published_at outside target calendar window,2026-05-18 13:04:55.929543
2bee3d3e-0338-4f83-959d-a476e57a460d,boj_or_jp,https://www.boj.or.jp/en/about/climate/index.htm,scrapy_pipeline,NotToday,published_at outside target calendar window,2026-05-18 13:04:56.193292
9acbf681-08fc-485c-bca5-63bd31accff3,dailymaverick_co_za,https://www.dailymaverick.co.za/article/2026-05-18-who-declares-ebola-outbreak-in-congo-uganda-an-emergency-of-international-concern/,scrapy_pipeline,AccessControlDetected,paywall=False login=False captcha=True,2026-05-18 13:04:56.309169
99027de7-6e7e-4386-a817-790ccaf8cb73,baochinhphu_vn,https://baochinhphu.vn/vo-khong-du-dieu-kien-huong-thai-san-chong-van-co-the-duoc-tro-cap-102260515081728375.htm,scrapy_pipeline,AccessControlDetected,paywall=False login=False captcha=True,2026-05-18 13:04:56.552456
1e17bec5-ff57-43df-bbc9-8d8ae58a911f,tadawulgroup_sa,https://www.tadawulgroup.sa/wps/portal/tadawulgroup/contactus/previous_awards?locale=en,scrapy_pipeline,NotToday,published_at outside target calendar window,2026-05-18 13:04:56.988697
c137577f-a3c5-43bf-8d6d-7416e7d87fbc,timesofisrael_com,https://www.timesofisrael.com/latest/,scrapy_pipeline,AccessControlDetected,paywall=False login=False captcha=True,2026-05-18 13:04:57.203444
343a4fa2-8bbf-43ce-a5ea-3f5c1cb43dfa,twse_com_tw,https://www.twse.com.tw/en/,scrapy_pipeline,NotToday,published_at outside target calendar window,2026-05-18 13:04:57.507072
05fc4cd4-1ad4-4de4-8d3a-eeacc0d5e910,imf_org,https://www.imf.org/en/publications/search,scrapy_pipeline,AccessControlDetected,paywall=False login=False captcha=True,2026-05-18 13:04:57.716698
0b200c5c-f9ac-4a9f-a672-6414ab814001,thanhnien_vn,https://thanhnien.vn/tau-san-bay-lon-nhat-cua-my-ve-nha-sau-nhiem-vu-trien-khai-dai-ky-luc-185260518123229811.htm,scrapy_pipeline,AccessControlDetected,paywall=False login=False captcha=True,2026-05-18 13:04:58.348625
e7d26d95-fabf-4439-8ec4-2368c369dfa1,indianexpress_com,https://indianexpress.com/article/technology/artificial-intelligence/openai-chatgpt-codex-one-product-team-latest-shake-up-report-10695323/,scrapy_pipeline,AccessControlDetected,paywall=False login=False captcha=True,2026-05-18 13:04:58.799904
4260ca02-b181-4968-b377-5fb105c3128a,independent_co_uk,https://www.independent.co.uk/extras/indybest/house-garden/bbqs-accessories/uniflame-2-burner-gas-bbq-b2978452.html,scrapy_pipeline,AccessControlDetected,paywall=False login=False captcha=True,2026-05-18 13:04:58.954091
2cabe545-83dd-4510-89c9-4402c6b1831d,moea_gov_tw,https://www.moea.gov.tw/Mns/english/content/ContentMenu2.aspx?menu_id=234,scrapy_pipeline,NotToday,published_at outside target calendar window,2026-05-18 13:04:59.193203
251b9909-a77e-496f-bc50-8cb2dbc1de0d,theguardian_com,https://www.theguardian.com/film/2026/may/18/cate-blanchett-cannes-film-festival-panel-film-metoo-gender-equality-hollywood,scrapy_pipeline,AccessControlDetected,paywall=False login=False captcha=True,2026-05-18 13:04:59.302356
ccb8270c-6017-409b-af8d-b49f362eff24,fsc_go_kr,https://www.fsc.go.kr/eng/index,scrapy_pipeline,NotToday,published_at outside target calendar window,2026-05-18 13:04:59.451841
21303c8f-1775-457f-8f62-ef92ef9d1139,thanhnien_vn,https://thanhnien.vn/ra-mat-hoi-dong-khoa-hoc-dinh-duong-ung-dung-dau-tien-tai-viet-nam-185260517205944401.htm,scrapy_pipeline,AccessControlDetected,paywall=False login=False captcha=True,2026-05-18 13:04:59.632700
634bf9a9-526d-4b91-906c-6d3fef1db2a4,politico_eu,https://www.politico.eu/article/why-running-britain-hard-no-matter-who-does-it/?utm_source=RSS_Feed&utm_medium=RSS&utm_campaign=RSS_Syndication,scrapy_pipeline,AccessControlDetected,paywall=False login=False captcha=True,2026-05-18 13:04:59.891579
f68df63d-321b-4c1f-bffc-2d53febaa15b,todayonline_com,https://www.channelnewsasia.com/today,scrapy_pipeline,NotToday,published_at outside target calendar window,2026-05-18 13:05:00.591972
92c6918c-917d-4087-96f4-1afee6ff450b,federalreserve_gov,https://www.federalreserve.gov/aboutthefed/federal-reserve-system.htm,scrapy_pipeline,NotToday,published_at outside target calendar window,2026-05-18 13:05:00.962068
86d71a6a-c06e-47c9-8275-31d9ee6d9fc4,afdb_org,https://www.afdb.org/en/countries/west-africa/cote-divoire,scrapy_pipeline,HttpError,status=403,2026-05-18 13:05:01.058168
16bd5fd8-7cbb-4967-8144-43bff891e33f,tuoitre_vn,https://tuoitre.vn/manga-jujutsu-kaisen-modulo-khep-lai-nhung-van-bo-ngo-3-cau-hoi-lon-nhat-2026051716470394.htm,scrapy_pipeline,AccessControlDetected,paywall=False login=False captcha=True,2026-05-18 13:05:01.277468
13cdc77c-a859-4922-920b-761cb4a31e35,tuoitre_vn,https://tuoitre.vn/phim-cua-tai-tu-hwang-jung-min-jo-in-sung-gay-chan-dong-cannes-20260518102931541.htm,scrapy_pipeline,AccessControlDetected,paywall=False login=False captcha=True,2026-05-18 13:05:01.503482
8ee2fb06-b542-4d89-882c-edccc54145e1,federalreserve_gov,https://www.federalreserve.gov/aboutthefed/advisorydefault.htm,scrapy_pipeline,NotToday,published_at outside target calendar window,2026-05-18 13:05:01.795331
e63cb8ab-6326-492e-946f-d1527718f592,lanacion_com_ar,https://www.lanacion.com.ar/estados-unidos/visas-y-tramites/nuevo-chequeo-del-fbi-en-uscis-en-que-casos-vuelven-a-citar-a-migrantes-que-ya-dieron-las-huellas-nid17052026/,scrapy_pipeline,AccessControlDetected,paywall=False login=False captcha=True,2026-05-18 13:05:01.997513
fbedf682-11a6-4504-bd8a-04a97d0e92b9,wikidata_org,https://www.wikidata.org/wiki/Special:Nearby,scrapy_fetch,FetchError,IgnoreRequest('Forbidden by robots.txt'),2026-05-18 13:05:02.092176
1f1aa58a-5b83-42ac-b0bb-b40a222691c5,agenciadenoticias_ibge_gov_br,https://agenciadenoticias.ibge.gov.br/en/agencia-news.html?editoria=ibge,scrapy_pipeline,HttpError,status=403,2026-05-18 13:05:02.214316
09a7ca50-1e99-477d-9f54-7ed1212cae48,cbr_ru,https://www.cbr.ru/eng/finm_infrastructure/,scrapy_pipeline,NotToday,published_at outside target calendar window,2026-05-18 13:05:02.408504
5aa0fb77-aedd-4fd2-bc02-bc4b6cfc478b,wikidata_org,https://www.wikidata.org/wiki/Special:RecentChanges,scrapy_fetch,FetchError,IgnoreRequest('Forbidden by robots.txt'),2026-05-18 13:05:02.480364
2a54ff0d-c070-4a23-a812-f82dee57003e,afdb_org,https://www.afdb.org/en/countries/west-africa/burkina-faso,scrapy_pipeline,NotToday,published_at outside target calendar window,2026-05-18 13:05:02.658163
a25d2dae-1b27-4869-8897-9cbfb5195660,wikidata_org,https://www.wikidata.org/wiki/Special:NewItem,scrapy_fetch,FetchError,IgnoreRequest('Forbidden by robots.txt'),2026-05-18 13:05:02.792065
99dbdca2-9a70-4088-94ce-3ba809333a18,wikidata_org,https://www.wikidata.org/wiki/Special:Random/Main,scrapy_fetch,FetchError,IgnoreRequest('Forbidden by robots.txt'),2026-05-18 13:05:02.858293
84a15c38-217a-4628-a147-35fdfe5d1b97,english_mofcom_gov_cn,https://english.mofcom.gov.cn/Statistics/ForeignTradeCooperation/art/2024/art_2a91aae674c14eb4a65665f08226c00f.html,scrapy_pipeline,NotToday,published_at outside target calendar window,2026-05-18 13:05:03.138692
94fcd5fc-2a74-4d27-b14c-899bb2b88869,afdb_org,https://www.afdb.org/en/countries/west-africa/cabo-verde,scrapy_pipeline,HttpError,status=403,2026-05-18 13:05:03.236249
827df987-8b78-4589-88f0-2143a3e2b65d,banxico_org_mx,https://www.banxico.org.mx/ConsultaRegulacionWeb/,scrapy_pipeline,NotToday,published_at outside target calendar window,2026-05-18 13:05:03.519530
e019cc07-c43a-4509-a112-3f7e2dbd3a35,csrc_gov_cn,http://www.csrc.gov.cn/csrc/c100039/common_list.shtml,scrapy_pipeline,NotToday,published_at outside target calendar window,2026-05-18 13:05:03.655070
a9b31627-a52a-4e8b-97a0-299f3831e41a,ons_gov_uk,https://www.ons.gov.uk/employmentandlabourmarket/peoplenotinwork,scrapy_pipeline,NotToday,published_at outside target calendar window,2026-05-18 13:05:03.995560
bb7bd338-f697-41c3-ac73-70e8ffe216fa,english_www_gov_cn,https://english.www.gov.cn/archive/202303/28/content_WS64227cbfc6d0f528699dc56b.html,scrapy_pipeline,NotToday,published_at outside target calendar window,2026-05-18 13:05:04.342225
9e6c01c0-4de0-4006-825c-f61288ace13f,tadawulgroup_sa,https://www.tadawulgroup.sa/wps/portal/tadawulgroup/contactus/awards?locale=en,scrapy_pipeline,NotToday,published_at outside target calendar window,2026-05-18 13:05:04.924956
0b9c10ec-dc48-4194-938d-43b87c053f8d,timesofisrael_com,https://www.timesofisrael.com/local/,scrapy_pipeline,AccessControlDetected,paywall=False login=False captcha=True,2026-05-18 13:05:05.112898
285629ea-a820-4e77-846c-0c77bd992850,ema_europa_eu,https://www.ema.europa.eu/en/news,scrapy_pipeline,NotToday,published_at outside target calendar window,2026-05-18 13:05:05.310693
503d154c-8695-45d8-b875-51e981480c71,english_news_cn,https://english.news.cn/20260516/bc99c3cddbde4f799176b5e72a5f70fa/c.html,scrapy_pipeline,NotToday,published_at outside target calendar window,2026-05-18 13:05:05.420486
6725d2fc-e938-4860-8e9b-16c0d644160e,wikidata_org,https://www.wikidata.org/wiki/Special:MyLanguage/Project:Community_portal,scrapy_fetch,FetchError,IgnoreRequest('Forbidden by robots.txt'),2026-05-18 13:05:05.491757
60c1602d-e610-4311-9857-fbee26c18020,rnz_co_nz,https://www.rnz.co.nz/news/pacific,scrapy_pipeline,NotToday,published_at outside target calendar window,2026-05-18 13:05:05.785974
50a66b5e-94d4-49e8-8ffc-323142c509b6,news24_com,https://www.news24.com/southafrica/crime-and-courts,scrapy_pipeline,AccessControlDetected,paywall=False login=False captcha=True,2026-05-18 13:05:06.139316
3fb2d507-eb3b-4b78-bc74-e971fdddf4df,cbc_gov_tw,https://www.cbc.gov.tw/tw/np-1004-1.html,scrapy_pipeline,ShortContent,length=0 min=80,2026-05-18 13:05:06.326417
075a6111-1c63-407b-abf3-482b71175521,mof_go_jp,https://www.mof.go.jp/english/application-contact/e-service/index.htm,scrapy_pipeline,NotToday,published_at outside target calendar window,2026-05-18 13:05:06.587577
1aceb9f5-e766-4337-8073-88a121eaf1f3,moea_gov_tw,https://www.moea.gov.tw/Mns/english/content/ContentMenu.aspx?menu_id=32917,scrapy_pipeline,NotToday,published_at outside target calendar window,2026-05-18 13:05:06.740946
d0f32c60-af9b-432c-8d30-867082e6d091,independent_co_uk,https://www.independent.co.uk/bulletin/sport/pga-golf-tournament-who-won-aaron-rai-b2978451.html,scrapy_pipeline,AccessControlDetected,paywall=False login=False captcha=True,2026-05-18 13:05:06.858992
c679964c-af9b-4386-b030-099ebb6967d5,boj_or_jp,https://www.boj.or.jp/en/about/services/kengaku.htm,scrapy_pipeline,NotToday,published_at outside target calendar window,2026-05-18 13:05:07.225361
bef8025b-5d7c-4141-8de4-0bc8c9cfa649,mof_go_jp,https://www.mof.go.jp/english/application-contact/index.html,scrapy_pipeline,NotToday,published_at outside target calendar window,2026-05-18 13:05:07.360573
ddce6e06-5a6f-4d01-b531-928c60d2a5bf,federalreserve_gov,https://www.federalreserve.gov/aboutthefed/bios/board/default.htm,scrapy_pipeline,NotToday,published_at outside target calendar window,2026-05-18 13:05:07.625648
ae81643b-d1a0-4bef-af93-6b1a0d0d75a8,afdb_org,https://www.afdb.org/en/countries/west-africa/benin,scrapy_pipeline,HttpError,status=403,2026-05-18 13:05:07.691906
4712ed26-23b9-4c65-8a05-182aab824a2a,almasryalyoum_com,https://www.almasryalyoum.com/section/index/162,scrapy_pipeline,AccessControlDetected,paywall=False login=False captcha=True,2026-05-18 13:05:07.892450
e9c838eb-2318-420e-b0d8-4d28690ec3a2,wikidata_org,https://www.wikidata.org/wiki/Wikidata:Project_chat,scrapy_pipeline,AccessControlDetected,paywall=False login=False captcha=True,2026-05-18 13:05:09.081289
d08b487a-d917-4960-922c-57b30b86e6da,afdb_org,https://www.afdb.org/en/countries/west-africa,scrapy_pipeline,HttpError,status=403,2026-05-18 13:05:09.292131
56c603ad-e3c1-4f1a-bb84-50ae00c63f90,fred_stlouisfed_org,https://fred.stlouisfed.org/fred-mobile/index.php,scrapy_pipeline,NotToday,published_at outside target calendar window,2026-05-18 13:05:09.728597
cd284b4b-5753-4c0f-b835-b64e4e66808f,english_mofcom_gov_cn,https://english.mofcom.gov.cn/Statistics/ForeignTradeCooperation/art/2024/art_a3ccd0c4a8694b4180fe6d4d4fe274d6.html,scrapy_pipeline,NotToday,published_at outside target calendar window,2026-05-18 13:05:09.904143
ec60c3b9-492e-4afc-88c7-85b142d35ad7,twse_com_tw,https://www.twse.com.tw/TIB/en/mechanism.html,scrapy_pipeline,NotToday,published_at outside target calendar window,2026-05-18 13:05:10.093506
8e58038c-2562-421d-86d9-03b9d5947678,imf_org,https://www.imf.org/en/publications/sprolls/staff-discussion-notes,scrapy_pipeline,AccessControlDetected,paywall=False login=False captcha=True,2026-05-18 13:05:10.217751
c0c8fcfe-5b5e-4d51-ba1b-74696f17e59f,federalreserve_gov,https://www.federalreserve.gov/aboutthefed/the-fed-explained.htm,scrapy_pipeline,NotToday,published_at outside target calendar window,2026-05-18 13:05:10.387987
ce40b217-391c-48f7-80ff-c310a6650636,csrc_gov_cn,http://www.csrc.gov.cn/csrc/c100029/c0d1ef2b845b34714af0abb063b656a6c/content.shtml,scrapy_pipeline,NotToday,published_at outside target calendar window,2026-05-18 13:05:10.502914
04b305e6-b1e4-4c4d-ab5c-8d10a2e568f4,english_news_cn,https://english.news.cn/20260517/96a1e306d5ba44f0a21f9f249dbefc76/c.html,scrapy_pipeline,NotToday,published_at outside target calendar window,2026-05-18 13:05:10.603920
33f41352-9440-49d8-997d-710a889ba9a4,english_www_gov_cn,https://english.www.gov.cn/statecouncil/202303/12/content_WS5f334b75c6d029c1c26379c3.html,scrapy_pipeline,NotToday,published_at outside target calendar window,2026-05-18 13:05:10.714635
ae8b72eb-7887-417f-b470-e03292c3ca8f,ema_europa_eu,https://www.ema.europa.eu/en/news-events,scrapy_pipeline,NotToday,published_at outside target calendar window,2026-05-18 13:05:10.853271
e8f99fa8-5eb8-46ff-ac8f-a74628d78c71,afdb_org,https://www.afdb.org/en/countries/north-africa/tunisia,scrapy_pipeline,NotToday,published_at outside target calendar window,2026-05-18 13:05:11.027175
bc8c843f-0be8-450e-a0ae-89c11daee2c2,banxico_org_mx,https://www.banxico.org.mx/SieInternet/consultarDirectorioInternetAction.do?sector=8&accion=consultarCuadro&idCuadro=CP150&locale=es,scrapy_pipeline,NotToday,published_at outside target calendar window,2026-05-18 13:05:11.162289
cae21d59-ed4f-4caa-a658-a616c6482a2c,cbr_ru,https://www.cbr.ru/eng/ckki/news/,scrapy_pipeline,NotToday,published_at outside target calendar window,2026-05-18 13:05:11.304138
7c319065-39ad-4345-9913-a4c82d0317d0,todayonline_com,https://www.channelnewsasia.com/commentary,scrapy_pipeline,NotToday,published_at outside target calendar window,2026-05-18 13:05:12.074848
0550751c-adea-4113-8440-84487a466610,smh_com_au,https://www.smh.com.au/national/victoria/nowhere-to-go-residents-fear-the-future-as-caravan-park-makes-way-for-housing-20260510-p5zvgv.html?ref=rss&utm_medium=rss&utm_source=rss_feed,scrapy_fetch,FetchError,IgnoreRequest('Forbidden by robots.txt'),2026-05-18 13:05:12.659478
526b9504-556f-4512-841c-b691d59e42dd,smh_com_au,https://www.smh.com.au/lifestyle/health-and-wellness/gen-zs-are-choosing-jomo-over-fomo-i-think-they-re-onto-something-20260518-p5zya7.html?ref=rss&utm_medium=rss&utm_source=rss_feed,scrapy_fetch,FetchError,IgnoreRequest('Forbidden by robots.txt'),2026-05-18 13:05:12.747792
9d787b73-065e-48ef-9f22-0970a5518c6e,motie_go_kr,https://www.motie.go.kr/eng,scrapy_pipeline,ShortContent,length=31 min=80,2026-05-18 13:05:12.892735
b2c4cc3a-d5f1-4ba1-a1f1-2811d47e0774,ons_gov_uk,https://www.ons.gov.uk/employmentandlabourmarket/peopleinwork,scrapy_pipeline,NotToday,published_at outside target calendar window,2026-05-18 13:05:13.060598
a1bd0408-a491-4c75-945a-c3d9a5cf31c1,news24_com,https://www.news24.com/southafrica/education,scrapy_pipeline,AccessControlDetected,paywall=False login=False captcha=True,2026-05-18 13:05:13.406355
53c56e7b-76e9-44d5-b170-d562380b2f43,boj_or_jp,https://www.boj.or.jp/en/about/services/bn/index.htm,scrapy_pipeline,NotToday,published_at outside target calendar window,2026-05-18 13:05:13.610532
282eaa74-cf77-4288-9a5b-f67b40801efe,timesofisrael_com,https://www.timesofisrael.com/the-blogs-edition/,scrapy_pipeline,AccessControlDetected,paywall=False login=False captcha=True,2026-05-18 13:05:13.788771
2309dcf7-9c48-4ed3-afea-cc134a01ff9d,tadawulgroup_sa,https://www.tadawulgroup.sa/wps/portal/tadawulgroup/contactus/scmf_main_page?locale=en,scrapy_pipeline,NotToday,published_at outside target calendar window,2026-05-18 13:05:14.276624
19caf60a-beca-4e40-8dec-4816417bbb67,cbc_gov_tw,https://www.cbc.gov.tw/tw/np-1003-1.html,scrapy_pipeline,ShortContent,length=0 min=80,2026-05-18 13:05:14.349118
e07dfd9d-8029-4f27-8c1f-361c0b39ed9f,agenciadenoticias_ibge_gov_br,https://agenciadenoticias.ibge.gov.br/en/agencia-news.html?editoria=geociencias,scrapy_pipeline,HttpError,status=403,2026-05-18 13:05:14.436339
3d89e326-f03f-4f4f-869b-fdb14fd320a7,moea_gov_tw,https://www.moea.gov.tw/Mns/english/content/ContentMenu.aspx?menu_id=32756,scrapy_pipeline,NotToday,published_at outside target calendar window,2026-05-18 13:05:14.552241
24e85a0c-b429-4b24-bdb6-febf9519117f,bok_or_kr,https://www.bok.or.kr/sitemap.xml,scrapy_fetch,FetchError,IgnoreRequest('Forbidden by robots.txt'),2026-05-18 13:05:14.646869
335bfe70-2551-479a-86c7-656d90c3a8ce,afdb_org,https://www.afdb.org/en/countries/north-africa/morocco,scrapy_pipeline,HttpError,status=403,2026-05-18 13:05:14.748358
19f3dbb6-0a93-46c4-8c2a-0918129e2234,theguardian_com,https://www.theguardian.com/world/2026/may/18/patrick-bruel-denies-sexual-assault-allegations-french-actor-singer-ntwnfb,scrapy_pipeline,AccessControlDetected,paywall=False login=False captcha=True,2026-05-18 13:05:14.981414
7513fbf4-c229-474e-a203-e2c00c682ab5,moea_gov_tw,https://www.moea.gov.tw/Mns/english/content/ContentMenu.aspx?menu_id=32992,scrapy_pipeline,NotToday,published_at outside target calendar window,2026-05-18 13:05:15.459732
183f075e-c7ec-4e17-9b0d-00276682902b,afdb_org,https://www.afdb.org/en/countries/north-africa/mauritania,scrapy_pipeline,HttpError,status=403,2026-05-18 13:05:15.657584
86c7a641-d688-41fe-afbb-1e41e4bb2932,dailymaverick_co_za,https://www.dailymaverick.co.za/article/2026-05-18-samsung-electronics-and-its-south-korean-union-resume-pay-talks-as-strike-risks-loom/,scrapy_pipeline,AccessControlDetected,paywall=False login=False captcha=True,2026-05-18 13:05:15.985036
36bc2d54-8937-4375-9f13-e57d308e01de,politico_eu,https://www.politico.eu/article/russia-germany-sanctions-ukraine-smuggling-network/?utm_source=RSS_Feed&utm_medium=RSS&utm_campaign=RSS_Syndication,scrapy_pipeline,AccessControlDetected,paywall=False login=False captcha=True,2026-05-18 13:05:16.175113
b3dae7a0-3df9-4b29-abb3-0f70df5c37b6,smh_com_au,https://www.smh.com.au/national/victoria/people-say-my-suburb-is-australia-s-coolest-to-me-it-s-just-families-creating-magic-20260324-p5ukac.html?ref=rss&utm_medium=rss&utm_source=rss_feed,scrapy_fetch,FetchError,IgnoreRequest('Forbidden by robots.txt'),2026-05-18 13:05:16.647276
6301e87d-0fa2-42d2-9567-786bd181688b,independent_co_uk,https://www.independent.co.uk/bulletin/sport/bruno-fernandes-premier-league-assists-henry-de-bruyne-b2978463.html,scrapy_pipeline,AccessControlDetected,paywall=False login=False captcha=True,2026-05-18 13:05:16.927869
05c52136-c45d-46bf-b6d7-6b0e51b5b934,scmp_com,https://www.scmp.com/news/world/united-states-canada/article/3353909/white-house-mass-prayer-event-seeks-reclaim-us-christian-roots?utm_source=rss_feed,scrapy_pipeline,AccessControlDetected,paywall=False login=False captcha=True,2026-05-18 13:05:17.256896
7aadeb87-5283-4cc0-88d0-20cef2fcd021,almasryalyoum_com,https://www.almasryalyoum.com/section/index/622,scrapy_pipeline,AccessControlDetected,paywall=False login=False captcha=True,2026-05-18 13:05:17.690029
8b0a0733-d67a-4e33-9f9c-78b33ea441a4,europarl_europa_eu,https://www.europarl.europa.eu/committees/en/home,scrapy_pipeline,NotToday,published_at outside target calendar window,2026-05-18 13:05:17.885169
dbf0d90f-623d-4817-9c1a-0a0ba63d27f3,indianexpress_com,https://indianexpress.com/article/entertainment/tamil/cm-vijay-appointment-of-rajmohan-as-film-minister-divided-film-industry-10695036/,scrapy_pipeline,AccessControlDetected,paywall=False login=False captcha=True,2026-05-18 13:05:18.069175
7879fbf5-0885-4fd0-8112-85670bba7b93,lanacion_com_ar,https://www.lanacion.com.ar/estados-unidos/florida/buenas-noticias-en-florida-desantis-celebro-una-fuerte-caida-de-muertes-por-opioides-y-fentanilo-nid17052026/,scrapy_pipeline,AccessControlDetected,paywall=False login=False captcha=True,2026-05-18 13:05:18.266284
d9e7a931-fb85-427d-a142-b77f8b60a2af,english_mofcom_gov_cn,https://english.mofcom.gov.cn/Statistics/ForeignTradeCooperation/index.html,scrapy_pipeline,ShortContent,length=36 min=80,2026-05-18 13:05:18.425506
1975ec5f-cd6d-4925-8f23-411c8d8a9a51,kyivindependent_com,https://kyivindependent.com/at-least-killed-injured-in-russian-attacks-across-ukraine-over-past-day/,scrapy_pipeline,AccessControlDetected,paywall=False login=False captcha=True,2026-05-18 13:05:18.765219
e4bab52a-996d-4e68-9777-f2beda2fead3,cbr_ru,https://www.cbr.ru/eng/finm_infrastructure/news/,scrapy_pipeline,NotToday,published_at outside target calendar window,2026-05-18 13:05:18.998106
78406628-a0ba-40cf-b3f3-eb3ae2225569,ema_europa_eu,https://www.ema.europa.eu/en/committees/working-parties-other-groups,scrapy_pipeline,NotToday,published_at outside target calendar window,2026-05-18 13:05:19.159344
48cd65c0-88a5-44a1-a3be-738201ad05fb,federalreserve_gov,https://www.federalreserve.gov/aboutthefed.htm,scrapy_pipeline,NotToday,published_at outside target calendar window,2026-05-18 13:05:19.455402
227cf421-5e79-42e8-aba0-60aaa91a98a0,english_www_gov_cn,https://english.www.gov.cn/Homepage/202303/13/content_WS641d0809c6d0f528699dc0a9.html,scrapy_pipeline,NotToday,published_at outside target calendar window,2026-05-18 13:05:19.593713
d93884e2-9837-43a6-b01c-eec719406dc5,english_news_cn,https://english.news.cn/20260515/1ee0138947cd4a999fd7a70476edda72/c.html,scrapy_pipeline,NotToday,published_at outside target calendar window,2026-05-18 13:05:19.797847
9c6fb91d-f0f2-439c-929f-268e10025865,banxico_org_mx,https://www.banxico.org.mx/SieInternet/consultarDirectorioInternetAction.do?sector=8&accion=consultarCuadro&idCuadro=CP151&locale=es,scrapy_pipeline,NotToday,published_at outside target calendar window,2026-05-18 13:05:20.167649
56129302-fef4-420a-80b2-385290aaad5b,mof_go_jp,https://www.mof.go.jp/english/statistics/index.html,scrapy_pipeline,NotToday,published_at outside target calendar window,2026-05-18 13:05:20.300358
96c7f209-2b36-48ff-be18-209c79f7c43f,csrc_gov_cn,http://www.csrc.gov.cn/csrc/c100029/cf55468cc810d41a5977dff010de7fc65/content.shtml,scrapy_pipeline,NotToday,published_at outside target calendar window,2026-05-18 13:05:20.506502
bb09256d-2077-4c62-bdb1-a809d7e5109f,twse_com_tw,https://www.twse.com.tw/TIB/en/requirement.html,scrapy_pipeline,NotToday,published_at outside target calendar window,2026-05-18 13:05:20.719750
cbf8fd7c-dd89-4b28-bcc5-3a7bb8a582b5,federalreserve_gov,https://www.federalreserve.gov/aboutthefed/contact-us-topics.htm,scrapy_pipeline,NotToday,published_at outside target calendar window,2026-05-18 13:05:20.886010
d6f92955-2a3e-4bf2-a693-8fc11fe9892a,almasryalyoum_com,https://www.almasryalyoum.com/section/index/142,scrapy_pipeline,AccessControlDetected,paywall=False login=False captcha=True,2026-05-18 13:05:21.401523
6b005428-fb95-4092-9d55-580420f8ba2d,dailymaverick_co_za,https://www.dailymaverick.co.za/article/2026-05-18-no-nonsense-nutrition-a-science-based-plan-to-transform-health/,scrapy_pipeline,AccessControlDetected,paywall=False login=False captcha=True,2026-05-18 13:05:21.518685
8dc5d0d4-23ef-4c3c-a375-f973c936052b,independent_co_uk,https://www.independent.co.uk/bulletin/news/russia-china-ship-marshall-islands-ukraine-b2978461.html,scrapy_pipeline,AccessControlDetected,paywall=False login=False captcha=True,2026-05-18 13:05:21.615293
34ff0045-85b4-40af-b418-ce4a4f7bd5f8,todayonline_com,https://www.channelnewsasia.com/world,scrapy_pipeline,NotToday,published_at outside target calendar window,2026-05-18 13:05:21.942945
8f0614a3-283f-42a1-9665-6ea396c2d21d,theeastafrican_co_ke,https://www.theeastafrican.co.ke/tea/opinion/columnists/chickens-coming-home-to-roost-need-not-be-this-uncomfortable-5463328,scrapy_pipeline,HttpError,status=403,2026-05-18 13:05:22.048125
8818517d-0b51-4e37-b51e-67813d2d6688,baochinhphu_vn,https://baochinhphu.vn/khai-mac-cuoc-thi-tai-nang-dien-vien-cai-luong-toan-quoc-nam-2026-102260518112627591.htm,scrapy_pipeline,AccessControlDetected,paywall=False login=False captcha=True,2026-05-18 13:05:22.326244
a451a2c2-c360-4739-a30c-0f0277372a98,federalreserve_gov,https://www.federalreserve.gov/videos.htm,scrapy_pipeline,NotToday,published_at outside target calendar window,2026-05-18 13:05:23.025989
d1ac762a-e750-49ad-887b-bdcae76bd2fc,timesofisrael_com,https://www.timesofisrael.com/the-weekend-edition/,scrapy_pipeline,AccessControlDetected,paywall=False login=False captcha=True,2026-05-18 13:05:23.276376
43090492-304b-424e-9c91-13da93f38cd9,nytimes_com,https://www.nytimes.com/2026/05/17/climate/geologic-hydrogen-clean-energy-underground.html,scrapy_pipeline,AccessControlDetected,paywall=False login=False captcha=True,2026-05-18 13:05:23.684229
5642d7e4-266c-4734-9d38-203a1d07743b,rnz_co_nz,https://www.rnz.co.nz/news/te-manu-korihi,scrapy_pipeline,NotToday,published_at outside target calendar window,2026-05-18 13:05:24.087371
0a681bef-cea2-44e7-9f79-722a8d118191,fsc_go_kr,https://www.fsc.go.kr/eng/ab000101,scrapy_pipeline,NotToday,published_at outside target calendar window,2026-05-18 13:05:24.260648
16c378ea-45f5-4d40-9395-27e14c5ea1a7,theguardian_com,https://www.theguardian.com/world/2026/may/18/xi-jinping-vladimir-putin-china-russia-four-days-after-donald-trump-us-visit,scrapy_pipeline,AccessControlDetected,paywall=False login=False captcha=True,2026-05-18 13:05:24.374552
1e27dfac-d568-4850-8e77-2e584e50a391,ons_gov_uk,https://www.ons.gov.uk/employmentandlabourmarket,scrapy_pipeline,NotToday,published_at outside target calendar window,2026-05-18 13:05:24.630899
03eea4a5-d4b6-4b10-89f0-0d5113468a20,indianexpress_com,https://indianexpress.com/article/sports/cricket/ipl-scenarios-srh-match-must-win-chennai-super-kings-10695308/,scrapy_pipeline,AccessControlDetected,paywall=False login=False captcha=True,2026-05-18 13:05:24.876003
f690b8e8-d5b1-43d8-8c75-a478a77c0d7e,europarl_europa_eu,https://the-president.europarl.europa.eu/en/,scrapy_pipeline,NotToday,published_at outside target calendar window,2026-05-18 13:05:25.160360
c8a32d50-5b3b-470e-b9f2-c1007a14266a,boj_or_jp,https://www.boj.or.jp/en/about/services/index.htm,scrapy_pipeline,NotToday,published_at outside target calendar window,2026-05-18 13:05:25.366736
9d576c2c-fdec-46c6-a510-26c566843333,english_www_gov_cn,https://english.www.gov.cn/Homepage/202303/13/content_WS641d0816c6d0f528699dc0aa.html,scrapy_pipeline,NotToday,published_at outside target calendar window,2026-05-18 13:05:25.710971
f2bd33e1-53a5-4b45-8055-6f1c0a8a2032,thanhnien_vn,https://thanhnien.vn/phim-co-hong-anh-nguyen-hau-tung-bi-gui-thu-nac-danh-suyt-khong-duoc-chieu-185260518123003778.htm,scrapy_pipeline,AccessControlDetected,paywall=False login=False captcha=True,2026-05-18 13:05:25.878340
36fd714e-a284-4eb7-8b0a-34a70a1d7b33,europarl_europa_eu,https://the-secretary-general.europarl.europa.eu/en,scrapy_pipeline,NotToday,published_at outside target calendar window,2026-05-18 13:05:26.366646
7a06a4ff-d855-411b-9d01-bf7eeafc5248,tuoitre_vn,https://tuoitre.vn/israel-uae-ran-nut-vi-cuoc-gap-bi-mat-lien-minh-chong-iran-lung-lay-20260518102608087.htm,scrapy_pipeline,AccessControlDetected,paywall=False login=False captcha=True,2026-05-18 13:05:27.985504
9a6ccb6a-f312-4199-8f44-b27117a8a278,theguardian_com,https://www.theguardian.com/us-news/2026/may/17/air-force-base-idaho-incident,scrapy_pipeline,AccessControlDetected,paywall=False login=False captcha=True,2026-05-18 13:05:28.121409
404ae3bc-775c-40dd-8c9b-6fab3e2ac643,nytimes_com,https://www.nytimes.com/2026/05/17/business/nextera-dominion-deal.html,scrapy_pipeline,AccessControlDetected,paywall=False login=False captcha=True,2026-05-18 13:05:28.469767
872adbde-34cd-48ee-81a5-55efa576e95a,moea_gov_tw,https://www.moea.gov.tw/Mns/english/content/ContentMenu.aspx?menu_id=214,scrapy_pipeline,NotToday,published_at outside target calendar window,2026-05-18 13:05:28.704546
68b6c3c8-c075-4354-9bf5-6c52e5efb356,independent_co_uk,https://www.independent.co.uk/news/business/what-is-vps-hosting-b2963975.html,scrapy_pipeline,AccessControlDetected,paywall=False login=False captcha=True,2026-05-18 13:05:28.993906
9952a873-abad-40a5-9098-39f1347bb24f,politico_eu,https://www.politico.eu/article/edouard-philippe-can-he-become-frances-next-president/?utm_source=RSS_Feed&utm_medium=RSS&utm_campaign=RSS_Syndication,scrapy_pipeline,AccessControlDetected,paywall=False login=False captcha=True,2026-05-18 13:05:29.210385
2af0c893-f74e-410a-b691-c8989efe7254,banxico_org_mx,https://www.banxico.org.mx/SieInternet/consultarDirectorioInternetAction.do?sector=4&accion=consultarCuadro&idCuadro=CF106&locale=es,scrapy_pipeline,NotToday,published_at outside target calendar window,2026-05-18 13:05:29.419052
30aa37f8-189a-4da8-8eb0-7d6e76458878,csrc_gov_cn,http://www.csrc.gov.cn/csrc/c100029/cb7acea9e3b6c4c94bef46eb0ff3e5525/content.shtml,scrapy_pipeline,NotToday,published_at outside target calendar window,2026-05-18 13:05:29.556143
e47a2b6b-3b6d-475c-9ca0-f19a598eac58,almasryalyoum_com,https://www.almasryalyoum.com/section/index/135,scrapy_pipeline,AccessControlDetected,paywall=False login=False captcha=True,2026-05-18 13:05:29.823768
98661693-3d93-49a9-aecc-e298cb25999b,english_news_cn,https://english.news.cn/20260515/1baa664d689e4024b1f960f3f8c3ca93/c.html,scrapy_pipeline,NotToday,published_at outside target calendar window,2026-05-18 13:05:30.019941
4c4a4686-eba8-463e-8823-5c58a6beb2d8,dailymaverick_co_za,https://www.dailymaverick.co.za/article/2026-05-18-ugandas-president-signs-contentious-law-meant-to-curb-foreign-influence/,scrapy_pipeline,AccessControlDetected,paywall=False login=False captcha=True,2026-05-18 13:05:30.329353
04ca9c15-3abb-4482-9498-044cecd532eb,ons_gov_uk,https://www.ons.gov.uk/economy/regionalaccounts,scrapy_pipeline,NotToday,published_at outside target calendar window,2026-05-18 13:05:30.628279
d0ff826b-07e9-4f84-91d3-82ae8135f2db,baochinhphu_vn,https://baochinhphu.vn/xin-xac-nhan-doi-tuong-mua-nha-o-xa-hoi-o-dau-10226051515031324.htm,scrapy_pipeline,AccessControlDetected,paywall=False login=False captcha=True,2026-05-18 13:05:30.777135
b3b5603b-43be-4a55-8dd9-ae3ed5667e47,politico_eu,https://www.politico.eu/podcast/berlin-playbook-podcast/warum-sich-markus-soder-mal-wieder-neu-erfindet/?utm_source=RSS_Feed&utm_medium=RSS&utm_campaign=RSS_Syndication,scrapy_pipeline,AccessControlDetected,paywall=False login=False captcha=True,2026-05-18 13:05:31.373780
47ef5b69-85ea-4c7d-9a55-9dbab05fd120,mof_go_jp,https://www.mof.go.jp/english/public_relations/other/index.htm,scrapy_pipeline,NotToday,published_at outside target calendar window,2026-05-18 13:05:31.472249
cb058488-d2fe-4b60-95e4-0a61cd600a78,english_mofcom_gov_cn,https://english.mofcom.gov.cn/Statistics/ForeignTradeCooperation/art/2025/art_33ab9f0a6e1948baa7ac4c9bb0e38c50.html,scrapy_pipeline,NotToday,published_at outside target calendar window,2026-05-18 13:05:31.870388
fbb80eb2-7d5f-4685-a6b4-14cabdc8f511,thanhnien_vn,https://thanhnien.vn/khoi-dong-giai-thuong-nhiep-anh-panorama-lon-nhat-the-gioi-2026-185260518130659213.htm,scrapy_pipeline,AccessControlDetected,paywall=False login=False captcha=True,2026-05-18 13:05:32.027771
e0aadf71-d112-4eb0-b12c-f7e2d7239ebf,agenciadenoticias_ibge_gov_br,https://agenciadenoticias.ibge.gov.br/en/agencia-news.html?editoria=sociais,scrapy_pipeline,HttpError,status=403,2026-05-18 13:05:32.093225
7cad6bcb-ebd6-4240-95eb-6bcc7b14fddf,scmp_com,https://www.scmp.com/postmag/travel/article/3353391/meet-anchalika-kijkanakorn-thai-hotelier-redefining-luxury-resorts-through-wellness-and-meaningful?utm_source=rss_feed,scrapy_pipeline,AccessControlDetected,paywall=False login=False captcha=True,2026-05-18 13:05:32.271028
0aa7ac55-52e1-4f6a-bb08-d3b64f80803d,fred_stlouisfed_org,https://fred.stlouisfed.org/fred-addin/,scrapy_pipeline,NotToday,published_at outside target calendar window,2026-05-18 13:05:32.431807
89dc367f-5427-406c-a38e-3bd9b30830ec,tadawulgroup_sa,https://www.tadawulgroup.sa/wps/portal/tadawulgroup/contactus/contactus?locale=en,scrapy_pipeline,AccessControlDetected,paywall=False login=False captcha=True,2026-05-18 13:05:32.657182
df37f75d-7dc5-4035-a8c9-e6930eb11b58,tuoitre_vn,https://tuoitre.vn/truong-tram-tuoi-o-tp-hcm-co-the-thanh-diem-den-du-lich-2026051808403202.htm,scrapy_pipeline,AccessControlDetected,paywall=False login=False captcha=True,2026-05-18 13:05:32.940947
5d564259-96c7-4183-a3a5-8f924a58cb54,afdb_org,https://www.afdb.org/en/countries/north-africa/libya,scrapy_pipeline,NotToday,published_at outside target calendar window,2026-05-18 13:05:33.126662
acf21093-56af-4aea-b227-a7392dd0c4a9,moea_gov_tw,https://www.moea.gov.tw/Mns/english/Policy/Policy.aspx?menu_id=32904,scrapy_pipeline,NotToday,published_at outside target calendar window,2026-05-18 13:05:33.234465
59128dd3-6367-4d40-98bf-4371870ae7ca,lanacion_com_ar,https://www.lanacion.com.ar/deportes/futbol/zielinski-belgrano-y-la-historia-circular-contra-river-del-morbo-de-la-promocion-a-la-disputa-de-un-nid17052026/,scrapy_pipeline,AccessControlDetected,paywall=False login=False captcha=True,2026-05-18 13:05:33.419801
e6050a22-ab52-4182-8334-ddb9c712cf3b,lanacion_com_ar,https://www.lanacion.com.ar/estados-unidos/california/donde-entregan-comida-gratis-en-california-en-la-semana-del-18-al-22-de-mayo-de-2026-nid17052026/,scrapy_pipeline,AccessControlDetected,paywall=False login=False captcha=True,2026-05-18 13:05:33.679706
57cfa52e-fd0c-46ad-87df-0f69f59e8c74,cbr_ru,https://www.cbr.ru/eng/microfinance/,scrapy_pipeline,NotToday,published_at outside target calendar window,2026-05-18 13:05:33.842043
cf21d289-a508-4ea7-864a-7346fae24255,todayonline_com,https://www.channelnewsasia.com/singapore,scrapy_pipeline,NotToday,published_at outside target calendar window,2026-05-18 13:05:34.605690
7ac20cb9-c6d2-4c07-bb22-ca4cdb9f0498,ema_europa_eu,https://www.ema.europa.eu/en/committees/paediatric-committee-pdco,scrapy_pipeline,NotToday,published_at outside target calendar window,2026-05-18 13:05:34.861418
a5af753d-3e17-4eff-ab0e-30d0abc14eda,twse_com_tw,https://www.twse.com.tw/zh/ETFortune/advisor,scrapy_pipeline,NotToday,published_at outside target calendar window,2026-05-18 13:05:35.037022
d12cbded-bf41-421c-858b-34d5a43a4ad9,almasryalyoum_com,https://www.almasryalyoum.com/section/index/69,scrapy_pipeline,AccessControlDetected,paywall=False login=False captcha=True,2026-05-18 13:05:35.304332
74768a68-5cee-4ea6-8852-d6a1858251ae,boj_or_jp,https://www.boj.or.jp/en/about/education/index.htm,scrapy_pipeline,NotToday,published_at outside target calendar window,2026-05-18 13:05:35.628032
8e94ae05-6ab6-4d74-bbef-ac117d12c5a4,federalreserve_gov,https://www.federalreserve.gov/faqs.htm,scrapy_pipeline,NotToday,published_at outside target calendar window,2026-05-18 13:05:36.064938
d8bd48f3-df3d-4e29-93cd-fb4547a61c9d,moea_gov_tw,https://www.moea.gov.tw/Mns/english/content/ContentMenu.aspx?menu_id=44797,scrapy_pipeline,NotToday,published_at outside target calendar window,2026-05-18 13:05:36.180690
348119f0-17c4-4364-bdea-e1fccecd6973,timesofisrael_com,https://www.timesofisrael.com/real-estate-israel-edition/,scrapy_pipeline,AccessControlDetected,paywall=False login=False captcha=True,2026-05-18 13:05:36.388494
613f3e93-8d08-45af-acc3-29a6125b40bc,english_www_gov_cn,https://english.www.gov.cn/Homepage/202303/13/content_WS641d0824c6d0f528699dc0ab.html,scrapy_pipeline,NotToday,published_at outside target calendar window,2026-05-18 13:05:36.510907
d1feda5f-290a-4b2e-9d68-5599e6a21479,afdb_org,https://www.afdb.org/en/countries-north-africa/egypt,scrapy_pipeline,HttpError,status=403,2026-05-18 13:05:36.693887
cf2f887b-6b6e-419d-8de0-ecf5c9f1bbdb,rnz_co_nz,https://www.rnz.co.nz/news/weather,scrapy_pipeline,NotToday,published_at outside target calendar window,2026-05-18 13:05:37.142037
f9638125-4a3c-4345-afbf-f906c46d2c1e,ons_gov_uk,https://www.ons.gov.uk/economy/nationalaccounts,scrapy_pipeline,NotToday,published_at outside target calendar window,2026-05-18 13:05:37.398147
1ca16d91-8cf8-45ad-ab46-f9445c25cf4a,boj_or_jp,https://www.boj.or.jp/en/about/pr_events/index.htm,scrapy_pipeline,NotToday,published_at outside target calendar window,2026-05-18 13:05:37.860659
d91ce7da-1990-491a-9a3d-6f15f7200cc9,english_www_gov_cn,https://english.www.gov.cn/Homepage/202303/13/content_WS641d083cc6d0f528699dc0ac.html,scrapy_pipeline,NotToday,published_at outside target calendar window,2026-05-18 13:05:38.162824
e7364b23-dc40-475c-a660-6d99eede6bef,fsc_go_kr,https://www.fsc.go.kr/eng/pr010101?srchCtgry=4,scrapy_pipeline,NotToday,published_at outside target calendar window,2026-05-18 13:05:38.546507
87630be4-7125-4f91-b709-6be6d8872f1b,csrc_gov_cn,http://www.csrc.gov.cn/csrc/c100029/c1494133/content.shtml,scrapy_pipeline,NotToday,published_at outside target calendar window,2026-05-18 13:05:38.701897
0c0f208c-1743-4ba3-8fd5-39f5ef7d4893,english_mofcom_gov_cn,https://english.mofcom.gov.cn/Policies/Gazette/art/2026/art_7c1a217cefdb4bd4aba7c89193b71190.html,scrapy_pipeline,NotToday,published_at outside target calendar window,2026-05-18 13:05:38.993451
2d5850f6-6d8c-499f-9845-0bb8c3f31a2d,afdb_org,https://www.afdb.org/en/countries/north-africa/algeria,scrapy_pipeline,HttpError,status=403,2026-05-18 13:05:39.060337
b70ee572-080a-492f-b7f8-1f89232d928a,banxico_org_mx,https://www.banxico.org.mx/SieInternet/consultarDirectorioInternetAction.do?sector=6&accion=consultarCuadro&idCuadro=CF102&locale=es,scrapy_pipeline,NotToday,published_at outside target calendar window,2026-05-18 13:05:39.480064
294c1fa7-25cd-4255-bc63-02ba5ed167cc,ema_europa_eu,https://www.ema.europa.eu/en/committees/committee-herbal-medicinal-products-hmpc,scrapy_pipeline,NotToday,published_at outside target calendar window,2026-05-18 13:05:39.725731
7cc9b3d3-96dc-4517-940b-3d698b613f71,fred_stlouisfed_org,https://fred.stlouisfed.org/docs/api/fred/,scrapy_pipeline,NotToday,published_at outside target calendar window,2026-05-18 13:05:39.955040
31d8bd93-1dd7-44c8-8716-9057cc46c5f1,meduza_io,https://meduza.io/en/episodes/2025/12/09/simon-shuster-on-the-fall-of-andriy-yermak,scrapy_pipeline,AccessControlDetected,paywall=False login=False captcha=True,2026-05-18 13:05:40.105000
3ac6fbb5-59cc-4b8e-a281-77e8efa6bbf0,english_news_cn,https://english.news.cn/20260516/4fd004f162a149b6baec5955cca46d75/c.html,scrapy_pipeline,NotToday,published_at outside target calendar window,2026-05-18 13:05:40.228935
5a4de7d0-f573-495a-9fd1-5a5c443920b7,moea_gov_tw,https://www.moea.gov.tw/Mns/english/content/ContentMenu.aspx?menu_id=32905,scrapy_pipeline,NotToday,published_at outside target calendar window,2026-05-18 13:05:40.539598
dfb172dd-b18f-4ad9-bc5c-baebd1e21308,twse_com_tw,https://www.twse.com.tw/zh/ETFortune/products,scrapy_pipeline,NotToday,published_at outside target calendar window,2026-05-18 13:05:40.989815
ffd2f96d-5900-43de-9849-54d8aa30db7e,cbr_ru,https://www.cbr.ru/eng/issuers_corporate/,scrapy_pipeline,NotToday,published_at outside target calendar window,2026-05-18 13:05:41.206555
e25a3b92-2ee0-4c4f-b65e-a8b1ad2a5b1f,afdb_org,https://www.afdb.org/en/countries/north-africa,scrapy_pipeline,HttpError,status=403,2026-05-18 13:05:41.293766
f86e5718-8583-4751-aa13-6ca4d6555fc6,todayonline_com,https://www.channelnewsasia.com/east-asia,scrapy_pipeline,NotToday,published_at outside target calendar window,2026-05-18 13:05:41.883230
84393a4d-3f11-4f46-ad66-7c173b353e07,timesofisrael_com,https://www.timesofisrael.com/tech-israel-edition/,scrapy_pipeline,AccessControlDetected,paywall=False login=False captcha=True,2026-05-18 13:05:42.246487
b2186520-1384-47b7-a048-50a05142cdfd,almasryalyoum_com,https://www.almasryalyoum.com/section/index/22,scrapy_pipeline,AccessControlDetected,paywall=False login=False captcha=True,2026-05-18 13:05:42.592795
4f3a2231-c03f-45dc-b705-3b340af6343b,cbr_ru,https://www.cbr.ru/eng/securities_market/,scrapy_pipeline,NotToday,published_at outside target calendar window,2026-05-18 13:05:42.901758
0e1dad34-e55e-493f-a73e-006f0f450b3e,mof_go_jp,https://www.mof.go.jp/english/public_relations/publication/index.html,scrapy_pipeline,NotToday,published_at outside target calendar window,2026-05-18 13:05:43.071682
131d6966-81ef-41de-8d4f-54e876b30154,federalreserve_gov,https://www.federalreserve.gov/careers.htm,scrapy_pipeline,NotToday,published_at outside target calendar window,2026-05-18 13:05:43.325146
8be99905-fdee-42f9-88e1-763f542a76b3,meduza_io,https://meduza.io/en/episodes/2025/12/16/pavel-durov-s-tech-bro-feudalism,scrapy_pipeline,AccessControlDetected,paywall=False login=False captcha=True,2026-05-18 13:05:43.470166
9dd353a5-15a5-407c-856f-f42186dfa94a,rnz_co_nz,https://www.rnz.co.nz/news/country,scrapy_pipeline,NotToday,published_at outside target calendar window,2026-05-18 13:05:43.854213
3eabc5e3-f555-4343-8e83-26933d1f3136,agenciadenoticias_ibge_gov_br,https://agenciadenoticias.ibge.gov.br/en/agencia-news.html?editoria=economicas,scrapy_pipeline,HttpError,status=403,2026-05-18 13:05:44.015362
320d3794-d093-4807-9ac7-dd54fc60cc8f,boj_or_jp,https://www.boj.or.jp/en/about/release_2026/index.htm,scrapy_pipeline,NotToday,published_at outside target calendar window,2026-05-18 13:05:46.716833
23374016-1d00-46cf-8dd8-f9aabca2ace6,ons_gov_uk,https://www.ons.gov.uk/economy/investmentspensionsandtrusts,scrapy_pipeline,NotToday,published_at outside target calendar window,2026-05-18 13:05:47.091631
7c0d87e8-d791-45b6-a399-c51c9676451e,csrc_gov_cn,http://www.csrc.gov.cn/csrc/c100029/c7457231/content.shtml,scrapy_pipeline,NotToday,published_at outside target calendar window,2026-05-18 13:05:47.316473
67ef1bc6-6f50-4bf2-8c4b-d32fa31464d8,europarl_europa_eu,https://www.europarl.europa.eu/about-parliament/en,scrapy_pipeline,NotToday,published_at outside target calendar window,2026-05-18 13:05:47.499699
91f0286e-eb71-4aa5-8956-43edd389fd26,federalreserve_gov,https://www.federalreserve.gov/azindex.htm,scrapy_pipeline,NotToday,published_at outside target calendar window,2026-05-18 13:05:47.802491
0983009e-7ccb-46d8-ab5f-9b619f826fc8,news24_com,https://www.news24.com/southafrica,scrapy_pipeline,AccessControlDetected,paywall=False login=False captcha=True,2026-05-18 13:05:48.182551
792cd80c-27f0-4536-99f6-f52ee33c8098,english_www_gov_cn,https://english.www.gov.cn/Homepage/202303/12/content_WS641a9b39c6d0f528699db818.html,scrapy_pipeline,NotToday,published_at outside target calendar window,2026-05-18 13:05:48.462109
88831fe8-fc37-419d-9461-11673a3c24ef,todayonline_com,https://www.channelnewsasia.com/asia,scrapy_pipeline,NotToday,published_at outside target calendar window,2026-05-18 13:05:49.173440
4b3301ac-d56b-445e-a9fd-7c0c027e79bf,almasryalyoum_com,https://www.almasryalyoum.com/section/index/13,scrapy_pipeline,AccessControlDetected,paywall=False login=False captcha=True,2026-05-18 13:05:49.611065
8bd0274d-4105-4f70-82ba-d73c43cc6564,tadawulgroup_sa,https://www.tadawulgroup.sa/wps/portal/tadawulgroup/media/stg-app?locale=en,scrapy_pipeline,NotToday,published_at outside target calendar window,2026-05-18 13:05:50.634532
9855d6d8-9233-4926-8669-8cdc8e7b1ee8,independent_co_uk,https://www.independent.co.uk/travel/news-and-advice/ryanair-michael-o-leary-airline-b2978426.html,scrapy_pipeline,AccessControlDetected,paywall=False login=False captcha=True,2026-05-18 13:05:50.887430
47f9b65e-d8af-479e-862b-e7c44e4f81ad,english_mofcom_gov_cn,https://english.mofcom.gov.cn/Policies/Gazette/art/2026/art_7f9e25e09fde435ba20ef91c368783ed.html,scrapy_pipeline,NotToday,published_at outside target calendar window,2026-05-18 13:05:51.223799
8e4836c9-f287-4420-9c46-c4c1f0809c87,theguardian_com,https://www.theguardian.com/music/2026/may/18/einsturzende-neubauten-berlin-blixa-bargeld-josefine-lukschy-josefine-lukschy,scrapy_pipeline,AccessControlDetected,paywall=False login=False captcha=True,2026-05-18 13:05:51.343678
1d288457-e720-42c2-acfe-d7f1cfc571f8,moea_gov_tw,https://www.moea.gov.tw/Mns/english/content/ContentMenu.aspx?menu_id=196,scrapy_pipeline,NotToday,published_at outside target calendar window,2026-05-18 13:05:51.440199
e7db43b6-b194-452f-a4ea-e2e529bcd8f6,banxico_org_mx,https://www.banxico.org.mx/SieInternet/consultarDirectorioInternetAction.do?sector=22&accion=consultarCuadro&idCuadro=CF107&locale=es,scrapy_pipeline,NotToday,published_at outside target calendar window,2026-05-18 13:05:52.208784
1e6b4758-bf4c-4e92-8758-41df561d0da1,english_news_cn,https://english.news.cn/20260516/6e46f508195547caac76a8368a60180c/c.html,scrapy_pipeline,NotToday,published_at outside target calendar window,2026-05-18 13:05:52.344009
2b2106bf-4e9e-4345-8c74-3a6e9a608939,dailymaverick_co_za,https://www.dailymaverick.co.za/article/2026-05-18-north-koreas-kim-calls-to-make-border-with-south-korea-an-impregnable-fortress/,scrapy_pipeline,AccessControlDetected,paywall=False login=False captcha=True,2026-05-18 13:05:52.544053
dd591154-c576-4d5b-947f-0cd99a5bda0f,euronews_com,https://www.euronews.com/business/2026/05/18/a-broken-market-what-is-antimicrobial-resistance-and-how-does-it-affect-the-economy,scrapy_pipeline,ShortContent,length=0 min=80,2026-05-18 13:05:52.738451
7067e349-6c90-4dc3-ad2e-eebd646d5402,fsc_go_kr,https://www.fsc.go.kr/eng/pr010101?srchCtgry=3,scrapy_pipeline,NotToday,published_at outside target calendar window,2026-05-18 13:05:53.136781
641d0010-9c94-4502-b8e7-6b0a7d3332b7,fsc_go_kr,https://fsc.go.kr/eng/pr010101/85267,scrapy_pipeline,NotToday,published_at outside target calendar window,2026-05-18 13:05:53.342329
7466d472-a8dc-4967-a35b-da7b5fd37db3,politico_eu,https://www.politico.eu/podcast/brussels-playbook-podcast/why-brussels-is-getting-tougher-on-china/?utm_source=RSS_Feed&utm_medium=RSS&utm_campaign=RSS_Syndication,scrapy_pipeline,AccessControlDetected,paywall=False login=False captcha=True,2026-05-18 13:05:53.615283
e423d6fc-c2c4-4a4f-90d7-de2b5d911100,scmp_com,https://www.scmp.com/week-asia/economics/article/3353743/uae-ditches-oil-ai-build-bridge-global-south?utm_source=rss_feed,scrapy_pipeline,AccessControlDetected,paywall=False login=False captcha=True,2026-05-18 13:05:53.823235
4b6f9025-5a9e-4466-80f2-d564afd505ff,lanacion_com_ar,https://www.lanacion.com.ar/deportes/futbol/joaquin-panichelli-reaparecio-tras-la-lesion-que-lo-saco-del-mundial-y-fue-premiado-por-estrasburgo-nid17052026/,scrapy_pipeline,AccessControlDetected,paywall=False login=False captcha=True,2026-05-18 13:05:54.093473
2e722237-5f82-47ec-9193-0c266dcbbdd4,almasryalyoum_com,https://www.almasryalyoum.com/section/index/12,scrapy_pipeline,AccessControlDetected,paywall=False login=False captcha=True,2026-05-18 13:05:54.332641
c32e6811-a3fd-4cc0-9d0d-f7c514786e41,indianexpress_com,https://indianexpress.com/article/health-wellness/how-ultra-processed-food-companies-are-pitching-ads-to-normalise-your-chips-and-cola-buys-10695340/,scrapy_pipeline,AccessControlDetected,paywall=False login=False captcha=True,2026-05-18 13:05:54.900856
6ab408fc-ddfb-4a6e-82de-bddead404931,afdb_org,https://www.afdb.org/en/countries,scrapy_pipeline,NotToday,published_at outside target calendar window,2026-05-18 13:05:55.265523
ca92092e-28b7-4436-bf3e-c0365b2ba637,english_www_gov_cn,https://english.www.gov.cn/institutions,scrapy_pipeline,NotToday,published_at outside target calendar window,2026-05-18 13:05:55.508483
564e4e20-af07-40d4-b64f-ebda6fa1ba9d,english_mofcom_gov_cn,https://english.mofcom.gov.cn/Policies/Gazette/art/2026/art_17d7dd78eea644db909d1b9bf7301a79.html,scrapy_pipeline,NotToday,published_at outside target calendar window,2026-05-18 13:05:55.584195
b65bf7cf-8f77-4155-b736-5bd93e904f70,ons_gov_uk,https://www.ons.gov.uk/economy/inflationandpriceindices,scrapy_pipeline,NotToday,published_at outside target calendar window,2026-05-18 13:05:55.811894
76673823-2add-4f70-9dc9-b24022afdaf5,csrc_gov_cn,http://www.csrc.gov.cn/csrc/c100029/c7458464/content.shtml,scrapy_pipeline,NotToday,published_at outside target calendar window,2026-05-18 13:05:56.440163
0c039af8-2f6d-48a0-a74e-f6925bac4d89,dailymaverick_co_za,https://www.dailymaverick.co.za/article/2026-05-18-three-suspects-in-custody-after-shooting-spree-in-austin-texas-police-say/,scrapy_pipeline,AccessControlDetected,paywall=False login=False captcha=True,2026-05-18 13:05:56.572002
70f7b8a6-6fb1-4c48-a851-e04020e7a3ff,boj_or_jp,https://www.boj.or.jp/en/about/r_menu_dan/index.htm,scrapy_pipeline,NotToday,published_at outside target calendar window,2026-05-18 13:05:57.064568
422fbe42-617f-4346-9458-368a23345eca,independent_co_uk,https://www.independent.co.uk/extras/indybest/fashion-beauty/skincare/garnier-vitamin-c-spf-amazon-deal-b2978469.html,scrapy_pipeline,AccessControlDetected,paywall=False login=False captcha=True,2026-05-18 13:05:57.236903
1e506658-f24e-4d79-9d6c-3c49317839b0,timesofisrael_com,https://www.timesofisrael.com/the-daily-edition/,scrapy_pipeline,AccessControlDetected,paywall=False login=False captcha=True,2026-05-18 13:05:57.447328
a49eec42-c98d-491e-bf58-055c7cf05b05,ema_europa_eu,https://www.ema.europa.eu/en/committees/committee-orphan-medicinal-products-comp,scrapy_pipeline,NotToday,published_at outside target calendar window,2026-05-18 13:05:57.941066
89b5a6f3-e5f3-470c-a6fa-1bcbc7d0e69a,politico_eu,https://www.politico.eu/article/legal-action-nhs-drug-pricing-deal-donald-trump/?utm_source=RSS_Feed&utm_medium=RSS&utm_campaign=RSS_Syndication,scrapy_pipeline,AccessControlDetected,paywall=False login=False captcha=True,2026-05-18 13:05:58.088799
428ef399-b169-4394-9591-7c4059fd133e,moea_gov_tw,https://www.moea.gov.tw/Mns/english/news/NewsQuery.aspx?menu_id=32903,scrapy_pipeline,NotToday,published_at outside target calendar window,2026-05-18 13:05:58.302965
98ebf78b-811d-4f4e-a36a-1817edd38eae,theguardian_com,https://www.theguardian.com/world/2026/may/18/man-tasked-with-taking-barcelona-back-from-overtourism,scrapy_pipeline,AccessControlDetected,paywall=False login=False captcha=True,2026-05-18 13:05:58.422272
67ab91a1-b361-4efd-86c3-85a1a7778cd0,twse_com_tw,https://www.twse.com.tw/zh/ETFortune/dividendCalendar,scrapy_pipeline,NotToday,published_at outside target calendar window,2026-05-18 13:05:59.438893
79ec3ee4-a08b-4e29-97ca-9fec7d0067a1,scmp_com,https://www.scmp.com/sport/football/article/3353873/worst-team-hong-kong-footballs-top-flight-could-still-avoid-drop-boss-gets-sack?utm_source=rss_feed,scrapy_pipeline,AccessControlDetected,paywall=False login=False captcha=True,2026-05-18 13:06:00.061442
336660d9-62e6-4aa6-94d6-a4db65b25250,lanacion_com_ar,https://www.lanacion.com.ar/sociedad/dos-buques-protagonizaron-un-fuerte-choque-en-el-rio-parana-nid17052026/,scrapy_pipeline,AccessControlDetected,paywall=False login=False captcha=True,2026-05-18 13:06:00.258014
3e2f3230-7d14-402e-ac22-cc9259fed48a,gulfnews_com,https://gulfnews.com/world/mena/us-iran-tensions-rise-as-trump-warns-tehran-saudi-arabia-uae-report-drone-attacks-1.500544056,scrapy_pipeline,AccessControlDetected,paywall=False login=False captcha=True,2026-05-18 13:06:00.563323
440479d3-bb44-4707-b724-96057d897bb9,indianexpress_com,https://indianexpress.com/article/sports/cricket/mcgrath-gillespie-fleming-bbl-privitisation-australia-test-cricket-10695330/,scrapy_pipeline,AccessControlDetected,paywall=False login=False captcha=True,2026-05-18 13:06:01.000915
f6dc0eae-cdf3-4bc0-8eb8-6b16f5b02bcd,boj_or_jp,https://www.boj.or.jp/en/about/r_menu_koen/index.htm,scrapy_pipeline,NotToday,published_at outside target calendar window,2026-05-18 13:06:01.309560
50dec10c-618a-4517-a6af-5ec733a8e5c7,theguardian_com,https://www.theguardian.com/film/2026/may/18/antisemitism-west-son-of-saul-laszlo-nemes-orphan-moulin,scrapy_pipeline,AccessControlDetected,paywall=False login=False captcha=True,2026-05-18 13:06:01.880341
d2f0b1fc-6dbb-485f-a788-b5890a2270b2,english_www_gov_cn,https://english.www.gov.cn/archive/statistics/202605/11/content_WS6a013e4fc6d00ca5f9a0adf1.html,scrapy_pipeline,NotToday,published_at outside target calendar window,2026-05-18 13:06:01.985767
7e00283d-2e40-457a-bc17-62796c61c286,cbr_ru,https://www.cbr.ru/eng/microfinance/news/,scrapy_pipeline,NotToday,published_at outside target calendar window,2026-05-18 13:06:02.135180
679aaebe-27f4-405e-b9f2-03f8f6792da2,baochinhphu_vn,https://baochinhphu.vn/tham-quyen-cap-giay-chung-nhan-quyen-su-dung-dat-lan-dau-102260514154538729.htm,scrapy_pipeline,AccessControlDetected,paywall=False login=False captcha=True,2026-05-18 13:06:02.347527
02a410fc-7c1b-4908-995b-b9961741ae3c,nytimes_com,https://www.nytimes.com/2026/05/17/obituaries/beverley-martyn-dead.html,scrapy_pipeline,AccessControlDetected,paywall=False login=False captcha=True,2026-05-18 13:06:02.488592
303f51cb-6051-4661-b4cd-b95550679d6b,fsc_go_kr,https://fsc.go.kr/eng/pr010101/85895,scrapy_pipeline,NotToday,published_at outside target calendar window,2026-05-18 13:06:02.661026
ebb68f86-0776-4b61-907b-2a086cb1ee60,imf_org,https://www.imf.org/en/topics/low-income-countries/macro-research-for-development,scrapy_pipeline,AccessControlDetected,paywall=False login=False captcha=True,2026-05-18 13:06:02.791631
5bf85a78-6734-437b-b7d5-110c5a372d51,federalreserve_gov,https://www.federalreserve.gov/sitemap.htm,scrapy_pipeline,NotToday,published_at outside target calendar window,2026-05-18 13:06:03.072086
97064d63-bd9b-47d2-84f9-9a6cef03fa31,rnz_co_nz,https://www.rnz.co.nz/news/regional,scrapy_pipeline,NotToday,published_at outside target calendar window,2026-05-18 13:06:03.383072
173a8ee9-25c1-4638-a15d-730bd066c735,fsc_go_kr,https://www.fsc.go.kr/eng/pr010101?srchCtgry=2,scrapy_pipeline,NotToday,published_at outside target calendar window,2026-05-18 13:06:03.915319
a1526e90-ecfb-4a53-a80a-e31ad4792ead,thanhnien_vn,https://thanhnien.vn/nha-hang-noi-tieng-ngay-trung-tam-tphcm-thong-bao-ngung-hoat-dong-thuc-khach-nuoi-tiec-185260518113755989.htm,scrapy_pipeline,AccessControlDetected,paywall=False login=False captcha=True,2026-05-18 13:06:04.157113
5af78f01-bb1b-492e-8e18-2509b8b44680,nytimes_com,https://www.nytimes.com/2026/05/17/us/trump-prayer-rally-national-mall.html,scrapy_pipeline,AccessControlDetected,paywall=False login=False captcha=True,2026-05-18 13:06:04.327250
632c80e1-fa1d-484b-b44d-9738e12ad9b3,todayonline_com,https://www.channelnewsasia.com/international,scrapy_pipeline,NotToday,published_at outside target calendar window,2026-05-18 13:06:04.791644
2b3b33af-057f-4a9a-9f57-66e95d2c6dc9,baochinhphu_vn,https://baochinhphu.vn/vua-hoc-van-hoa-vua-hoc-nghe-co-duoc-mien-hoc-phi-102260515100130562.htm,scrapy_pipeline,AccessControlDetected,paywall=False login=False captcha=True,2026-05-18 13:06:05.136423
4dd446d9-714c-4070-bd99-c6907bad14d0,tuoitre_vn,https://tuoitre.vn/bac-si-hai-lan-nhan-nhiem-vu-o-truong-sa-20260518095615769.htm,scrapy_pipeline,AccessControlDetected,paywall=False login=False captcha=True,2026-05-18 13:06:05.335576
97a5a877-3605-4023-ae84-532e261b3e8c,federalreserve_gov,https://www.federalreserve.gov/publications.htm,scrapy_pipeline,NotToday,published_at outside target calendar window,2026-05-18 13:06:05.533148
bb29abee-91c0-4dfd-908d-c092cce6be0f,rnz_co_nz,https://www.rnz.co.nz/news/community,scrapy_pipeline,NotToday,published_at outside target calendar window,2026-05-18 13:06:05.908323
7854a561-6cac-4788-a4c7-49706930df05,agenciadenoticias_ibge_gov_br,https://agenciadenoticias.ibge.gov.br/en/agencia-news/2184-news-agency/news/46767-services-sector-retreats-1-2-highlighted-by-transportation,scrapy_pipeline,HttpError,status=403,2026-05-18 13:06:06.071911
1fdf789f-7eaa-45c4-8eb8-caade4ec212d,todayonline_com,https://www.channelnewsasia.com/latest-news,scrapy_pipeline,NotToday,published_at outside target calendar window,2026-05-18 13:06:07.085416
40ee5949-140c-45be-81b0-fc9cabf5b170,mof_go_jp,https://www.mof.go.jp/english/public_relations/weekly_schedule/index.htm,scrapy_pipeline,NotToday,published_at outside target calendar window,2026-05-18 13:06:07.224266
0a69ee98-852f-4679-b89f-0f85d36a3568,baochinhphu_vn,https://baochinhphu.vn/khai-mac-chuong-trinh-nghe-thuat-dac-biet-ve-bac-ho-tai-pac-bo-cao-bang-102260518104319261.htm,scrapy_pipeline,AccessControlDetected,paywall=False login=False captcha=True,2026-05-18 13:06:07.372351
7ec0c35d-7586-4fd8-8558-50af6ad4eee6,thanhnien_vn,https://thanhnien.vn/bi-thu-tran-luu-quang-trao-huy-hieu-65-nam-tuoi-dang-cho-ba-truong-my-hoa-185260518125328952.htm,scrapy_pipeline,AccessControlDetected,paywall=False login=False captcha=True,2026-05-18 13:06:07.554419
04cb2dc5-fe7b-4cc7-bb17-165de13f9683,federalreserve_gov,https://www.federalreserve.gov/newsevents/calendar.htm,scrapy_pipeline,NotToday,published_at outside target calendar window,2026-05-18 13:06:07.740093
7c890775-d1f3-42d9-a391-f0973880dbae,indianexpress_com,https://indianexpress.com/article/trending/trending-globally/ex-google-ceo-eric-schmidt-faces-boos-at-university-of-arizona-video-viral-10695341/,scrapy_pipeline,AccessControlDetected,paywall=False login=False captcha=True,2026-05-18 13:06:08.383794
624c711d-de24-4868-8ad7-2d864fb9f7d6,thanhnien_vn,https://thanhnien.vn/lam-thu-tuc-hanh-chinh-nop-ho-so-nhan-lai-the-rung-nhu-o-quan-ca-phe-185260518111835534.htm,scrapy_pipeline,AccessControlDetected,paywall=False login=False captcha=True,2026-05-18 13:06:08.597821
9e5626ea-b613-4518-b3c3-d331aa72f175,gulfnews_com,https://gulfnews.com/world/asia/india/kerala-cm-oath-ceremony-vd-satheesan-20-ministers-to-be-sworn-in-today-1.500544096,scrapy_pipeline,AccessControlDetected,paywall=False login=False captcha=True,2026-05-18 13:06:08.844857
db67905c-1aa3-4d58-8c73-d9f99fce51ca,scmp_com,https://www.scmp.com/business/article/3353784/mainland-chinese-demand-hong-kong-homes-grows-yuan-gains-and-rising-rents?utm_source=rss_feed,scrapy_pipeline,AccessControlDetected,paywall=False login=False captcha=True,2026-05-18 13:06:09.058586
d98357ed-5a2d-4b31-a821-6e9f4d637522,tuoitre_vn,https://tuoitre.vn/pc1-len-tieng-sau-khi-chu-tich-tong-giam-doc-va-loat-ca-nhan-bi-khoi-to-20260518110624543.htm,scrapy_pipeline,AccessControlDetected,paywall=False login=False captcha=True,2026-05-18 13:06:09.259969
293471bc-b945-4b29-86d5-0d780c4d9d6c,tuoitre_vn,https://tuoitre.vn/bo-y-te-se-giam-sat-phong-chong-benh-truyen-nhiem-tren-ca-mang-xa-hoi-20260518102020909.htm,scrapy_pipeline,AccessControlDetected,paywall=False login=False captcha=True,2026-05-18 13:06:09.683025
a2c6e2c2-c9d5-4ee7-ab53-5ff82b71ac87,federalreserve_gov,https://www.federalreserve.gov/recentpostings.htm,scrapy_pipeline,NotToday,published_at outside target calendar window,2026-05-18 13:06:09.897170
598dfe1c-5f9f-498a-b80b-8affbb245933,rnz_co_nz,https://www.rnz.co.nz/news/science-and-technology,scrapy_pipeline,NotToday,published_at outside target calendar window,2026-05-18 13:06:10.237576
d03ccc86-8695-43d5-ba62-221ae5437168,gulfnews_com,https://gulfnews.com/world/asia/52-magnitude-earthquake-kills-two-in-china-1.500544115,scrapy_pipeline,AccessControlDetected,paywall=False login=False captcha=True,2026-05-18 13:06:10.501259
c0859d40-5549-4c1f-be3e-30dcc5d4e8c9,todayonline_com,https://www.channelnewsasia.com/today/learning-minds,scrapy_pipeline,NotToday,published_at outside target calendar window,2026-05-18 13:06:10.788197
a65937ce-3d1a-48c7-b9eb-b6fc293bee08,todayonline_com,https://www.channelnewsasia.com/today/in-pixels,scrapy_pipeline,NotToday,published_at outside target calendar window,2026-05-18 13:06:11.718366
b18091c1-cab9-4fa7-b8db-a57d5d68a1be,csrc_gov_cn,http://www.csrc.gov.cn/csrc/c100029/c7464344/content.shtml,scrapy_pipeline,NotToday,published_at outside target calendar window,2026-05-18 13:06:11.865994
876cb1b4-3ed2-47ef-8c53-b582290ce9a8,ons_gov_uk,https://www.ons.gov.uk/economy/grossvalueaddedgva,scrapy_pipeline,NotToday,published_at outside target calendar window,2026-05-18 13:06:12.439731
6018a9c2-12b5-46d2-b7ec-b6b2cab20602,twse_com_tw,https://www.twse.com.tw/en/focus/investing.html,scrapy_pipeline,NotToday,published_at outside target calendar window,2026-05-18 13:06:12.623772
3dddefae-7802-41db-b32c-f31f2e56eb58,ema_europa_eu,https://www.ema.europa.eu/en/committees/pharmacovigilance-risk-assessment-committee-prac,scrapy_pipeline,NotToday,published_at outside target calendar window,2026-05-18 13:06:12.844698
850158fc-f758-435d-ad62-838c72d6cfc5,boj_or_jp,https://www.boj.or.jp/en/about/r_menu_ron/index.htm,scrapy_pipeline,NotToday,published_at outside target calendar window,2026-05-18 13:06:13.029803
a89916c5-1aa1-4e41-ae21-aebedcde4288,news24_com,https://www.news24.com/auth/cta/weather?returnUrl=https%3A%2F%2Fwww.news24.com%2Fprofile%2Fweather,scrapy_pipeline,AccessControlDetected,paywall=False login=False captcha=True,2026-05-18 13:06:13.167429
6b3d0daa-9d65-4b4f-815f-50405f1757b4,cbr_ru,https://www.cbr.ru/eng/securities_market/news/,scrapy_pipeline,NotToday,published_at outside target calendar window,2026-05-18 13:06:13.298120
28ba8a0e-00ef-4ef4-9b81-4222f93a38b0,moea_gov_tw,https://www.moea.gov.tw/Mns/english/videos/VideoRss.aspx?kind=P&menu_id=33228,scrapy_pipeline,NotToday,published_at outside target calendar window,2026-05-18 13:06:13.421133
bb0d08e5-2a8a-448a-ba3f-5f47ba36385b,tadawulgroup_sa,https://www.tadawulgroup.sa/wps/portal/tadawulgroup/contactus/contactus/!ut/p/z0/04_Sj9CPykssy0xPLMnMz0vMAfIjo8ziPQPcTQw9LYy8_cM8nQ3MPMycgkM9Ag0MDEz1C7IdFQEQMXPS/?locale=en,scrapy_pipeline,AccessControlDetected,paywall=False login=False captcha=True,2026-05-18 13:06:13.644544
6034c447-ec89-4e5e-b6ee-3973bc5fc030,english_www_gov_cn,https://english.www.gov.cn/archive/statistics/202605/11/content_WS6a013e31c6d00ca5f9a0adee.html,scrapy_pipeline,NotToday,published_at outside target calendar window,2026-05-18 13:06:13.739910
3d88849c-0bdc-4033-b5cc-1a34f2aa20cc,english_mofcom_gov_cn,https://english.mofcom.gov.cn/Policies/Gazette/index.html,scrapy_pipeline,ShortContent,length=16 min=80,2026-05-18 13:06:13.819055
ab470662-2c84-4e4e-817d-b25431ad96b6,banxico_org_mx,https://www.banxico.org.mx/SieInternet/consultarDirectorioInternetAction.do?sector=18&accion=consultarCuadro&idCuadro=CF101&locale=es,scrapy_pipeline,NotToday,published_at outside target calendar window,2026-05-18 13:06:14.055075
c367c701-7da1-46e0-b545-e3ae3174d9b8,timesofisrael_com,https://www.timesofisrael.com/video/,scrapy_pipeline,AccessControlDetected,paywall=False login=False captcha=True,2026-05-18 13:06:14.248217
136ab713-552e-4db9-84c8-b84c533d8005,almasryalyoum_com,https://www.almasryalyoum.com/section/index/9,scrapy_pipeline,AccessControlDetected,paywall=False login=False captcha=True,2026-05-18 13:06:14.791857
dbd92259-629d-469e-8bc5-dfe435628000,ons_gov_uk,https://www.ons.gov.uk/economy/grossdomesticproductgdp,scrapy_pipeline,NotToday,published_at outside target calendar window,2026-05-18 13:06:15.098111
1b7cc1b0-3fe2-4ed7-8877-d7077399f0a9,timesofisrael_com,https://www.timesofisrael.com/podcasts/,scrapy_pipeline,AccessControlDetected,paywall=False login=False captcha=True,2026-05-18 13:06:15.753984
e4799197-d3f8-4152-9528-27486c3c333e,tadawulgroup_sa,https://www.tadawulgroup.sa/wps/portal/tadawulgroup/media/brand-assets?locale=en,scrapy_pipeline,NotToday,published_at outside target calendar window,2026-05-18 13:06:16.000011
6f8fcbb0-a3a8-4143-9094-8c03bb2467fa,english_mofcom_gov_cn,https://english.mofcom.gov.cn/Policies/Gazette/art/2026/art_fd09a549645f4ac68348534dd06520f3.html,scrapy_pipeline,NotToday,published_at outside target calendar window,2026-05-18 13:06:16.097144
e9e5de12-4e14-46af-a2d5-b981a0e39965,twse_com_tw,https://www.twse.com.tw/en/focus/links.html,scrapy_pipeline,NotToday,published_at outside target calendar window,2026-05-18 13:06:16.373473
fbd43a9c-dfa2-4073-a909-ac21785841e9,afdb_org,https://www.afdb.org/en/about-us/corporate-procurement,scrapy_pipeline,NotToday,published_at outside target calendar window,2026-05-18 13:06:16.653222
e65413d4-5a8c-437a-a179-a60913542e15,english_www_gov_cn,https://english.www.gov.cn/archive/statistics,scrapy_pipeline,NotToday,published_at outside target calendar window,2026-05-18 13:06:16.797707
79dec847-f5bb-411b-b876-e5e628815078,moea_gov_tw,https://www.moea.gov.tw/Mns/english/videos/VideoRss.aspx?kind=V&menu_id=32902,scrapy_pipeline,NotToday,published_at outside target calendar window,2026-05-18 13:06:17.258380
4a46c435-93cf-46e3-99e1-f0c690fbe65c,federalreserve_gov,https://www.federalreserve.gov/subscribe.htm,scrapy_pipeline,NotToday,published_at outside target calendar window,2026-05-18 13:06:18.101492
4b8ca429-a897-4bc7-b903-61eb8b500304,rnz_co_nz,https://www.rnz.co.nz/news/emergency,scrapy_pipeline,NotToday,published_at outside target calendar window,2026-05-18 13:06:18.398894
4ce8df44-27b0-4234-9361-b4ebbc67cf01,almasryalyoum_com,https://www.almasryalyoum.com/section/index/6,scrapy_pipeline,AccessControlDetected,paywall=False login=False captcha=True,2026-05-18 13:06:18.634109
5a0a0c25-df6c-4492-86d1-11b567ed3ab8,banxico_org_mx,https://www.banxico.org.mx/SieInternet/,scrapy_pipeline,NotToday,published_at outside target calendar window,2026-05-18 13:06:19.067922
61018f3a-cc63-465c-9fc5-41d54030fb82,afdb_org,https://www.afdb.org/en/about-us/organisational-structure,scrapy_pipeline,HttpError,status=403,2026-05-18 13:06:19.128156
ef94a489-8c52-40b4-87d6-d37999843d88,agenciadenoticias_ibge_gov_br,https://agenciadenoticias.ibge.gov.br/en/agencia-news/2184-news-agency/news/46770-equipes-avancam-na-coleta-da-segunda-prova-piloto-do-12-censo-agropecuario-florestal-e-aquicola-em-rio-verde-go-2,scrapy_pipeline,HttpError,status=403,2026-05-18 13:06:19.605402
c128be08-a019-4487-bdf5-8d9d4c5c03ea,federalreserve_gov,https://www.federalreserve.gov/feeds/feeds.htm,scrapy_pipeline,NotToday,published_at outside target calendar window,2026-05-18 13:06:19.784325
818a28d7-e358-4173-baea-6673fcf282ad,imf_org,https://www.imf.org/en/publications/sprolls/external-sector-reports,scrapy_pipeline,AccessControlDetected,paywall=False login=False captcha=True,2026-05-18 13:06:19.903648
61d5f8c7-77e6-446c-86e5-c5fdee877797,fsc_go_kr,https://www.fsc.go.kr/eng/pr010101?srchCtgry=1,scrapy_pipeline,NotToday,published_at outside target calendar window,2026-05-18 13:06:20.406593
f1a576de-4f68-4dff-b2bc-6031ba19431c,mof_go_jp,https://www.mof.go.jp/english/public_relations/statement/index.htm,scrapy_pipeline,NotToday,published_at outside target calendar window,2026-05-18 13:06:20.595829
87fb8f45-8569-4213-8db9-bb2515e5911b,english_www_gov_cn,https://english.www.gov.cn/policies/latestreleases/202605/08/content_WS69fde198c6d00ca5f9a0ad35.html,scrapy_pipeline,NotToday,published_at outside target calendar window,2026-05-18 13:06:20.720968
b0e07d4e-641a-48b2-ab2a-cf4467354991,twse_com_tw,https://www.twse.com.tw/en/focus/newly.html,scrapy_pipeline,NotToday,published_at outside target calendar window,2026-05-18 13:06:20.853932
a5efcd5c-eaf7-47d9-8951-7f02bad56c51,timesofisrael_com,https://www.timesofisrael.com/real-estate-israel/,scrapy_pipeline,AccessControlDetected,paywall=False login=False captcha=True,2026-05-18 13:06:21.144933
b2205242-eb14-485b-9ec0-93cf611c70c3,news24_com,https://www.news24.com/auth/signin,scrapy_pipeline,AccessControlDetected,paywall=False login=False captcha=True,2026-05-18 13:06:21.307823
dd1f8a0a-bad0-446d-bf34-acc6bcc1c7b6,meduza_io,https://meduza.io/en/episodes/2025/12/23/moscow-times-opinion-editor-charlie-hancock-discusses-the-challenges-of-commissioning-commentary-on-russia-amid-the-war-in-ukraine,scrapy_pipeline,AccessControlDetected,paywall=False login=False captcha=True,2026-05-18 13:06:21.537071
daffc111-7ba0-48f5-8f25-8e47bea7686c,cbc_gov_tw,https://www.cbc.gov.tw/tw/np-2175-1.html,scrapy_pipeline,ShortContent,length=0 min=80,2026-05-18 13:06:21.606570
becf4c75-2371-4c52-9585-01eb3ecf6f04,ema_europa_eu,https://www.ema.europa.eu/en/committees/committee-veterinary-medicinal-products-cvmp,scrapy_pipeline,NotToday,published_at outside target calendar window,2026-05-18 13:06:21.815493
76c4061a-4514-4300-bd00-e2ddd227861b,english_mofcom_gov_cn,https://english.mofcom.gov.cn/News/SignificantNews/art/2021/art_a9dc02914b6244649010f75df3c4dc5e.html,scrapy_pipeline,NotToday,published_at outside target calendar window,2026-05-18 13:06:21.995542
c93bbee5-998f-46f9-a391-9de7044102b6,mof_go_jp,https://www.mof.go.jp/english/public_relations/whats_new/index.htm,scrapy_pipeline,NotToday,published_at outside target calendar window,2026-05-18 13:06:22.265748
fe388d1c-a613-4a59-8d84-a38d82145953,todayonline_com,https://www.channelnewsasia.com/today/mental-health-matters,scrapy_pipeline,NotToday,published_at outside target calendar window,2026-05-18 13:06:22.613650
e6ec22c0-4b8a-4bdb-aadb-c2d35f83330a,cbr_ru,https://www.cbr.ru/eng/issuers_corporate/news/,scrapy_pipeline,NotToday,published_at outside target calendar window,2026-05-18 13:06:22.784300
7dd31e3e-db32-4972-9102-a0c6018140c6,tadawulgroup_sa,https://www.tadawulgroup.sa/wps/portal/tadawulgroup/media/pressreleases?locale=en,scrapy_pipeline,NotToday,published_at outside target calendar window,2026-05-18 13:06:22.959878
b17003db-7c01-45b8-a692-d9ea9e129bcb,ons_gov_uk,https://www.ons.gov.uk/economy/governmentpublicsectorandtaxes,scrapy_pipeline,NotToday,published_at outside target calendar window,2026-05-18 13:06:23.396586
33630ace-c0de-4a93-96a1-9d06d99a267f,agenciadenoticias_ibge_gov_br,https://agenciadenoticias.ibge.gov.br/en/agencia-news/2184-news-agency/news/46771-pesquisadores-conhecem-agricultura-familia-em-irati-pr-durante-prova-piloto-do-12-censo-agropecuario-florestal-e-aquicola-2,scrapy_pipeline,HttpError,status=403,2026-05-18 13:06:23.461268
6fdf5c45-3759-438d-95e6-ef1409f7c991,boj_or_jp,https://www.boj.or.jp/en/about/press/index.htm,scrapy_pipeline,NotToday,published_at outside target calendar window,2026-05-18 13:06:23.643996
4ad696f0-c039-4b1b-a7df-ffb548e11e78,csrc_gov_cn,http://www.csrc.gov.cn/csrc/c100029/c7473708/content.shtml,scrapy_pipeline,NotToday,published_at outside target calendar window,2026-05-18 13:06:23.980061
4ff33a05-4afa-4c09-ae4f-e06a788a095e,csrc_gov_cn,http://www.csrc.gov.cn/csrc/c100028/c7632989/content.shtml,scrapy_pipeline,NotToday,published_at outside target calendar window,2026-05-18 13:06:24.422674
55ad0a61-5e4d-45ec-b064-a97f0b42cb6f,rnz_co_nz,https://www.rnz.co.nz/news/environment,scrapy_pipeline,NotToday,published_at outside target calendar window,2026-05-18 13:06:24.734973
b0fd0be9-68ef-4c72-9c03-4f6017b6a26c,moea_gov_tw,https://www.moea.gov.tw/Mns/english/news/News.aspx?kind=13&menu_id=32901,scrapy_pipeline,NotToday,published_at outside target calendar window,2026-05-18 13:06:24.865548
2fd80d25-aa9f-4f7e-b03c-58f26331917a,almasryalyoum_com,https://www.almasryalyoum.com/section/index/5,scrapy_pipeline,AccessControlDetected,paywall=False login=False captcha=True,2026-05-18 13:06:25.300510
e64ea70d-566a-4fa6-9654-9c88dda593ff,mof_go_jp,https://www.mof.go.jp/english/public_relations/index.html,scrapy_pipeline,NotToday,published_at outside target calendar window,2026-05-18 13:06:25.546655
51fcd5f2-f222-45f0-87c6-409bfcbaf99c,timesofisrael_com,https://www.timesofisrael.com/tech-israel/,scrapy_pipeline,AccessControlDetected,paywall=False login=False captcha=True,2026-05-18 13:06:25.807503
a53c6115-abd2-4804-91a5-d51baf2b5fcf,ema_europa_eu,https://www.ema.europa.eu/en/committees/committee-medicinal-products-human-use-chmp,scrapy_pipeline,NotToday,published_at outside target calendar window,2026-05-18 13:06:26.149064
ad17a14a-f283-4fb3-9d5e-e92621981321,theguardian_com,https://www.theguardian.com/commentisfree/2026/may/18/spain-franco-symbols-cafes-dictator,scrapy_pipeline,AccessControlDetected,paywall=False login=False captcha=True,2026-05-18 13:06:26.398082
1a712749-999f-41bc-9f6d-1350c7eaaeec,independent_co_uk,https://www.independent.co.uk/sport/golf/aaron-rai-us-pga-championship-victory-england-historic-win-b2978394.html,scrapy_pipeline,AccessControlDetected,paywall=False login=False captcha=True,2026-05-18 13:06:26.539729
562cdbf8-d600-4bc9-bdc7-f73e0705d0dc,agenciadenoticias_ibge_gov_br,https://agenciadenoticias.ibge.gov.br/en/agencia-news/2184-news-agency/news/46772-moradores-de-comunidades-ribeirinhas-explicam-sobre-a-cultura-do-acai-na-prova-piloto-do-12-censo-agropecuario-florestal-e-aquicola-em-barcarena-pa-2,scrapy_pipeline,HttpError,status=403,2026-05-18 13:06:26.761436
47fd59dd-654f-4410-ac12-8fb07fade926,ons_gov_uk,https://www.ons.gov.uk/economy/environmentalaccounts,scrapy_pipeline,NotToday,published_at outside target calendar window,2026-05-18 13:06:26.929986
26e82e24-d86b-485e-88b6-17c980fb2e2f,politico_eu,https://www.politico.eu/podcast/politics-at-sam-and-annes/burnhams-55-chance-of-losing-makerfield-and-throwing-labour-into-chaos/?utm_source=RSS_Feed&utm_medium=RSS&utm_campaign=RSS_Syndication,scrapy_pipeline,AccessControlDetected,paywall=False login=False captcha=True,2026-05-18 13:06:27.389181
665beacf-8bf0-451f-99b5-1ff231b7bba7,dailymaverick_co_za,https://www.dailymaverick.co.za/article/2026-05-18-modi-allies-push-for-bigger-families-despite-indias-14-billion-population/,scrapy_pipeline,AccessControlDetected,paywall=False login=False captcha=True,2026-05-18 13:06:27.485184
e5cee80a-8dfd-4e3b-8d01-4ec2fd452320,moea_gov_tw,https://www.moea.gov.tw/Mns/english/news/NewsActive.aspx?kind=12&menu_id=32900,scrapy_pipeline,NotToday,published_at outside target calendar window,2026-05-18 13:06:27.799347
5777eeeb-ef84-468f-ab4d-9514d65d91d4,rnz_co_nz,https://www.rnz.co.nz/news/education,scrapy_pipeline,NotToday,published_at outside target calendar window,2026-05-18 13:06:28.167380
06f90760-873f-452b-a18d-2c1dd55f920c,news24_com,https://www.news24.com/subscription,scrapy_pipeline,AccessControlDetected,paywall=False login=False captcha=True,2026-05-18 13:06:28.469733
3b8b88c3-5fad-4b0d-b442-01c7a0e7d95d,scmp_com,https://www.scmp.com/news/china/diplomacy/article/3353882/how-does-strait-hormuz-stand-look-wake-trump-xi-summit?utm_source=rss_feed,scrapy_pipeline,AccessControlDetected,paywall=False login=False captcha=True,2026-05-18 13:06:28.707050
280955cc-fd42-4a4a-a3d9-77392518649d,theguardian_com,https://www.theguardian.com/news/audio/2026/may/18/how-to-survive-the-information-crisis-we-once-talked-about-fake-news-now-reality-itself-feels-fake-podcast,scrapy_pipeline,AccessControlDetected,paywall=False login=False captcha=True,2026-05-18 13:06:29.199939
e45c8ca0-7a3a-4635-9903-70ff5a1ba61c,todayonline_com,https://www.channelnewsasia.com/profile/myfeed,scrapy_fetch,FetchError,IgnoreRequest('Forbidden by robots.txt'),2026-05-18 13:06:29.316818
838c4917-e5ff-4cbb-84f4-c2679e6b4499,almasryalyoum_com,https://www.almasryalyoum.com/news/silenceforbidden,scrapy_pipeline,AccessControlDetected,paywall=False login=False captcha=True,2026-05-18 13:06:29.867447
3f785bba-8522-4698-9c71-66f1d6e25422,lanacion_com_ar,https://www.lanacion.com.ar/lnmas/guillermo-francos-hablo-sobre-su-salida-del-gobierno-y-no-descarto-volver-a-la-politica-nid17052026/,scrapy_pipeline,AccessControlDetected,paywall=False login=False captcha=True,2026-05-18 13:06:30.064889
5afbd61b-3e32-472f-a14f-9c5dce34689d,indianexpress_com,https://indianexpress.com/article/world/3-suspects-in-custody-after-shooting-spree-in-austin-texas-10695184/,scrapy_pipeline,AccessControlDetected,paywall=False login=False captcha=True,2026-05-18 13:06:30.299737
99852e6a-1e44-4b2a-94f0-8aa99f9ac040,english_mofcom_gov_cn,https://english.mofcom.gov.cn/News/PressConference/art/2021/art_9901140e35404a589094064386511ac1.html,scrapy_pipeline,NotToday,published_at outside target calendar window,2026-05-18 13:06:30.691623
d5bb79b6-4da8-4718-9b4f-dbeab693c598,rnz_co_nz,https://www.rnz.co.nz/news/health,scrapy_pipeline,NotToday,published_at outside target calendar window,2026-05-18 13:06:31.178752
9dc5f950-9309-4e53-b445-d14fa491f352,english_www_gov_cn,https://english.www.gov.cn/policies/latestreleases/202605/12/content_WS6a0277ebc6d00ca5f9a0ae1d.html,scrapy_pipeline,NotToday,published_at outside target calendar window,2026-05-18 13:06:31.322767
a3592721-3e31-4bb3-8f0d-49b1d5deabc4,cbr_ru,https://www.cbr.ru/eng/insurance/,scrapy_pipeline,NotToday,published_at outside target calendar window,2026-05-18 13:06:31.947484
cc49b49c-957c-4d4e-9c82-5ce03cafca4f,afdb_org,https://www.afdb.org/en/about-us/careers,scrapy_pipeline,NotToday,published_at outside target calendar window,2026-05-18 13:06:32.079462
2e8aee0d-5376-4d0b-89d4-242c484e523e,scmp_com,https://www.scmp.com/news/hong-kong/society/article/3353898/whats-behind-rise-firings-linked-disability-discrimination?utm_source=rss_feed,scrapy_pipeline,AccessControlDetected,paywall=False login=False captcha=True,2026-05-18 13:06:32.247425
6c39898a-2a86-4a5b-b36d-223a775e4661,boj_or_jp,https://www.boj.or.jp/en/about/bcp/index.htm,scrapy_pipeline,NotToday,published_at outside target calendar window,2026-05-18 13:06:33.240049
666d71f3-3cba-418b-9266-9c77e1ba1576,cbc_gov_tw,https://www.cbc.gov.tw/tw/np-2172-1.html,scrapy_pipeline,ShortContent,length=0 min=80,2026-05-18 13:06:33.340316
64a12991-ffdb-4212-95dd-9f7d017b382d,politico_eu,https://www.politico.eu/article/giorgia-meloni-presses-ursula-von-der-leyen-for-energy-carveout-in-eu-spending-rules/?utm_source=RSS_Feed&utm_medium=RSS&utm_campaign=RSS_Syndication,scrapy_pipeline,AccessControlDetected,paywall=False login=False captcha=True,2026-05-18 13:06:33.602618
8614f77a-e5e3-4a76-b172-1daa3ee889b1,moea_gov_tw,https://www.moea.gov.tw/Mns/english/news/News.aspx?kind=6&menu_id=176,scrapy_pipeline,NotToday,published_at outside target calendar window,2026-05-18 13:06:33.857895
e9bedd38-67d3-433b-924d-795b39c7c60b,twse_com_tw,https://www.twse.com.tw/en/focus/events.html,scrapy_pipeline,NotToday,published_at outside target calendar window,2026-05-18 13:06:34.067026
6117855d-7bc2-4fe7-aa77-627c2603894d,independent_co_uk,https://www.independent.co.uk/arts-entertainment/music/news/kylie-minogue-netflix-documentary-fans-b2978468.html,scrapy_pipeline,AccessControlDetected,paywall=False login=False captcha=True,2026-05-18 13:06:34.462259
290626e3-734a-432b-be33-1dc464d63e04,almasryalyoum_com,https://www.almasryalyoum.com/section/index/86,scrapy_pipeline,AccessControlDetected,paywall=False login=False captcha=True,2026-05-18 13:06:34.673994
f7692d57-ce2b-4d85-b619-b55165a4de82,imf_org,https://www.imf.org/en/news/seminars,scrapy_pipeline,AccessControlDetected,paywall=False login=False captcha=True,2026-05-18 13:06:34.955831
41f0c405-f0e2-438b-b44a-363c83e14213,gulfnews_com,https://gulfnews.com/world/robot-monks-stride-out-for-lotus-lantern-festival-parade-in-seoul-1.500544167,scrapy_pipeline,AccessControlDetected,paywall=False login=False captcha=True,2026-05-18 13:06:35.151051
363936a7-0ef7-404a-8cb7-59f3b7bfaf4e,lanacion_com_ar,https://www.lanacion.com.ar/economia/campo/mi-papa-sabe-que-el-futuro-es-sin-carne-el-vicepresidente-la-rural-tuvo-que-hablar-tras-una-frase-de-nid17052026/,scrapy_pipeline,AccessControlDetected,paywall=False login=False captcha=True,2026-05-18 13:06:35.325384
5c7ef2f3-a698-4ef1-8d87-dfe155eb1bc4,csrc_gov_cn,http://www.csrc.gov.cn/csrc/c100028/c7633044/content.shtml,scrapy_pipeline,NotToday,published_at outside target calendar window,2026-05-18 13:06:35.447583
ea16d7d0-178d-4e61-ae15-c37920cfbf56,indianexpress_com,https://indianexpress.com/article/entertainment/bollywood/shah-rukh-devdas-overrated-glamourises-alcoholism-paro-no-self-respect-pakistani-actor-dananeer-mobeen-10695192/,scrapy_pipeline,AccessControlDetected,paywall=False login=False captcha=True,2026-05-18 13:06:35.724466
0a81e243-72e5-4d2b-96ea-152994a95c15,wsj_com,https://www.wsj.com/sitemap.xml,scrapy_fetch,FetchError,IgnoreRequest('Forbidden by robots.txt'),2026-05-18 13:06:35.828125
1e84e6fb-0331-4cd4-9dcc-a8f4e08cdf2a,theaustralian_com_au,https://www.theaustralian.com.au/sitemap.xml,scrapy_fetch,FetchError,IgnoreRequest('Forbidden by robots.txt'),2026-05-18 13:06:35.928810
17403cdd-c412-49c3-bf17-84655252c6e1,gulfnews_com,https://gulfnews.com/world/universal-basic-income-vs-universal-high-income-whats-the-difference-1.500412945,scrapy_pipeline,AccessControlDetected,paywall=False login=False captcha=True,2026-05-18 13:06:36.291437
cd49a1d1-2cb3-4c50-9541-54102be9ca0c,rnz_co_nz,https://www.rnz.co.nz/news/crime-and-justice,scrapy_pipeline,NotToday,published_at outside target calendar window,2026-05-18 13:06:36.867249
63c3c475-4ab8-4337-b90a-174780ab33a7,moea_gov_tw,https://www.moea.gov.tw/Mns/english/content/ContentMenu.aspx?menu_id=32753,scrapy_pipeline,NotToday,published_at outside target calendar window,2026-05-18 13:06:37.051656
e045dc46-cf72-4f23-8d80-342468a35570,theguardian_com,https://www.theguardian.com/politics/2026/may/18/hundreds-of-children-affected-uk-suspension-refugee-family-reunion-red-cross,scrapy_pipeline,AccessControlDetected,paywall=False login=False captcha=True,2026-05-18 13:06:37.361526
c0cf94dd-c91a-4f27-ab6b-c5135f985a4b,federalreserve_gov,https://www.federalreserve.gov/default.htm,scrapy_pipeline,NotToday,published_at outside target calendar window,2026-05-18 13:06:37.794604
461e2b4f-a5f8-4d8e-a61b-f9287bfaebc9,banxico_org_mx,https://www.banxico.org.mx/banners/%7BCCF7D6F9-2A3F-68DC-2280-A5EA1D0A4D71%7D.pdf,scrapy_pipeline,ShortContent,length=0 min=80,2026-05-18 13:06:37.917863
c4de5a8b-e3fe-486e-a773-255392cf85dd,baochinhphu_vn,https://baochinhphu.vn/cong-bo-va-khoi-cong-ha-tang-ky-thuat-du-an-nang-luong-thuoc-hang-lon-nhat-bac-trung-bo-102260518102821339.htm,scrapy_pipeline,AccessControlDetected,paywall=False login=False captcha=True,2026-05-18 13:06:38.066340
8d7bf5e9-cd00-40ae-82e8-05e125c974b8,tadawulgroup_sa,https://www.tadawulgroup.sa/wps/portal/tadawulgroup/media/media?locale=en,scrapy_pipeline,NotToday,published_at outside target calendar window,2026-05-18 13:06:38.287230
20af3525-598b-4668-b7d0-f7ab09377d6d,almasryalyoum_com,https://www.almasryalyoum.com/section/index/613,scrapy_pipeline,AccessControlDetected,paywall=False login=False captcha=True,2026-05-18 13:06:38.491181
8834a336-5529-40f8-8b7c-d0ac71b19adb,scmp_com,https://www.scmp.com/news/people-culture/trending-china/article/3353569/french-bulldog-china-known-collecting-plastic-bottles-faces-threats-animal-abusers?utm_source=rss_feed,scrapy_pipeline,AccessControlDetected,paywall=False login=False captcha=True,2026-05-18 13:06:38.869722
2509d048-0bcb-41e4-bf7f-1abfb783259f,independent_co_uk,https://www.independent.co.uk/bulletin/sport/mohamed-salah-arne-slot-liverpool-wayne-rooney-b2978474.html,scrapy_pipeline,AccessControlDetected,paywall=False login=False captcha=True,2026-05-18 13:06:38.975316
4f33d57d-e16d-421e-b25c-f1b6b79cecca,csrc_gov_cn,http://www.csrc.gov.cn/csrc/c100028/c7633046/content.shtml,scrapy_pipeline,NotToday,published_at outside target calendar window,2026-05-18 13:06:39.161165
46794e8b-0350-44f1-869f-c67870117860,nytimes_com,https://www.nytimes.com/2026/05/17/us/politics/taiwan-china-us-arms-deal.html,scrapy_pipeline,AccessControlDetected,paywall=False login=False captcha=True,2026-05-18 13:06:39.297040
eb33823e-471d-4db7-94de-cf25c2f002ee,todayonline_com,https://www.channelnewsasia.com/today/adulting,scrapy_pipeline,NotToday,published_at outside target calendar window,2026-05-18 13:06:39.522926
2080bb85-2204-414d-848b-67b721e65722,baochinhphu_vn,https://baochinhphu.vn/thu-tuong-le-minh-hung-khoa-hoc-cong-nghe-doi-moi-sang-tao-la-yeu-to-song-con-de-hien-thuc-hoa-khat-vong-phat-trien-dat-nuoc-102260518100344403.htm,scrapy_pipeline,AccessControlDetected,paywall=False login=False captcha=True,2026-05-18 13:06:39.729802
f693f038-5ac5-45a5-a3f1-f9bfc4c31d33,timesofisrael_com,https://www.timesofisrael.com/israel-inside/,scrapy_pipeline,AccessControlDetected,paywall=False login=False captcha=True,2026-05-18 13:06:39.960829
fd3662d0-2c87-4546-8ee4-7c320e54a8ab,lanacion_com_ar,https://www.lanacion.com.ar/estados-unidos/california/buenas-noticias-en-california-el-programa-que-beneficiara-a-mas-de-60000-trabajadores-en-sectores-nid17052026/,scrapy_pipeline,AccessControlDetected,paywall=False login=False captcha=True,2026-05-18 13:06:40.220572
b5d3ecef-a855-4f09-ac35-c3f935281972,nytimes_com,https://www.nytimes.com/2026/05/17/world/europe/israel-iraq-iran-bases.html,scrapy_pipeline,AccessControlDetected,paywall=False login=False captcha=True,2026-05-18 13:06:40.383844
b8ea350b-a453-4038-90b2-dcf0019802b5,thanhnien_vn,https://thanhnien.vn/thu-tuong-campuchia-chi-dao-cai-cach-quan-doi-giam-manh-so-si-quan-185260518130119589.htm,scrapy_pipeline,AccessControlDetected,paywall=False login=False captcha=True,2026-05-18 13:06:40.599152
d0b65033-102f-4407-b8a9-9a83b61124c6,ons_gov_uk,https://www.ons.gov.uk/economy/economicoutputandproductivity,scrapy_pipeline,NotToday,published_at outside target calendar window,2026-05-18 13:06:40.937848
776397a2-54fc-4415-82aa-6636e1dea4b8,todayonline_com,https://www.channelnewsasia.com/today/voices,scrapy_pipeline,NotToday,published_at outside target calendar window,2026-05-18 13:06:41.178460
ac661880-8ec2-4f1f-9e95-a5e4aadafa25,news24_com,https://www.news24.com/jobs,scrapy_pipeline,AccessControlDetected,paywall=False login=False captcha=True,2026-05-18 13:06:41.620581
450ffb5d-23cd-4f7f-94d0-2938672ff910,fsc_go_kr,https://www.fsc.go.kr/eng/po050101,scrapy_pipeline,NotToday,published_at outside target calendar window,2026-05-18 13:06:41.868726
25f7c2ee-9413-40cf-8f31-25abb9da47e5,thanhnien_vn,https://thanhnien.vn/ong-kim-jong-un-ra-lenh-tang-cuong-nang-luc-tac-chien-tien-tuyen-1852605181314075.htm,scrapy_pipeline,AccessControlDetected,paywall=False login=False captcha=True,2026-05-18 13:06:42.091911
86644645-28c6-4ce3-92be-f24a77d55dd3,tuoitre_vn,https://tuoitre.vn/thu-tuong-le-minh-hung-chuyen-manh-tu-tu-duy-lam-cho-co-sang-tao-ra-san-pham-thuc-chat-20260518071947413.htm,scrapy_pipeline,AccessControlDetected,paywall=False login=False captcha=True,2026-05-18 13:06:42.418767
a3488d1c-26fb-49de-8518-700a94e7d281,imf_org,https://www.imf.org/en/publications/fm,scrapy_pipeline,AccessControlDetected,paywall=False login=False captcha=True,2026-05-18 13:06:42.555008
b44b5e79-142d-4238-89b3-c96e74880bf0,afdb_org,https://www.afdb.org/en/overview,scrapy_pipeline,NotToday,published_at outside target calendar window,2026-05-18 13:06:42.814839
c979f64c-53ac-4611-82ee-0a61c44c45b9,todayonline_com,https://www.channelnewsasia.com/today/ground-up,scrapy_pipeline,NotToday,published_at outside target calendar window,2026-05-18 13:06:43.081822
432fa7d7-8dc2-4249-ae76-f106a0dc1515,english_www_gov_cn,https://english.www.gov.cn/policies,scrapy_pipeline,NotToday,published_at outside target calendar window,2026-05-18 13:06:43.333841
b70071d5-cc30-44d5-adcb-8f3885631c63,english_mofcom_gov_cn,https://english.mofcom.gov.cn/News/SignificantNews/index.html,scrapy_pipeline,ShortContent,length=21 min=80,2026-05-18 13:06:43.686131
43f8a01a-b10d-4c1c-8e11-4bc4bd608d83,tuoitre_vn,https://tuoitre.vn/chon-mon-thi-tot-nghiep-thpt-cua-hoc-sinh-tp-hcm-ra-sao-so-voi-nam-truoc-2026051809532849.htm,scrapy_pipeline,AccessControlDetected,paywall=False login=False captcha=True,2026-05-18 13:06:43.899601
cb427029-c332-4409-a4fb-fbb27f2115cc,english_news_cn,https://english.news.cn/northamerica/index.htm,scrapy_pipeline,NotToday,published_at outside target calendar window,2026-05-18 13:06:44.278645
86d15720-9028-4dac-9f15-51c1883d39f9,cbc_gov_tw,https://www.cbc.gov.tw/tw/np-2171-1.html,scrapy_pipeline,ShortContent,length=0 min=80,2026-05-18 13:06:44.363396
398735e2-97e0-4807-ab48-971f1e2c391e,twse_com_tw,https://www.twse.com.tw/en/focus/popular.html,scrapy_pipeline,NotToday,published_at outside target calendar window,2026-05-18 13:06:44.781320
4da68f57-b1c7-4041-9fcc-354ec0ec9f60,imf_org,https://www.imf.org/en/publications/gfsr,scrapy_pipeline,AccessControlDetected,paywall=False login=False captcha=True,2026-05-18 13:06:44.975057
0b245f38-9630-4d90-a3b8-04ab31430bb9,boj_or_jp,https://www.boj.or.jp/en/about/activities/act/index.htm,scrapy_pipeline,NotToday,published_at outside target calendar window,2026-05-18 13:06:45.170745
66de7a55-4d3a-4585-acc5-366ea40f3f7a,nytimes_com,https://www.nytimes.com/2026/05/17/business/qatar-economy-iran-war.html,scrapy_pipeline,AccessControlDetected,paywall=False login=False captcha=True,2026-05-18 13:06:45.379081
4d46af83-77eb-4d54-a727-9dc3828b0b55,baochinhphu_vn,https://baochinhphu.vn/vi-sao-hoa-don-tien-dien-de-leo-thang-trong-mua-nang-nong-102260518115230778.htm,scrapy_pipeline,AccessControlDetected,paywall=False login=False captcha=True,2026-05-18 13:06:46.251005
0f6cec3e-4f06-4944-9cc0-635b5827c773,cbr_ru,https://www.cbr.ru/eng/RSCI/,scrapy_pipeline,NotToday,published_at outside target calendar window,2026-05-18 13:06:46.749077
4a76b9c4-188a-4633-8189-771752e6bfe6,fsc_go_kr,https://www.fsc.go.kr/eng/po110101,scrapy_pipeline,NotToday,published_at outside target calendar window,2026-05-18 13:06:46.899922
04845f0a-c22a-4517-af0c-f8781ef97e23,csrc_gov_cn,http://www.csrc.gov.cn/csrc/c106311/c7633097/content.shtml,scrapy_pipeline,NotToday,published_at outside target calendar window,2026-05-18 13:06:47.027620
2cf32b54-7e1c-45ba-88c4-37847881114a,ema_europa_eu,https://www.ema.europa.eu/en/committees/how-committees-work,scrapy_pipeline,NotToday,published_at outside target calendar window,2026-05-18 13:06:47.259059
93fa0efb-5bfc-4b07-8694-3373a0cd7b7f,csrc_gov_cn,http://www.csrc.gov.cn/csrc/c106311/c7633210/content.shtml,scrapy_pipeline,NotToday,published_at outside target calendar window,2026-05-18 13:06:47.821872
61e04e56-3463-4383-866e-2c0c192eca39,motie_go_kr,https://www.motir.go.kr/kor/article/ATCL1969937bc,scrapy_pipeline,NotToday,published_at outside target calendar window,2026-05-18 13:06:48.257852
e086955e-cf03-4aae-bb36-ea5bb3198ced,fsc_go_kr,https://www.fsc.go.kr/eng/pr020101,scrapy_pipeline,NotToday,published_at outside target calendar window,2026-05-18 13:06:48.892860
5d282a38-a997-4385-9ed4-fbc43cb094dd,cbr_ru,https://www.cbr.ru/eng/banking_sector/,scrapy_pipeline,NotToday,published_at outside target calendar window,2026-05-18 13:06:49.277770
71fe970c-e9c5-4fed-b6dc-da3dd1131175,moea_gov_tw,https://www.moea.gov.tw/Mns/english/multimedia/Multimedia.aspx?menu_id=230,scrapy_pipeline,NotToday,published_at outside target calendar window,2026-05-18 13:06:49.410648
6d38256a-e8b1-400a-a33b-4cd2b2604bc3,ema_europa_eu,https://www.ema.europa.eu/en/committees,scrapy_pipeline,NotToday,published_at outside target calendar window,2026-05-18 13:06:49.557813
84bb3553-5cd2-4b4f-934f-11a24d4b22d2,todayonline_com,https://www.channelnewsasia.com/today/up-close,scrapy_pipeline,NotToday,published_at outside target calendar window,2026-05-18 13:06:49.792033
ccfc5962-04b1-4ac6-b54c-cf25459cc531,agenciadenoticias_ibge_gov_br,https://agenciadenoticias.ibge.gov.br/en/retratos-magazine.html,scrapy_pipeline,HttpError,status=403,2026-05-18 13:06:49.985136
c62f9142-58de-4fc1-baf8-a277f6200630,rnz_co_nz,https://www.rnz.co.nz/news/sport,scrapy_pipeline,NotToday,published_at outside target calendar window,2026-05-18 13:06:50.508958
aa2ff6d0-4a37-4a6b-89b0-607c0a90c3f0,ons_gov_uk,https://www.ons.gov.uk/economy,scrapy_pipeline,NotToday,published_at outside target calendar window,2026-05-18 13:06:50.649058
c8e66445-a8fa-4976-a49e-946a4755e064,todayonline_com,https://www.channelnewsasia.com/today/big-read,scrapy_pipeline,NotToday,published_at outside target calendar window,2026-05-18 13:06:50.880009
e88162cc-a0bc-4396-b231-cc84e5c0ccb6,imf_org,https://www.imf.org/en/publications/weo,scrapy_pipeline,AccessControlDetected,paywall=False login=False captcha=True,2026-05-18 13:06:51.253742
4ebbf9d5-a49f-4a46-83d4-80293688d028,ema_europa_eu,https://www.ema.europa.eu/en/veterinary-regulatory-overview/post-authorisation-veterinary-medicines,scrapy_pipeline,NotToday,published_at outside target calendar window,2026-05-18 13:06:51.378884
6db104d8-5440-4728-add4-7ab9df9ef337,rnz_co_nz,https://www.rnz.co.nz/news/personal-finance,scrapy_pipeline,NotToday,published_at outside target calendar window,2026-05-18 13:06:51.660599
1da8aa19-3ae8-4ca7-ac44-e42ebae14dd5,csrc_gov_cn,http://www.csrc.gov.cn/csrc/c100029/common_list.shtml,scrapy_pipeline,NotToday,published_at outside target calendar window,2026-05-18 13:06:51.814131
fd2b4df2-d510-4c72-b9f8-9fd04d5ec936,moea_gov_tw,https://www.moea.gov.tw/Mns/english/content/Content.aspx?menu_id=32898,scrapy_pipeline,NotToday,published_at outside target calendar window,2026-05-18 13:06:51.926321
4a3a54c9-fe97-48be-9305-12d0bbf26dcc,cbr_ru,https://www.cbr.ru/eng/oper_br/,scrapy_pipeline,NotToday,published_at outside target calendar window,2026-05-18 13:06:52.071185
a86d56a0-c55b-4146-b329-32a595e84640,almasryalyoum_com,https://www.almasryalyoum.com/section/index/126,scrapy_pipeline,AccessControlDetected,paywall=False login=False captcha=True,2026-05-18 13:06:52.333820
8d4c2480-859d-4127-825b-93608acc9137,timesofisrael_com,https://www.timesofisrael.com/jewish-times/,scrapy_pipeline,AccessControlDetected,paywall=False login=False captcha=True,2026-05-18 13:06:52.571055
4e6131a0-98b4-4373-bb7c-26b083caa94e,news24_com,https://www.news24.com/notices,scrapy_pipeline,AccessControlDetected,paywall=False login=False captcha=True,2026-05-18 13:06:53.231685
426576a4-4cd8-494a-a85f-b027cc5aba4e,cbc_gov_tw,https://www.cbc.gov.tw/tw/np-2173-1.html,scrapy_pipeline,ShortContent,length=0 min=80,2026-05-18 13:06:53.474586
045b77ab-1956-409b-a1e9-17ff23d78156,boj_or_jp,https://www.boj.or.jp/en/about/activities/strategy/index.htm,scrapy_pipeline,NotToday,published_at outside target calendar window,2026-05-18 13:06:53.655668
5f134fb1-1188-4061-bcbf-f7cb457454bc,imf_org,https://www.imf.org/en/research,scrapy_pipeline,AccessControlDetected,paywall=False login=False captcha=True,2026-05-18 13:06:53.793238
8ea9d894-e4bb-46a2-ac76-bdc5b56fde24,twse_com_tw,https://www.twse.com.tw/en/about/news/event/list.html,scrapy_pipeline,NotToday,published_at outside target calendar window,2026-05-18 13:06:53.904419
c94c7604-6cc7-4d7f-a6d6-0ef955d32a09,fsc_go_kr,https://www.fsc.go.kr/eng/pr010101,scrapy_pipeline,NotToday,published_at outside target calendar window,2026-05-18 13:06:54.285257
b75dff9d-1cb8-441a-a583-8cea5670f8a9,mof_go_jp,https://www.mof.go.jp/english/about_mof/related_link/index.html,scrapy_pipeline,NotToday,published_at outside target calendar window,2026-05-18 13:06:54.395124
8aa3f31d-7b3e-40c3-99b0-fe41127fe0bf,english_mofcom_gov_cn,https://english.mofcom.gov.cn/News/PressConference/index.html,scrapy_pipeline,ShortContent,length=21 min=80,2026-05-18 13:06:54.474265
8effbc32-7273-4b71-8f2c-c3cadf3be93f,english_news_cn,https://english.news.cn/africa/index.htm,scrapy_pipeline,NotToday,published_at outside target calendar window,2026-05-18 13:06:54.659037
11677e53-de1e-4abf-98b2-c0962d5ca210,afdb_org,https://www.afdb.org/en/about-us/frequently-asked-questions,scrapy_pipeline,NotToday,published_at outside target calendar window,2026-05-18 13:06:54.810005
386afbcc-dede-4fd7-b073-1c3d8e8879d5,boj_or_jp,https://www.boj.or.jp/en/about/activities/principle.htm,scrapy_pipeline,NotToday,published_at outside target calendar window,2026-05-18 13:06:55.394250
e9af76ca-28a3-4e42-bc2e-f4e4962a39e0,ema_europa_eu,https://www.ema.europa.eu/en/veterinary-regulatory-overview/marketing-authorisation-veterinary-medicines,scrapy_pipeline,NotToday,published_at outside target calendar window,2026-05-18 13:06:55.546346
7b464360-a8a9-4f97-b199-4b5dfbdc3da8,ons_gov_uk,https://www.ons.gov.uk/businessindustryandtrade/tourismindustry,scrapy_pipeline,NotToday,published_at outside target calendar window,2026-05-18 13:06:55.774077
b2d6b1c6-3a2c-4097-bc95-46495a298aec,mof_go_jp,https://www.mof.go.jp/english/about_mof/policy_evaluation/index.html,scrapy_pipeline,NotToday,published_at outside target calendar window,2026-05-18 13:06:55.897953
374acea8-9f30-49ca-879a-9c1b8aafa5d6,mof_go_jp,https://www.mof.go.jp/english/about_mof/councils/index.html,scrapy_pipeline,NotToday,published_at outside target calendar window,2026-05-18 13:06:55.994685
82240573-5da5-4b3a-b0f2-caf890ee3bf3,news24_com,https://www.news24.com/brandstory/partner-content,scrapy_pipeline,AccessControlDetected,paywall=False login=False captcha=True,2026-05-18 13:06:56.383504
7fdb85e3-34b0-4d86-aa50-8f012fdcfa58,motie_go_kr,https://www.motir.go.kr/kor/article/ATCL02559c3f5,scrapy_pipeline,NotToday,published_at outside target calendar window,2026-05-18 13:06:56.587545
378de076-f6a4-494e-ad88-2481d472a9b9,csrc_gov_cn,http://www.csrc.gov.cn/csrc/c100028/common_xq_list.shtml,scrapy_pipeline,NotToday,published_at outside target calendar window,2026-05-18 13:06:56.691525
fd77a9e0-ea72-447d-aafc-5aa68b390931,cbc_gov_tw,https://www.cbc.gov.tw/tw/np-2174-1.html,scrapy_pipeline,ShortContent,length=0 min=80,2026-05-18 13:06:56.853850
dc072c3e-6a90-4fae-b7e3-8961fade96a8,cbr_ru,https://www.cbr.ru/eng/ec_research/,scrapy_pipeline,NotToday,published_at outside target calendar window,2026-05-18 13:06:57.000407
64e3dc89-6da3-4798-a5c9-eb3142605844,english_mofcom_gov_cn,https://english.mofcom.gov.cn/News/SignificantNews/art/2026/art_0a80a7feea32434ba3b683556faa5ae6.html,scrapy_pipeline,NotToday,published_at outside target calendar window,2026-05-18 13:06:57.073603
79d6c248-cd6d-438f-b940-77f9fc8363bf,twse_com_tw,https://www.twse.com.tw/zh/search.html,scrapy_pipeline,NotToday,published_at outside target calendar window,2026-05-18 13:06:57.208766
71f0bd8f-5f94-4567-9cdd-c108258a3e7f,english_news_cn,https://english.news.cn/europe/index.htm,scrapy_pipeline,NotToday,published_at outside target calendar window,2026-05-18 13:06:57.399815
abf76157-2254-4f73-9670-13678b0984ae,todayonline_com,https://www.channelnewsasia.com/profile/login,scrapy_fetch,FetchError,IgnoreRequest('Forbidden by robots.txt'),2026-05-18 13:06:57.495958
6cd54c3a-548b-4e30-b2e2-72e58b14b38c,almasryalyoum_com,https://www.almasryalyoum.com/section/index/78,scrapy_pipeline,AccessControlDetected,paywall=False login=False captcha=True,2026-05-18 13:06:57.734151
0b8fa1b8-311c-4bc9-a688-9a6b103bd709,theguardian_com,https://www.theguardian.com/business/2026/may/18/uk-datacentres-plan-to-burn-gas-to-generate-electricity,scrapy_pipeline,AccessControlDetected,paywall=False login=False captcha=True,2026-05-18 13:06:58.271831
57d130d2-0b97-40ba-9e53-c434a3c169f6,rnz_co_nz,https://www.rnz.co.nz/news/business,scrapy_pipeline,NotToday,published_at outside target calendar window,2026-05-18 13:06:58.566147
69e4d555-3b88-4efc-86f1-5bde5ba81fdb,lanacion_com_ar,https://www.lanacion.com.ar/juegos/nunca-cuatro/nunca-cuatro-1852026-nid18052026/,scrapy_pipeline,AccessControlDetected,paywall=False login=False captcha=True,2026-05-18 13:06:59.303604
87694703-71d8-4995-8fe0-09c7fe43fbeb,timesofisrael_com,https://www.timesofisrael.com/israel-and-the-region/,scrapy_pipeline,AccessControlDetected,paywall=False login=False captcha=True,2026-05-18 13:06:59.546084
0ddcc221-3283-4308-b812-7c3be4070f61,moea_gov_tw,https://www.moea.gov.tw/Mns/english/introduction/Organization.aspx?menu_id=189,scrapy_pipeline,NotToday,published_at outside target calendar window,2026-05-18 13:06:59.987885
b80fc659-89bf-4785-b778-58ff88e8c7b0,tadawulgroup_sa,https://www.tadawulgroup.sa/wps/portal/tadawulgroup/sustainability?locale=en,scrapy_pipeline,NotToday,published_at outside target calendar window,2026-05-18 13:07:00.375289
69acb926-3705-43f2-ac9f-e694f9f590fc,independent_co_uk,https://www.independent.co.uk/bulletin/news/bbc-matt-brittin-trump-bafta-licence-fee-b2978475.html,scrapy_pipeline,AccessControlDetected,paywall=False login=False captcha=True,2026-05-18 13:07:01.735502
cf405f4a-d3a5-42c4-ab34-b7e54a1dbb77,scmp_com,https://www.scmp.com/economy/china-economy/article/3353718/could-china-limit-japanese-airlines-access-its-airspace-ties-sour?utm_source=rss_feed,scrapy_pipeline,AccessControlDetected,paywall=False login=False captcha=True,2026-05-18 13:07:02.201001
03747777-4f0a-40f9-b637-367b44744565,indianexpress_com,https://indianexpress.com/article/cities/delhi/from-rs-13725-to-rs-16249-sq-ft-gurgaons-spr-real-estate-boom-turning-into-citys-next-premium-hub-10695355/,scrapy_pipeline,AccessControlDetected,paywall=False login=False captcha=True,2026-05-18 13:07:02.549490
35968eab-438b-42b9-bdff-2a44c5a430f9,agenciadenoticias_ibge_gov_br,https://agenciadenoticias.ibge.gov.br/en/agencia-news.html,scrapy_pipeline,HttpError,status=403,2026-05-18 13:07:02.640946
ff490f90-7b94-423a-9697-74388d8f7a9c,afdb_org,https://www.afdb.org/en/about-us/corporate-information/history,scrapy_pipeline,NotToday,published_at outside target calendar window,2026-05-18 13:07:02.778349
f05d45a1-4830-4a1e-aa4c-0451088bee41,gulfnews_com,https://gulfnews.com/technology/iphone-18-pro-max-leaks-dark-cherry-colour-tipped-as-apples-boldest-design-yet-major-camera-upgrades-expected-1.500544130,scrapy_pipeline,AccessControlDetected,paywall=False login=False captcha=True,2026-05-18 13:07:03.401243
bad77e22-6da7-48ba-a701-e5ac144cf5d5,theguardian_com,https://www.theguardian.com/lifeandstyle/2026/may/18/how-to-become-emotionally-mature-at-any-age-we-often-dont-realise-the-hurt-were-causing,scrapy_pipeline,AccessControlDetected,paywall=False login=False captcha=True,2026-05-18 13:07:04.063157
4ebfdfba-b1d4-4daa-bfb4-8a0386133c86,independent_co_uk,https://www.independent.co.uk/news/world/middle-east/trump-clock-is-ticking-oil-prices-iran-b2978419.html,scrapy_pipeline,AccessControlDetected,paywall=False login=False captcha=True,2026-05-18 13:07:04.377217
8a3d40ed-dcfd-494b-8073-3663b58df21f,baochinhphu_vn,https://baochinhphu.vn/dat-khong-co-nguon-goc-vuon-ao-co-duoc-giam-tien-su-dung-dat-10226051416292054.htm,scrapy_pipeline,AccessControlDetected,paywall=False login=False captcha=True,2026-05-18 13:07:04.689840
17159408-83c1-41b5-9298-e6af3adbd2cd,rnz_co_nz,https://www.rnz.co.nz/news/world,scrapy_pipeline,NotToday,published_at outside target calendar window,2026-05-18 13:07:04.978322
ff34bec4-fa14-4699-aee0-10f5a3801af2,todayonline_com,https://www.channelnewsasia.com/,scrapy_pipeline,NotToday,published_at outside target calendar window,2026-05-18 13:07:05.479190
93d3cff5-ba47-4b05-9943-be411f207b02,ema_europa_eu,https://www.ema.europa.eu/en/veterinary-regulatory-overview/research-development-veterinary-medicines,scrapy_pipeline,NotToday,published_at outside target calendar window,2026-05-18 13:07:05.671811
8e66e1fd-3ab6-4493-9c36-9159b5187508,english_mofcom_gov_cn,https://english.mofcom.gov.cn/News/SpokesmansRemarks/art/2026/art_7481476c406341cbb73f0b568341a1cf.html,scrapy_pipeline,NotToday,published_at outside target calendar window,2026-05-18 13:07:06.005929
69a7918f-8425-46d0-8398-29987ec1c086,ons_gov_uk,https://www.ons.gov.uk/businessindustryandtrade/retailindustry,scrapy_pipeline,NotToday,published_at outside target calendar window,2026-05-18 13:07:06.215165
b9f8bcbf-bab1-4a0a-b867-87a086d62dc5,english_news_cn,https://english.news.cn/asiapacific/index.htm,scrapy_pipeline,NotToday,published_at outside target calendar window,2026-05-18 13:07:06.479484
33a5f820-97b9-4f13-8103-c440af13b6a5,cbr_ru,https://www.cbr.ru/eng/banking_sector/news/,scrapy_pipeline,NotToday,published_at outside target calendar window,2026-05-18 13:07:06.618694
719f881e-efdd-41e7-b00d-e957c04ffd7e,lanacion_com_ar,https://www.lanacion.com.ar/opinion/la-logica-de-la-conmocion-nid18052026/,scrapy_pipeline,AccessControlDetected,paywall=False login=False captcha=True,2026-05-18 13:07:06.800308
a4e79cff-9908-4d84-b30e-da2ee286af24,scmp_com,https://www.scmp.com/news/hong-kong/health-environment/article/3353911/hong-kong-records-10-tremor-reports-after-magnitude-52-quake-hits-guangxi?utm_source=rss_feed,scrapy_pipeline,AccessControlDetected,paywall=False login=False captcha=True,2026-05-18 13:07:07.074973
56ffd5b9-ee0c-44d7-9a1d-a67626c99254,moea_gov_tw,https://www.moea.gov.tw/Mns/english/EconomicHistory/EconomicHistory.aspx?menu_id=32897,scrapy_pipeline,NotToday,published_at outside target calendar window,2026-05-18 13:07:07.266354
c2961fd1-71eb-4707-8724-65078eb7087f,boj_or_jp,https://www.boj.or.jp/en/about/activities/index.htm,scrapy_pipeline,NotToday,published_at outside target calendar window,2026-05-18 13:07:07.594760
cc159341-bcb0-45ba-9367-f1e740f637c2,timesofisrael_com,https://www.timesofisrael.com/search/,scrapy_pipeline,AccessControlDetected,paywall=False login=False captcha=True,2026-05-18 13:07:08.032729
f2ba54e2-8a61-4ede-a840-b3aefbf46269,csrc_gov_cn,http://www.csrc.gov.cn/csrc/xwfb/index.shtml,scrapy_pipeline,NotToday,published_at outside target calendar window,2026-05-18 13:07:08.171162
d97ac093-b3be-4607-907f-097494487e02,indianexpress_com,https://indianexpress.com/article/cities/pune/why-pune-porsche-crash-trial-has-far-reaching-implications-prosecutor-explains-10695307/,scrapy_pipeline,AccessControlDetected,paywall=False login=False captcha=True,2026-05-18 13:07:08.528934
ab0a6593-caed-4949-b59b-473349e8f571,nytimes_com,https://www.nytimes.com/2026/05/18/business/iran-war-somalia-usaid.html,scrapy_pipeline,AccessControlDetected,paywall=False login=False captcha=True,2026-05-18 13:07:08.701660
9c2c1682-8ce6-428d-b9f4-46950887ddfc,theguardian_com,https://www.theguardian.com/artanddesign/2026/may/18/national-museum-cardiff-can-a-child-really-learn-anything-in-a-gallery,scrapy_pipeline,AccessControlDetected,paywall=False login=False captcha=True,2026-05-18 13:07:09.024741
290b2137-576f-4a8b-9511-68fbf584279c,thanhnien_vn,https://thanhnien.vn/benh-vien-da-khoa-hoan-my-cuu-long-vao-top-10-benh-vien-tot-nhat-viet-nam-2026-185260518135332105.htm,scrapy_pipeline,AccessControlDetected,paywall=False login=False captcha=True,2026-05-18 13:07:09.406454
a68a130e-e160-47a0-a0b4-eac97f28e979,scmp_com,https://www.scmp.com/opinion/hong-kong-opinion/article/3353760/my-way-or-highway-no-way-make-informed-policy-hong-kong?utm_source=rss_feed,scrapy_pipeline,AccessControlDetected,paywall=False login=False captcha=True,2026-05-18 13:07:09.606990
46a06399-dcbf-4742-a485-34360f19921e,timesofisrael_com,https://www.timesofisrael.com/signup/,scrapy_pipeline,AccessControlDetected,paywall=False login=False captcha=True,2026-05-18 13:07:09.741051
0ccb24d8-2a4d-40f0-a9a5-8ccb14b2a53d,independent_co_uk,https://www.independent.co.uk/asia/japan/punch-monkey-tokyo-ichikawa-zoo-intruders-b2978436.html,scrapy_pipeline,AccessControlDetected,paywall=False login=False captcha=True,2026-05-18 13:07:09.889371
2d4fac9b-59f2-4b20-95d0-9415c0d71f77,imf_org,https://www.imf.org/en/publications/wp/issues/2023/03/02/2022-update-of-the-external-balance-assessment-methodology-530509,scrapy_pipeline,AccessControlDetected,paywall=False login=False captcha=True,2026-05-18 13:07:10.143869
f3761d56-92ec-4400-b5a5-f2b7c5662dbe,gulfnews_com,https://gulfnews.com/lifestyle/audemars-piguet-x-swatch-royal-pop-sparks-uae-resale-frenzy-as-prices-soar-to-nearly-20-times-retail-from-500-to-6800-1.500544175,scrapy_pipeline,AccessControlDetected,paywall=False login=False captcha=True,2026-05-18 13:07:10.701197
0633bb1d-df1b-41b2-a95c-2cd09256e4ce,stats_gov_cn,https://www.stats.gov.cn/english/InternationalCooperation/202509/t20250928_1961411.html,scrapy_pipeline,NotToday,published_at outside target calendar window,2026-05-18 13:07:10.871948
dc38c0d9-5e2c-4376-ae98-82e5c0ff025e,tadawulgroup_sa,https://www.tadawulgroup.sa/wps/portal/tadawulgroup/media/media/!ut/p/z0/04_Sj9CPykssy0xPLMnMz0vMAfIjo8ziTR3NDIw8LAz8LdxdnQ0Cg0xDfFx9Ag0MXMz0C7IdFQGrdg4M/?locale=en,scrapy_pipeline,NotToday,published_at outside target calendar window,2026-05-18 13:07:11.074656
129a29b3-5aeb-4b76-ad4c-1590f77b8384,tuoitre_vn,https://tuoitre.vn/dam-dai-hu-tieu-ky-4-giu-huong-vi-hu-tieu-mien-tay-o-sai-gon-20260518105949403.htm,scrapy_pipeline,AccessControlDetected,paywall=False login=False captcha=True,2026-05-18 13:07:11.698853
54c4df69-9c6a-4457-a3c1-d4cc0473674b,twse_com_tw,https://www.twse.com.tw/IIH2/en/,scrapy_pipeline,NotToday,published_at outside target calendar window,2026-05-18 13:07:11.897457
550fbcb0-5dc7-413c-9a39-52e12c44561f,moea_gov_tw,https://www.moea.gov.tw/Mns/english/EconomicChief/EconomicChief.aspx?code=E&work=Y&menu_id=32896,scrapy_pipeline,NotToday,published_at outside target calendar window,2026-05-18 13:07:12.018860
a3842b20-b14a-40e0-a882-41c764701489,almasryalyoum_com,https://www.almasryalyoum.com/section/index/4,scrapy_pipeline,AccessControlDetected,paywall=False login=False captcha=True,2026-05-18 13:07:12.530128
377d4c87-3b8a-462d-9a73-fe27fc1cea11,euronews_com,https://www.euronews.com/business/2026/05/18/oil-prices-climb-as-donald-trump-signals-tougher-action-on-iran,scrapy_pipeline,ShortContent,length=0 min=80,2026-05-18 13:07:12.726195
3e835d73-d249-4f8e-bc6b-925139282e7c,mof_go_jp,https://www.mof.go.jp/english/about_mof/introduction/index.html,scrapy_pipeline,NotToday,published_at outside target calendar window,2026-05-18 13:07:12.823848
89717a00-b94c-4035-abe2-a7e9a1497197,lanacion_com_ar,https://www.lanacion.com.ar/el-mundo/guerra-de-estados-unidos-e-israel-contra-iran-en-vivo-tension-en-medio-oriente-hoy-domingo-17-de-nid17052026/,scrapy_pipeline,AccessControlDetected,paywall=False login=False captcha=True,2026-05-18 13:07:13.265300
34c1d629-2cfa-4721-8359-9e048c1fe9af,nytimes_com,https://www.nytimes.com/2026/05/17/us/a-federal-case-will-test-if-protesters-are-conspirators.html,scrapy_pipeline,AccessControlDetected,paywall=False login=False captcha=True,2026-05-18 13:07:13.501610
7ac4859c-236b-4fb5-a502-554d1d58a236,gulfnews_com,https://gulfnews.com/business/corporate-news/bahrains-ctm360-receives-global-recognition-in-gartner-magic-quadrant-marking-historic-milestone-for-the-arab-world-1.500544215,scrapy_pipeline,AccessControlDetected,paywall=False login=False captcha=True,2026-05-18 13:07:13.958141
467855c4-984f-4bf7-acd0-7aef7224264e,tadawulgroup_sa,https://www.tadawulgroup.sa/wps/portal/!ut/p/z0/04_Sj9CPykssy0xPLMnMz0vMAfIjo8zi3f0tDTzcvQ1MPMKCTQzMggyMfFxdLQzdw8z1C7IdFQFXP71_/?locale=en,scrapy_pipeline,NotToday,published_at outside target calendar window,2026-05-18 13:07:14.575091
c89fdc77-15ad-4152-86ce-38ac682b541f,imf_org,https://www.imf.org/en/topics,scrapy_pipeline,AccessControlDetected,paywall=False login=False captcha=True,2026-05-18 13:07:14.865414
856e1ad7-1525-4978-bb6d-dc9f67ead2ac,moea_gov_tw,https://www.moea.gov.tw/Mns/english/EconomicChief/EconomicChief.aspx?code=E&kind=01&work=Y&menu_id=32895,scrapy_pipeline,NotToday,published_at outside target calendar window,2026-05-18 13:07:15.007360
a6ef3b3f-5929-4632-8d18-c757316f3074,indianexpress_com,https://indianexpress.com/article/entertainment/hollywood/sheep-in-the-box-movie-review-grief-age-of-ai-10695289/,scrapy_pipeline,AccessControlDetected,paywall=False login=False captcha=True,2026-05-18 13:07:15.373053
b0c3d728-9470-4f53-8cb9-d581d3ed289a,meduza_io,https://meduza.io/en/episodes/2026/01/10/is-trump-s-venezuela-operation-a-gift-to-putin-and-what-is-the-state-of-russia-s-shadow-fleet,scrapy_pipeline,AccessControlDetected,paywall=False login=False captcha=True,2026-05-18 13:07:15.576778
c13135a8-9b81-43a2-8236-b4974d6595c2,twse_com_tw,https://www.twse.com.tw/en/products/colo/colo.html,scrapy_pipeline,NotToday,published_at outside target calendar window,2026-05-18 13:07:15.708234
d81feff9-3ba5-4e68-825c-1c1df1a35621,theguardian_com,https://www.theguardian.com/politics/2026/may/18/uk-ambassador-japan-corin-robertson-mandelson-inquiry,scrapy_pipeline,AccessControlDetected,paywall=False login=False captcha=True,2026-05-18 13:07:15.843669
2f514b0f-438e-4ece-bc17-66a094a68f85,scmp_com,https://www.scmp.com/business/banking-finance/article/3353879/chinese-banks-see-stabilising-margins-resilient-economy-offsets-property-risks-experts?utm_source=rss_feed,scrapy_pipeline,AccessControlDetected,paywall=False login=False captcha=True,2026-05-18 13:07:16.670038
247cb763-d2ea-4777-aaec-5e74d5fca2e9,tuoitre_vn,https://tuoitre.vn/hon-350-tranh-anh-tu-lieu-quy-tai-hien-hanh-trinh-cuu-nuoc-cua-bac-ho-20260518104627448.htm,scrapy_pipeline,AccessControlDetected,paywall=False login=False captcha=True,2026-05-18 13:07:16.861492
d7d4a8e8-ca78-4724-8a99-da551230f128,thanhnien_vn,https://thanhnien.vn/cong-phuong-tai-xuat-ruc-ro-truong-tuoi-dong-nai-len-thang-v-league-nho-be-phong-hagl-185260517112814582.htm,scrapy_pipeline,AccessControlDetected,paywall=False login=False captcha=True,2026-05-18 13:07:17.099937
8401be64-1dc4-44c7-8338-62fb5874bba2,baochinhphu_vn,https://baochinhphu.vn/mo-dai-hung-hoi-sinh-bang-cong-nghe-va-ban-linh-nguoi-dau-khi-10226051811003593.htm,scrapy_pipeline,AccessControlDetected,paywall=False login=False captcha=True,2026-05-18 13:07:17.248847
7ede228e-2a55-4337-a35e-8f001475b384,baochinhphu_vn,https://baochinhphu.vn/bao-tang-thien-nhien-viet-nam-gin-giu-kho-tu-lieu-song-ve-thien-nhien-dat-nuoc-102260518110626271.htm,scrapy_pipeline,AccessControlDetected,paywall=False login=False captcha=True,2026-05-18 13:07:17.397919
3475ff2b-58dd-4a26-90e3-e9efe3cd1bf3,afdb_org,https://www.afdb.org/en/mission-and-strategy,scrapy_pipeline,NotToday,published_at outside target calendar window,2026-05-18 13:07:17.676572
742fd973-246d-429a-ba30-b9046f02f405,boj_or_jp,https://www.boj.or.jp/en/about/account/index.htm,scrapy_pipeline,NotToday,published_at outside target calendar window,2026-05-18 13:07:18.003260
bb9134bc-6302-4872-9157-5cc979dbc18c,news24_com,https://www.news24.com/auth/cta/digitalpublications/true?returnUrl=https%3A%2F%2Fwww.news24.com%2Fepublications,scrapy_pipeline,AccessControlDetected,paywall=False login=False captcha=True,2026-05-18 13:07:18.144756
6e2efb5e-1bbe-4d7c-a74c-602d3b2abf92,imf_org,https://www.imf.org/en/topics/governance-and-anti-corruption,scrapy_pipeline,AccessControlDetected,paywall=False login=False captcha=True,2026-05-18 13:07:18.334876
ae35c318-d65f-4fca-b955-dcc9d8b9b139,cbr_ru,https://www.cbr.ru/eng/RSCI/news/,scrapy_pipeline,NotToday,published_at outside target calendar window,2026-05-18 13:07:18.473625
02d6e84f-941d-4381-aba8-c49b51df0da5,english_www_gov_cn,https://english.www.gov.cn/news/202605/15/content_WS6a071a2ac6d00ca5f9a0aff4.html,scrapy_pipeline,NotToday,published_at outside target calendar window,2026-05-18 13:07:18.589051
3f475fe2-f805-47ac-b5af-9e1e54b899e7,english_mofcom_gov_cn,https://english.mofcom.gov.cn/News/SpokesmansRemarks/art/2026/art_0a02e30929cc4688a8d375ea051802aa.html,scrapy_pipeline,NotToday,published_at outside target calendar window,2026-05-18 13:07:18.775781
c3cd2048-7e24-4d12-ac86-0c6a98ab13f1,csrc_gov_cn,http://www.csrc.gov.cn/csrc/c100024/common_list.shtml,scrapy_pipeline,NotToday,published_at outside target calendar window,2026-05-18 13:07:18.884358
3111b226-a715-4810-89bd-c9f0ad09cc79,ema_europa_eu,https://www.ema.europa.eu/en/veterinary-regulatory-overview,scrapy_pipeline,NotToday,published_at outside target calendar window,2026-05-18 13:07:19.047716
1302a6c5-13d9-40fb-8ead-42fd47e2e9c8,english_news_cn,https://english.news.cn/weekly.htm,scrapy_pipeline,NotToday,published_at outside target calendar window,2026-05-18 13:07:19.154050
65c9eb46-4c0e-404a-a977-779b4c678dcd,ons_gov_uk,https://www.ons.gov.uk/businessindustryandtrade/manufacturingandproductionindustry,scrapy_pipeline,NotToday,published_at outside target calendar window,2026-05-18 13:07:19.351978
9df3c4bd-4395-45e0-8915-c3c4e2ff454b,tadawulgroup_sa,https://www.tadawulgroup.sa/wps/portal/tadawulgroup/invester-relations/corporate-governance?locale=en,scrapy_pipeline,NotToday,published_at outside target calendar window,2026-05-18 13:07:19.639425
c2ece040-3d99-437d-a828-040a7947e0db,moea_gov_tw,https://www.moea.gov.tw/Mns/english/content/ContentMenu.aspx?menu_id=14323,scrapy_pipeline,NotToday,published_at outside target calendar window,2026-05-18 13:07:20.003787
535d98f7-c1fe-406b-9e5d-e4af3fa2fe80,almasryalyoum_com,https://www.almasryalyoum.com/section/index/7,scrapy_pipeline,AccessControlDetected,paywall=False login=False captcha=True,2026-05-18 13:07:20.496108
24616e1f-0834-4ab1-86dc-00a74f26ab42,nytimes_com,https://www.nytimes.com/2026/05/18/opinion/ai-tech-worker-organizing.html,scrapy_pipeline,AccessControlDetected,paywall=False login=False captcha=True,2026-05-18 13:07:20.641225
08a195db-5305-4748-bb62-78562fe29585,agenciadenoticias_ibge_gov_br,https://agenciadenoticias.ibge.gov.br/en/agencia-press-room.html,scrapy_pipeline,HttpError,status=403,2026-05-18 13:07:20.708060
b281e89e-1733-4ca4-826e-c1c2958f2355,motie_go_kr,https://www.motir.go.kr/kor/article/ATCL8552e8f38,scrapy_pipeline,NotToday,published_at outside target calendar window,2026-05-18 13:07:20.931625
602d40a2-eb57-44f5-b1ab-528fe40d1196,tuoitre_vn,https://tuoitre.vn/nhan-vien-y-te-tai-tp-hcm-quang-cao-thuoc-du-phong-hiv-chua-duoc-cap-phep-de-tang-tuong-tac-20260518111249474.htm,scrapy_pipeline,AccessControlDetected,paywall=False login=False captcha=True,2026-05-18 13:07:21.229234
79b6e2f4-202c-44e1-8da1-7ca3523825aa,afdb_org,https://www.afdb.org/pt,scrapy_pipeline,HttpError,status=403,2026-05-18 13:07:21.296334
94d32793-1c18-4bd1-9bad-383f7d4c57e6,imf_org,https://www.imf.org/en/topics/fiscal-policies,scrapy_pipeline,AccessControlDetected,paywall=False login=False captcha=True,2026-05-18 13:07:21.937684
7cf6f445-2a40-4e59-a715-677b8b619f60,boj_or_jp,https://www.boj.or.jp/en/about/boj_law/index.htm,scrapy_pipeline,NotToday,published_at outside target calendar window,2026-05-18 13:07:22.233740
c4587a28-14f9-44ec-a4e8-69f427324ae1,chosun_com,https://www.chosun.com/economy/stock-finance/2026/05/18/GFRGEYRWMI3TQN3EGNRWENTBMM/,scrapy_pipeline,ShortContent,length=0 min=80,2026-05-18 13:07:22.516779
3dd6bd93-e20b-4502-b887-4fbd56859e20,singstat_gov_sg,https://www.singstat.gov.sg/news/singapores-external-trade-apr-2026,scrapy_pipeline,AccessControlDetected,paywall=False login=False captcha=True,2026-05-18 13:07:22.840754
d31b6a9c-20b1-4fe3-9810-70c37d3efa76,csrc_gov_cn,http://www.csrc.gov.cn/csrc/c100023/common_zzjg_list.shtml,scrapy_pipeline,NotToday,published_at outside target calendar window,2026-05-18 13:07:22.982364
3a60c7ab-53c5-4823-b8ba-ffffd05b5be3,cbr_ru,https://www.cbr.ru/eng/insurance/news/,scrapy_pipeline,NotToday,published_at outside target calendar window,2026-05-18 13:07:23.119194
ea38dec2-23f2-43ae-837a-16dc3177f97c,ema_europa_eu,https://www.ema.europa.eu/en/human-regulatory-overview/herbal-medicinal-products,scrapy_pipeline,NotToday,published_at outside target calendar window,2026-05-18 13:07:23.251704
60ea7f65-5ace-422c-821e-e20a47a503ba,almasryalyoum_com,https://www.almasryalyoum.com/section/index/10,scrapy_pipeline,AccessControlDetected,paywall=False login=False captcha=True,2026-05-18 13:07:23.539056
2cb383b5-db0b-49ca-b743-1185c42ba8b2,twse_com_tw,https://www.twse.com.tw/en/about/news/news/list.html,scrapy_pipeline,NotToday,published_at outside target calendar window,2026-05-18 13:07:23.785961
1988467a-9c4e-4fb2-8fb4-c99a11afb5b1,afdb_org,https://www.afdb.org/fr,scrapy_pipeline,NotToday,published_at outside target calendar window,2026-05-18 13:07:23.987035
c9f31da3-d0a8-4ab1-b00a-42f0ac85a601,rnz_co_nz,https://www.rnz.co.nz/news/political,scrapy_pipeline,NotToday,published_at outside target calendar window,2026-05-18 13:07:24.329710
affae0ac-393d-43f6-926c-0d67c085d960,almasryalyoum_com,https://www.almasryalyoum.com/section/index/8,scrapy_pipeline,AccessControlDetected,paywall=False login=False captcha=True,2026-05-18 13:07:24.751791
c64cd670-ee9b-4217-8b0d-8dba9fc80f6e,imf_org,https://www.imf.org/en/topics/digital-payments-and-finance,scrapy_pipeline,AccessControlDetected,paywall=False login=False captcha=True,2026-05-18 13:07:25.333121
71315fc0-d6e0-4c2c-8f95-56a79cd65d47,news24_com,https://www.news24.com/home,scrapy_pipeline,AccessControlDetected,paywall=False login=False captcha=True,2026-05-18 13:07:26.322068
a580c780-54d6-4120-b1b3-97465660a759,fsc_go_kr,https://www.fsc.go.kr/eng/ab040101,scrapy_pipeline,NotToday,published_at outside target calendar window,2026-05-18 13:07:26.463900
d3e94123-0977-4812-9957-d2d688316649,tadawulgroup_sa,https://www.tadawulgroup.sa/wps/portal/tadawulgroup/invester-relations/reports-and-publications?locale=en,scrapy_pipeline,NotToday,published_at outside target calendar window,2026-05-18 13:07:26.716735
08b95fe4-d472-4ed5-9502-d8c2d6fa7e3d,moea_gov_tw,https://www.moea.gov.tw/Mns/English/Home/TextSearch.aspx,scrapy_pipeline,NotToday,published_at outside target calendar window,2026-05-18 13:07:26.903556
204c5be7-8825-490a-b862-a00708c4a6e7,ons_gov_uk,https://www.ons.gov.uk/businessindustryandtrade/internationaltrade,scrapy_pipeline,NotToday,published_at outside target calendar window,2026-05-18 13:07:27.708719
bed6a07e-f0e2-4a9e-940f-60fb5d51d7b6,motie_go_kr,https://www.motir.go.kr/kor/article/ATCLf589e9758,scrapy_pipeline,NotToday,published_at outside target calendar window,2026-05-18 13:07:28.208489
8dbdc2d3-341a-477c-a3c4-8d1f714a3a25,eluniversal_com_mx,https://www.eluniversal.com.mx/tendencias/que-pasa-si-no-lavas-el-plato-de-tu-mascota-los-riesgos-de-salud-que-debes-conocer-de-inmediato/,scrapy_pipeline,AccessControlDetected,paywall=False login=False captcha=True,2026-05-18 13:07:28.413877
aa23fb3f-8338-4bf6-b34d-1bc5ceb80ee4,mof_go_jp,https://www.mof.go.jp/english/about_mof/ministers_profile/index.htm,scrapy_pipeline,NotToday,published_at outside target calendar window,2026-05-18 13:07:29.048076
f13746e2-8fdc-49b2-b073-9bda78509c8b,english_www_gov_cn,https://english.www.gov.cn/news/202605/17/content_WS6a0919d2c6d00ca5f9a0b027.html,scrapy_pipeline,NotToday,published_at outside target calendar window,2026-05-18 13:07:29.167228
c5446744-6eb0-4b99-964a-8c06a918d1b5,twse_com_tw,https://www.twse.com.tw/en/products/education/knowledge.html,scrapy_pipeline,NotToday,published_at outside target calendar window,2026-05-18 13:07:29.294110
399dfc23-fa56-4457-af9d-95ac67f1b65d,imf_org,https://www.imf.org/en/topics/artificial-intelligence,scrapy_pipeline,AccessControlDetected,paywall=False login=False captcha=True,2026-05-18 13:07:29.451008
6a5c6087-53ec-4120-b863-565c179d9a94,english_mofcom_gov_cn,https://english.mofcom.gov.cn/News/SpokesmansRemarks/index.html,scrapy_pipeline,ShortContent,length=24 min=80,2026-05-18 13:07:29.553934
eca4b14d-ac4f-4bb5-9c4e-52e477df795d,english_news_cn,https://english.news.cn/silkroad/index.html,scrapy_pipeline,NotToday,published_at outside target calendar window,2026-05-18 13:07:29.720194
81aec70d-771e-418c-9497-61aace5059e8,almasryalyoum_com,https://www.almasryalyoum.com/section/index/2,scrapy_pipeline,AccessControlDetected,paywall=False login=False captcha=True,2026-05-18 13:07:29.962986
2abd6bfa-cf10-4e59-a54e-c08f2e098ad8,english_news_cn,https://english.news.cn/special/index.htm,scrapy_pipeline,NotToday,published_at outside target calendar window,2026-05-18 13:07:33.528814
3ac34885-a891-4e53-ab26-a044f587b70c,imf_org,https://www.imf.org/en/about/recruitment,scrapy_pipeline,AccessControlDetected,paywall=False login=False captcha=True,2026-05-18 13:07:33.756505
3aede5f5-2149-47ca-9fc4-4e98ba951301,mof_go_jp,https://www.mof.go.jp/english/about_mof/index.html,scrapy_pipeline,NotToday,published_at outside target calendar window,2026-05-18 13:07:33.881436
c97e4730-4fff-4f52-9a97-5041269dcd4e,boj_or_jp,https://www.boj.or.jp/en/about/organization/chart/index.htm,scrapy_pipeline,NotToday,published_at outside target calendar window,2026-05-18 13:07:34.180044
bd27dea7-6f58-4c81-86f2-27ff2341cea4,twse_com_tw,https://www.twse.com.tw/ESG/en/index.html,scrapy_pipeline,NotToday,published_at outside target calendar window,2026-05-18 13:07:34.408737
1210aa11-50da-454f-a81d-37adc4fd11df,ema_europa_eu,https://www.ema.europa.eu/en/human-regulatory-overview/medical-devices,scrapy_pipeline,NotToday,published_at outside target calendar window,2026-05-18 13:07:34.563077
3daee7be-9fc7-4308-a0c5-5d60c1211902,english_www_gov_cn,https://english.www.gov.cn/news,scrapy_pipeline,NotToday,published_at outside target calendar window,2026-05-18 13:07:34.847302
223c70f1-7c71-47ab-b9b5-f9e628a043d6,agenciadenoticias_ibge_gov_br,https://agenciadenoticias.ibge.gov.br/en/agency-home.html,scrapy_pipeline,HttpError,status=403,2026-05-18 13:07:34.941522
c9c51c30-660b-41a6-9735-1c995d74683c,english_mofcom_gov_cn,https://english.mofcom.gov.cn/News/SpokesmansRemarks/art/2026/art_29f372ba6bfc4cde81fd567ea440cc60.html,scrapy_pipeline,NotToday,published_at outside target calendar window,2026-05-18 13:07:35.019981
7a71a2bc-2be7-4d46-bbae-6504ea24e86d,csrc_gov_cn,http://www.csrc.gov.cn/csrc/c100022/zzjg.shtml,scrapy_pipeline,NotToday,published_at outside target calendar window,2026-05-18 13:07:35.118908
6621ab20-9137-46a6-90e6-d34336b8f2f1,afdb_org,https://www.afdb.org/ar,scrapy_pipeline,NotToday,published_at outside target calendar window,2026-05-18 13:07:35.334313
0b9d15fe-a744-42a2-93bb-29c7396a3226,cbr_ru,https://www.cbr.ru/eng/business_reputation/,scrapy_pipeline,NotToday,published_at outside target calendar window,2026-05-18 13:07:35.613162
e3271af4-ef16-4b38-98a4-4ac64cbedb86,almasryalyoum_com,https://www.almasryalyoum.com/section/index/3,scrapy_pipeline,AccessControlDetected,paywall=False login=False captcha=True,2026-05-18 13:07:36.286894
03863a7b-fad0-4a37-a37e-53b4e842a085,meduza_io,https://meduza.io/en/episodes/2026/01/15/historian-william-jay-risch-looks-back-at-euromaidan-and-ukraine-s-road-from-revolutionary-euphoria-to-the-madness-of-war,scrapy_pipeline,AccessControlDetected,paywall=False login=False captcha=True,2026-05-18 13:07:36.396781
294244af-f951-48ac-bdb0-ce4043466f1e,english_mofcom_gov_cn,https://english.mofcom.gov.cn/News/index.html,scrapy_pipeline,NotToday,published_at outside target calendar window,2026-05-18 13:07:36.483373
254f7e90-664f-4199-a601-e70678433ef6,imf_org,https://www.imf.org/en/about/archives,scrapy_pipeline,AccessControlDetected,paywall=False login=False captcha=True,2026-05-18 13:07:36.946113
49a180f7-1583-4323-adfe-747bfa36e248,cnn_com,https://www.cnn.com/2026/05/15/health/ebola-outbreak-deaths-congo,scrapy_pipeline,AccessControlDetected,paywall=False login=False captcha=True,2026-05-18 13:07:37.469780
66885cca-eafc-4143-9d20-26f0392b89a6,agenciadenoticias_ibge_gov_br,https://agenciadenoticias.ibge.gov.br/agencia-rss,scrapy_pipeline,ShortContent,length=0 min=80,2026-05-18 13:07:37.622638
2b0d8e11-e1bd-43f5-aa2b-74b63fa4a4c1,csrc_gov_cn,http://www.csrc.gov.cn/csrc/c100002/c7443811/content.shtml,scrapy_pipeline,NotToday,published_at outside target calendar window,2026-05-18 13:07:38.147873
85914bbb-87bd-4e72-a1f5-c65dd34f8ddc,independent_co_uk,https://www.independent.co.uk/arts-entertainment/tv/news/strictly-come-dancing-josh-widdicombe-b2978430.html,scrapy_pipeline,AccessControlDetected,paywall=False login=False captcha=True,2026-05-18 13:07:38.309007
0d65c025-b12c-4f28-b254-e0e3ac368b99,theguardian_com,https://www.theguardian.com/food/2026/may/18/asparagus-kimchi-spring-tart-recipes-kenji-morimoto,scrapy_pipeline,AccessControlDetected,paywall=False login=False captcha=True,2026-05-18 13:07:38.455900
c75963dd-7ce9-4daa-b65f-aa67e74f9105,ema_europa_eu,https://www.ema.europa.eu/en/human-regulatory-overview/post-authorisation,scrapy_pipeline,NotToday,published_at outside target calendar window,2026-05-18 13:07:38.620810
81422c87-cc5c-4288-b314-291c926bfb5d,ons_gov_uk,https://www.ons.gov.uk/businessindustryandtrade/itandinternetindustry,scrapy_pipeline,NotToday,published_at outside target calendar window,2026-05-18 13:07:39.070575
33686e28-5350-45b5-b324-9b7daec0e6cb,news24_com,https://www.news24.com/life/travel/go,scrapy_pipeline,AccessControlDetected,paywall=False login=False captcha=True,2026-05-18 13:07:39.543511
8c203819-1fa1-42f1-b474-4142fcb1984f,tadawulgroup_sa,https://www.tadawulgroup.sa/wps/portal/tadawulgroup/invester-relations/financial-calendar?locale=en,scrapy_pipeline,NotToday,published_at outside target calendar window,2026-05-18 13:07:39.738990
44e3a180-a44c-4fe6-bcc5-26d74c31019e,english_news_cn,https://english.news.cn/posters/index.htm,scrapy_pipeline,NotToday,published_at outside target calendar window,2026-05-18 13:07:39.879080
449b29f7-2e78-4e49-afba-4bc51799bb32,fsc_go_kr,https://www.fsc.go.kr/eng/ab030101,scrapy_pipeline,NotToday,published_at outside target calendar window,2026-05-18 13:07:40.172886
7909f74a-9ff6-460f-a1e0-f890be27d81a,scmp_com,https://www.scmp.com/sport/basketball/article/3353912/oklahoma-city-thunder-star-shai-gilgeous-alexander-repeats-nba-mvp?utm_source=rss_feed,scrapy_pipeline,AccessControlDetected,paywall=False login=False captcha=True,2026-05-18 13:07:40.533344
622a11f6-de83-4c9b-9bcd-a6176005a791,moea_gov_tw,https://www.moea.gov.tw/Mns/english/news/NewsRSS.aspx?menu_id=1438,scrapy_pipeline,NotToday,published_at outside target calendar window,2026-05-18 13:07:40.654728
ae2ec29c-a9a4-43bd-96c1-1258286009cd,english_www_gov_cn,https://english.www.gov.cn/news/202605/14/content_WS6a056ae7c6d00ca5f9a0af29.html,scrapy_pipeline,NotToday,published_at outside target calendar window,2026-05-18 13:07:40.874681
1c939c3e-8bb9-4c88-821f-d4f031ae7c90,agenciadenoticias_ibge_gov_br,https://agenciadenoticias.ibge.gov.br/en/agency-home.html?lang=en-GB,scrapy_pipeline,HttpError,status=403,2026-05-18 13:07:40.942609
ed38aadd-232a-45ac-a63f-fdf98aac7562,lanacion_com_ar,https://www.lanacion.com.ar/economia/aumentan-hoy-las-tarifas-de-trenes-y-colectivos-de-jurisdiccion-nacional-en-el-amba-nid18052026/,scrapy_pipeline,AccessControlDetected,paywall=False login=False captcha=True,2026-05-18 13:07:41.308550
2cea75b3-88a5-40f3-9dec-81886e86a5c9,csrc_gov_cn,http://www.csrc.gov.cn/csrc/c100002/common_zcnr.shtml,scrapy_pipeline,NotToday,published_at outside target calendar window,2026-05-18 13:07:41.499894
6468f7e3-c06c-4617-bd46-5272e1c125b3,independent_co_uk,https://www.independent.co.uk/sport/football/wayne-rooney-mohamed-salah-liverpool-farewell-b2978421.html,scrapy_pipeline,AccessControlDetected,paywall=False login=False captcha=True,2026-05-18 13:07:41.978000
10965036-1232-4bab-b6e7-a8b0cb1d2d96,ons_gov_uk,https://www.ons.gov.uk/businessindustryandtrade/constructionindustry,scrapy_pipeline,NotToday,published_at outside target calendar window,2026-05-18 13:07:42.282474
7d7c439d-114c-4c27-8799-507c209158f6,ema_europa_eu,https://www.ema.europa.eu/en/human-regulatory-overview/marketing-authorisation,scrapy_pipeline,NotToday,published_at outside target calendar window,2026-05-18 13:07:42.419460
62f27515-3601-4c0e-a2ae-3677209e9ff3,gulfnews_com,https://gulfnews.com/business/energy/philippines-users-urged-to-conserve-electricity-rotational-brownouts-hit-luzon-yellow-alert-up-in-visayas-as-heatwave-plant-outages-line-failures-push-grid-to-the-brink-1.500544205,scrapy_pipeline,AccessControlDetected,paywall=False login=False captcha=True,2026-05-18 13:07:42.642345
db192b0d-6b36-441d-8a52-640925ffe06d,tadawulgroup_sa,https://www.tadawulgroup.sa/wps/portal/tadawulgroup/invester-relations/analystcoverage?locale=en,scrapy_pipeline,NotToday,published_at outside target calendar window,2026-05-18 13:07:43.067914
afe4298d-7de0-4a31-a07f-56abb325cc9f,news24_com,https://www.news24.com/truelove,scrapy_pipeline,AccessControlDetected,paywall=False login=False captcha=True,2026-05-18 13:07:43.469217
71386426-3119-427c-90ef-82210974268d,moea_gov_tw,https://www.moea.gov.tw/Mns/english/content/ContentMenu2.aspx?menu_id=234&sub_menu_id=3395,scrapy_pipeline,NotToday,published_at outside target calendar window,2026-05-18 13:07:43.620854
e8e8114a-bbc4-452a-bd7d-b88104c97aaa,indianexpress_com,https://indianexpress.com/article/legal-news/rajasthan-high-court-denies-bail-fake-fmge-certificate-govt-jobs-10695285/,scrapy_pipeline,AccessControlDetected,paywall=False login=False captcha=True,2026-05-18 13:07:44.006028
edec2020-76a0-4001-a9df-8e6f42d4a7fc,theguardian_com,https://www.theguardian.com/uk-news/2026/may/18/when-your-signal-goes-down-somethings-going-on-life-next-to-a-us-air-base-in-the-uk,scrapy_pipeline,AccessControlDetected,paywall=False login=False captcha=True,2026-05-18 13:07:44.165522
082d6f71-0dad-4c42-a1ca-a0f8f2f3d2a6,cbr_ru,https://www.cbr.ru/eng/counteraction_m_ter/,scrapy_pipeline,NotToday,published_at outside target calendar window,2026-05-18 13:07:44.792972
9d51734f-0484-4fb9-a275-d125508b7835,lanacion_com_ar,https://www.lanacion.com.ar/opinion/carta-de-lectores/cartas-de-lectores-buscar-una-solucion-universidad-paga-tasas-muncipales-nid18052026/,scrapy_pipeline,AccessControlDetected,paywall=False login=False captcha=True,2026-05-18 13:07:45.012655
077b7050-a2fb-47c1-a465-c7431a5196fc,scmp_com,https://www.scmp.com/magazines/style/luxury/jewellery/article/3353690/style-edit-christies-hong-kong-luxury-week-features-jadeite-masterpiece?utm_source=rss_feed,scrapy_pipeline,AccessControlDetected,paywall=False login=False captcha=True,2026-05-18 13:07:45.229078
0833dba4-eb5a-4194-9f97-57fb896ed9fc,boj_or_jp,https://www.boj.or.jp/en/about/organization/tanto.htm,scrapy_pipeline,NotToday,published_at outside target calendar window,2026-05-18 13:07:45.378892
acb11a57-1d7d-47c0-9e66-63d80681d63a,indianexpress_com,https://indianexpress.com/article/cities/mumbai/maharashtra-legislative-council-elections-2026-june-18-polls-10695287/,scrapy_pipeline,AccessControlDetected,paywall=False login=False captcha=True,2026-05-18 13:07:46.057653
45626c9c-c22b-4751-96c8-41ac8fde13e8,cbr_ru,https://www.cbr.ru/eng/inside/,scrapy_pipeline,NotToday,published_at outside target calendar window,2026-05-18 13:07:46.233398
7f8b5f10-2ab5-4ccf-8496-3868dc08de0a,imf_org,https://www.imf.org/en/about/timeline,scrapy_pipeline,AccessControlDetected,paywall=False login=False captcha=True,2026-05-18 13:07:46.337673
f73022f4-002d-4c0e-b2ad-e7059fcc098f,ema_europa_eu,https://www.ema.europa.eu/en/human-regulatory-overview/research-development,scrapy_pipeline,NotToday,published_at outside target calendar window,2026-05-18 13:07:46.643631
18d43f39-b60c-4ca2-b566-bca682a6c915,agenciadenoticias_ibge_gov_br,https://agenciadenoticias.ibge.gov.br/agencia-home.html?lang=pt-BR,scrapy_pipeline,NotToday,published_at outside target calendar window,2026-05-18 13:07:46.788416
a36d759e-3d92-4207-bad6-dc966a8df6e3,theguardian_com,https://www.theguardian.com/commentisfree/2026/may/18/reform-uk-neighbours-immigration-ethnic-minorities,scrapy_pipeline,AccessControlDetected,paywall=False login=False captcha=True,2026-05-18 13:07:46.941808
d425405a-7766-470c-9c36-9093ca7f2e5f,csrc_gov_cn,http://www.csrc.gov.cn/csrc/c106426/ldjj.shtml,scrapy_pipeline,NotToday,published_at outside target calendar window,2026-05-18 13:07:47.084947
0c96e7dc-6b6d-4a23-8b05-6aa99e756adc,baochinhphu_vn,https://baochinhphu.vn/truc-tiep-toi-nay-18-5-cong-bo-nghi-quyet-cua-quoc-hoi-ve-viec-thanh-lap-thanh-pho-dong-nai-10226051810415785.htm,scrapy_pipeline,AccessControlDetected,paywall=False login=False captcha=True,2026-05-18 13:07:47.416141
9972bb22-93dc-41e7-9d0c-be51f03972c2,gulfnews_com,https://gulfnews.com/world/asia/india/watch-flamingos-turn-navi-mumbai-wetlands-pink-1.500544210,scrapy_pipeline,AccessControlDetected,paywall=False login=False captcha=True,2026-05-18 13:07:47.698613
3d48b9fb-047c-4d75-ad05-73a09a3e82dd,boj_or_jp,https://www.boj.or.jp/en/about/organization/policyboard/index.htm,scrapy_pipeline,NotToday,published_at outside target calendar window,2026-05-18 13:07:48.433989
944a6633-b878-4c4e-bd53-6ee5debc6122,nytimes_com,https://www.nytimes.com/2026/05/17/world/africa/what-to-know-ebola-africa.html,scrapy_pipeline,AccessControlDetected,paywall=False login=False captcha=True,2026-05-18 13:07:49.138329
7e9591c2-1c78-4e85-a59a-2a6019b8817c,independent_co_uk,https://www.independent.co.uk/bulletin/news/duchy-of-cornwall-prince-william-sale-b2978479.html,scrapy_pipeline,AccessControlDetected,paywall=False login=False captcha=True,2026-05-18 13:07:49.255685
72873a48-f815-44b9-b505-8ff822867cb9,scmp_com,https://www.scmp.com/magazines/style/lifestyle/design/article/3353706/style-edit-hermes-reimagines-its-elements-store-myth-and-movement?utm_source=rss_feed,scrapy_pipeline,AccessControlDetected,paywall=False login=False captcha=True,2026-05-18 13:07:49.474275
9d191688-c8ae-42c6-9526-f0f3aedd1b0b,mof_go_jp,https://www.mof.go.jp/english/policy/national_property/index.html,scrapy_pipeline,NotToday,published_at outside target calendar window,2026-05-18 13:07:51.571268
7cb8117e-a8b7-4da1-acc9-324060b24f2f,independent_co_uk,https://www.independent.co.uk/arts-entertainment/films/news/patrick-bruel-denies-sexual-assault-allegations-france-b2978413.html,scrapy_pipeline,AccessControlDetected,paywall=False login=False captcha=True,2026-05-18 13:07:51.851252
a4fedc53-f33e-40e9-854e-3e4a93684fd0,indianexpress_com,https://indianexpress.com/article/legal-news/delhi-high-court-army-officer-confidential-report-promotion-10695304/,scrapy_pipeline,AccessControlDetected,paywall=False login=False captcha=True,2026-05-18 13:07:52.288226
6623831d-b390-4fe3-88c0-1a4e2b567338,theguardian_com,https://www.theguardian.com/fashion/gallery/2026/may/18/ralph-lauren-catwalk-book-pictures-bridget-foley,scrapy_pipeline,AccessControlDetected,paywall=False login=False captcha=True,2026-05-18 13:07:52.520559
c2f2b1c8-0977-457d-8511-c07790b69aed,imf_org,https://www.imf.org/en/about/senior-officials,scrapy_pipeline,AccessControlDetected,paywall=False login=False captcha=True,2026-05-18 13:07:52.787302
c49836a2-8488-407b-abb4-8222d9e32f01,csrc_gov_cn,http://www.csrc.gov.cn/csrc/c106441/ldjj.shtml,scrapy_pipeline,NotToday,published_at outside target calendar window,2026-05-18 13:07:52.896242
4fbcab46-9f19-4055-bd86-7d0082c338f3,baochinhphu_vn,https://baochinhphu.vn/huong-dan-xu-ly-trung-ma-so-thue-nguoi-phu-thuoc-102260515151110885.htm,scrapy_pipeline,AccessControlDetected,paywall=False login=False captcha=True,2026-05-18 13:07:53.086090
b1a20ace-c8f5-4976-be1b-ffa8812ab28f,thanhnien_vn,https://thanhnien.vn/neu-ket-qua-thi-tot-nghiep-thpt-khong-nhu-y-phai-lam-sao-185260517202501703.htm,scrapy_pipeline,AccessControlDetected,paywall=False login=False captcha=True,2026-05-18 13:07:53.258360
46a6258c-73c9-40aa-89f6-d4b565db590e,ema_europa_eu,https://www.ema.europa.eu/en/human-regulatory-overview,scrapy_pipeline,NotToday,published_at outside target calendar window,2026-05-18 13:07:53.415497
c0d3188c-505c-4783-93eb-c31d28fce9f2,boj_or_jp,https://www.boj.or.jp/en/about/organization/index.htm,scrapy_pipeline,NotToday,published_at outside target calendar window,2026-05-18 13:07:53.596162
e30804bc-5c90-4482-b9e5-6705ebd03401,lanacion_com_ar,https://www.lanacion.com.ar/opinion/demografia-el-futuro-de-la-prevision-y-asistencia-social-nid18052026/,scrapy_pipeline,AccessControlDetected,paywall=False login=False captcha=True,2026-05-18 13:07:54.017630
c36fb985-424f-435a-b610-aefd9e8c3b8a,nytimes_com,https://www.nytimes.com/2026/05/18/business/oil-gas-price-iran.html,scrapy_pipeline,AccessControlDetected,paywall=False login=False captcha=True,2026-05-18 13:07:54.165256
eb8960c6-8108-4594-855c-558f1acff287,gulfnews_com,https://gulfnews.com/entertainment/netflixs-the-wonderfools-cha-eun-woo-and-park-eun-bin-crowned-k-drama-couple-of-the-year-in-brilliantly-weird-hit-1.500544186,scrapy_pipeline,AccessControlDetected,paywall=False login=False captcha=True,2026-05-18 13:07:54.372950
acf05b38-cb81-4668-a7df-7f7aca779fd6,scmp_com,https://www.scmp.com/economy/china-economy/article/3353914/chinas-economy-shows-signs-strain-april-iran-war-headwinds-grow?utm_source=rss_feed,scrapy_pipeline,AccessControlDetected,paywall=False login=False captcha=True,2026-05-18 13:07:54.598509
adafbb00-0ddf-4aee-9149-4354e8541c11,motie_go_kr,https://www.motir.go.kr/kor/article/ATCL6fd477428,scrapy_pipeline,NotToday,published_at outside target calendar window,2026-05-18 13:07:54.819619
db9a46de-038a-47f2-b561-0d01d4e2f339,tuoitre_vn,https://tuoitre.vn/tp-hcm-se-hinh-thanh-it-nhat-5-trung-tam-nghien-cuu-xuat-sac-tiem-can-quoc-te-20260518103118684.htm,scrapy_pipeline,AccessControlDetected,paywall=False login=False captcha=True,2026-05-18 13:07:56.030480
e11f0bd6-da07-473c-88bf-42c2b468daa8,tuoitre_vn,https://tuoitre.vn/cao-diem-6-000-luot-kham-ngay-benh-vien-mat-tp-hcm-ha-nhiet-qua-tai-nho-hai-co-so-moi-20260518085802867.htm,scrapy_pipeline,AccessControlDetected,paywall=False login=False captcha=True,2026-05-18 13:07:56.301102
65c43d67-4675-4fbb-9ab5-840d89e8e4b5,thanhnien_vn,https://thanhnien.vn/7000-tan-rac-ton-dong-nguy-co-thanh-diem-nong-moi-truong-o-lam-dong-185260518115845301.htm,scrapy_pipeline,AccessControlDetected,paywall=False login=False captcha=True,2026-05-18 13:07:56.494829
562f420e-fc53-4eca-82a6-0e859e8a9921,gulfnews_com,https://gulfnews.com/lifestyle/hiit-isnt-a-quick-fix-for-fat-loss-uae-trainers-explain-injury-risks-and-what-you-should-do-instead-1.500543803,scrapy_pipeline,AccessControlDetected,paywall=False login=False captcha=True,2026-05-18 13:07:56.854717
ce036078-3747-4fb1-9d60-9d61c6326092,imf_org,https://www.imf.org/en/data/imf-finances/quarterly-financial-statements,scrapy_pipeline,AccessControlDetected,paywall=False login=False captcha=True,2026-05-18 13:07:56.995018
2d263961-b99d-4175-af64-5fab4b974383,cbr_ru,https://www.cbr.ru/eng/protection_rights/,scrapy_pipeline,NotToday,published_at outside target calendar window,2026-05-18 13:07:57.348292
f60793c5-0a6a-40df-b371-e814418cdcee,english_www_gov_cn,https://english.www.gov.cn/news/202605/15/content_WS6a06b69bc6d00ca5f9a0afb0.html,scrapy_pipeline,NotToday,published_at outside target calendar window,2026-05-18 13:07:57.461699
d8630390-57ba-499d-a9f0-f5736677a8ef,afdb_org,https://www.afdb.org/en/rss-feeds,scrapy_pipeline,HttpError,status=403,2026-05-18 13:07:57.620529
1eb70bcc-919c-4052-8e96-bc93f6afcd73,csrc_gov_cn,http://www.csrc.gov.cn/csrc/c106404/ldjj.shtml,scrapy_pipeline,NotToday,published_at outside target calendar window,2026-05-18 13:07:57.885146
29d3a50f-9498-4984-a01d-b3653cf9ffa4,baochinhphu_vn,https://baochinhphu.vn/de-xuat-nhieu-diem-moi-trong-tuyen-sinh-va-dao-tao-sau-dai-hoc-102260518090950469.htm,scrapy_pipeline,AccessControlDetected,paywall=False login=False captcha=True,2026-05-18 13:07:58.071028
a2c2fcc7-d010-4ea5-9a63-84fa2eb9483d,theaustralian_com_au,https://www.theaustralian.com.au/sitemap.xml?yyyy=2026&mm=05&dd=18,scrapy_fetch,FetchError,IgnoreRequest('Forbidden by robots.txt'),2026-05-18 13:07:58.330965
13200c86-bf7c-4ece-bd38-cfac4cfaf2a0,wsj_com,https://www.wsj.com/wsjsitemaps/wsj_google_news.xml,scrapy_fetch,FetchError,IgnoreRequest('Forbidden by robots.txt'),2026-05-18 13:07:58.564492
ce11aae2-8f94-4859-9460-63185af7cf17,tadawulgroup_sa,https://www.tadawulgroup.sa/wps/portal/tadawulgroup/invester-relations/share-information?locale=en,scrapy_pipeline,NotToday,published_at outside target calendar window,2026-05-18 13:07:58.767755
90d38c81-b9f1-4be1-9a1e-9f2a8296aece,boj_or_jp,https://www.boj.or.jp/en/about/outline/imes_archive/index.htm,scrapy_pipeline,NotToday,published_at outside target calendar window,2026-05-18 13:07:58.958914
fcfe0aef-b1a3-4e10-9ac0-ee66c8bd7de7,ons_gov_uk,https://www.ons.gov.uk/businessindustryandtrade/changestobusiness,scrapy_pipeline,NotToday,published_at outside target calendar window,2026-05-18 13:07:59.119583
adeeb5a1-4177-4b72-96d5-5f8bf6290bf2,english_www_gov_cn,https://english.www.gov.cn/headlines,scrapy_pipeline,NotToday,published_at outside target calendar window,2026-05-18 13:07:59.414927
14c49cd4-016f-4b67-ab33-55cabb483839,nytimes_com,https://www.nytimes.com/2026/05/18/us/ebola-outbreak-congo-uganda-americans-cdc.html,scrapy_pipeline,AccessControlDetected,paywall=False login=False captcha=True,2026-05-18 13:07:59.567166
0c312e90-3801-4da7-9ed0-1709f6613220,news24_com,https://www.news24.com/drum,scrapy_pipeline,AccessControlDetected,paywall=False login=False captcha=True,2026-05-18 13:07:59.967058
2f7da281-000b-423a-b1b8-93cf4fcd6880,imf_org,https://www.imf.org/en/data/imf-finances,scrapy_pipeline,AccessControlDetected,paywall=False login=False captcha=True,2026-05-18 13:08:00.395412
460a9036-d52b-4cf3-9675-440c40aaa81c,thanhnien_vn,https://thanhnien.vn/toi-nay-cong-bo-nghi-quyet-cua-quoc-hoi-ve-thanh-lap-thanh-pho-dong-nai-185260518133442469.htm,scrapy_pipeline,AccessControlDetected,paywall=False login=False captcha=True,2026-05-18 13:08:00.686208
6528bb4f-2f4f-496f-9dd4-dcf5b347d661,moea_gov_tw,https://www.moea.gov.tw/Mns/english/home/SiteMap.aspx?menu_id=1432,scrapy_pipeline,NotToday,published_at outside target calendar window,2026-05-18 13:08:01.434205
0b5bf990-1785-489a-b5b0-ee5db1f8fedd,news24_com,https://www.news24.com/you,scrapy_pipeline,AccessControlDetected,paywall=False login=False captcha=True,2026-05-18 13:08:01.718249
41798499-0d7c-428d-a817-0e2bb483384a,tuoitre_vn,https://tuoitre.vn/da-nang-cong-bo-34-khu-dat-xay-nha-o-xa-hoi-moi-goi-nha-dau-tu-20260518111146122.htm,scrapy_pipeline,AccessControlDetected,paywall=False login=False captcha=True,2026-05-18 13:08:01.945021
003d7eae-0fec-4c8f-9c0f-22838554ca32,agenciadenoticias_ibge_gov_br,https://agenciadenoticias.ibge.gov.br/pt/agencia-home.html,scrapy_pipeline,HttpError,status=403,2026-05-18 13:08:02.153587
afb9dbac-3f99-4532-a77f-a3f64077e961,ema_europa_eu,https://www.ema.europa.eu/en/medicines/national-registers-authorised-medicines,scrapy_pipeline,NotToday,published_at outside target calendar window,2026-05-18 13:08:02.286989
9f041311-b5fe-42a2-b9e9-21be22a8abfa,cbr_ru,https://www.cbr.ru/eng/information_security/,scrapy_pipeline,NotToday,published_at outside target calendar window,2026-05-18 13:08:02.441414
6b4aa5e6-2778-44e5-9115-3090a9c4d577,afdb_org,https://www.afdb.org/en/general-contacts,scrapy_pipeline,NotToday,published_at outside target calendar window,2026-05-18 13:08:02.677454
50da85a0-3fb3-4e92-a7bf-97b07d642271,baochinhphu_vn,https://baochinhphu.vn/chu-tich-quoc-hoi-tran-thanh-man-doi-moi-cong-tac-lanh-dao-dieu-hanh-va-to-chuc-cong-viec-102260518144907407.htm,scrapy_pipeline,AccessControlDetected,paywall=False login=False captcha=True,2026-05-18 13:08:02.830250
0075e965-4a27-412f-b0d8-841a1e06123d,english_www_gov_cn,https://english.www.gov.cn/news/202605/17/content_WS6a09343dc6d00ca5f9a0b02b.html,scrapy_pipeline,NotToday,published_at outside target calendar window,2026-05-18 13:08:03.037649
f8d6d4e7-a3c8-4bed-9bbb-b4b75fd8dd44,english_news_cn,https://english.news.cn/photo/index.htm,scrapy_pipeline,NotToday,published_at outside target calendar window,2026-05-18 13:08:03.553852
64010acc-874b-4cc8-a749-c90fc0279d70,imf_org,https://www.imf.org/en/about/executive-board/members-quotas,scrapy_pipeline,AccessControlDetected,paywall=False login=False captcha=True,2026-05-18 13:08:03.968137
207b1421-2c7c-4c61-9497-fe6561fdd38b,chinadaily_com_cn,http://www.chinadaily.com.cn/m/chinahealth/rss.xml,scrapy_pipeline,HttpError,status=404,2026-05-18 13:08:04.076018
033e374a-306e-4df4-ab21-9da49aee7458,chosun_com,https://www.chosun.com/english/market-money-en/2026/05/18/IF7P6EMJAREUVG2WFFK6L5DOX4/,scrapy_pipeline,ShortContent,length=0 min=80,2026-05-18 13:08:04.571287
487f092e-309c-4e31-b398-5aaf8438e40e,thejakartapost_com,https://www.thejakartapost.com/paper/todays-paper/images/sitemap.xml,scrapy_pipeline,HttpError,status=404,2026-05-18 13:08:05.009558
a37b0211-1df4-4926-a063-285a6c63b931,english_www_gov_cn,https://english.www.gov.cn/archive/,scrapy_pipeline,NotToday,published_at outside target calendar window,2026-05-18 13:08:06.351195
9af690fe-6692-43b8-a083-b10f8030b5b6,thenationalnews_com,https://www.thenationalnews.com/lifestyle/fashion-beauty/2026/05/18/seven-regional-beauty-brands-designed-for-gulf-heat-humidity-and-skin-tones/,scrapy_pipeline,AccessControlDetected,paywall=False login=False captcha=True,2026-05-18 13:08:07.129728
51d2d23f-b759-4957-a104-0669a9be81a7,imf_org,https://www.imf.org/en/about/how-the-imf-supports-the-global-economy,scrapy_pipeline,AccessControlDetected,paywall=False login=False captcha=True,2026-05-18 13:08:07.393417
7f48510c-5972-4a58-8680-38612f91432d,eluniversal_com_mx,https://www.eluniversal.com.mx/tendencias/gta-6-que-se-sabe-sobre-el-estreno-del-juego-filtraciones-revelan-nuevos-detalles/,scrapy_pipeline,AccessControlDetected,paywall=False login=False captcha=True,2026-05-18 13:08:07.652322
6864b6e7-9707-46d2-b250-718307ec7281,fsc_go_kr,https://www.fsc.go.kr/eng/ab010101,scrapy_pipeline,NotToday,published_at outside target calendar window,2026-05-18 13:08:07.966290
058f0957-e291-4d86-84d1-05b20882d6f8,mof_go_jp,https://www.mof.go.jp/english/policy/currency/index.html,scrapy_pipeline,NotToday,published_at outside target calendar window,2026-05-18 13:08:08.080212
29b0a82a-7932-4a8d-9e77-b0c06d38156c,english_news_cn,https://english.news.cn/special/qmttt/index.htm,scrapy_pipeline,NotToday,published_at outside target calendar window,2026-05-18 13:08:08.434995
9ade76cb-cef4-4428-8842-3868e5a199a8,english_www_gov_cn,https://english.www.gov.cn/policies/,scrapy_pipeline,NotToday,published_at outside target calendar window,2026-05-18 13:08:08.603922
5dd2198b-6d72-4c77-ab09-afbf87115f99,mof_go_jp,https://www.mof.go.jp/english/policy/exchequer/index.html,scrapy_pipeline,NotToday,published_at outside target calendar window,2026-05-18 13:08:09.503114
8224f359-bd18-4e81-ab31-5bba7a2eeba3,english_news_cn,https://english.news.cn/globalink.htm,scrapy_pipeline,NotToday,published_at outside target calendar window,2026-05-18 13:08:09.833887
0040ae83-44c1-4296-9b46-7d8cc163a212,24h_com_vn,https://www.24h.com.vn/thi-truong-tieu-dung/nuoi-ca-kinh-len-ngoi-o-quang-tri-kiem-ca-tram-trieu-dong-tu-ao-tom-bo-hoang-truoc-day-c52a1760877.html,scrapy_pipeline,AccessControlDetected,paywall=False login=False captcha=True,2026-05-18 13:08:09.995604
c275f70d-73ac-4f96-9dfc-f040890be697,mof_go_jp,https://www.mof.go.jp/english/policy/filp/index.html,scrapy_pipeline,NotToday,published_at outside target calendar window,2026-05-18 13:08:10.912309
005b328f-49e5-409b-9bbc-4e09586f0a17,csrc_gov_cn,http://www.csrc.gov.cn/csrc/c100019/ldjj.shtml,scrapy_pipeline,NotToday,published_at outside target calendar window,2026-05-18 13:08:12.011240
56a9f4db-9831-4f4e-b01f-6abab72f6a7a,twse_com_tw,https://www.twse.com.tw/zh/ETFortune/index,scrapy_pipeline,NotToday,published_at outside target calendar window,2026-05-18 13:08:12.558594
a298294d-96df-44fb-b6aa-3570ec3921fc,cbr_ru,https://www.cbr.ru/eng/fintech/,scrapy_pipeline,NotToday,published_at outside target calendar window,2026-05-18 13:08:12.739187
cf3771ca-04f9-431d-8044-c3bc4cdfd46a,agenciadenoticias_ibge_gov_br,https://agenciadenoticias.ibge.gov.br/agencia-noticias/2012-agencia-de-noticias/noticias/46753-ministro-bruno-moretti-mpo-visita-a-sede-do-ibge-no-rio-de-janeiro,scrapy_pipeline,HttpError,status=403,2026-05-18 13:08:12.832638
1c874c7f-23bc-4133-9bd3-3b62ddb4c1cb,ons_gov_uk,https://www.ons.gov.uk/businessindustryandtrade/business,scrapy_pipeline,NotToday,published_at outside target calendar window,2026-05-18 13:08:13.005538
53d777e5-0de7-4dc0-b068-68529ca15e24,boj_or_jp,https://www.boj.or.jp/en/about/outline/location/map.htm,scrapy_pipeline,NotToday,published_at outside target calendar window,2026-05-18 13:08:13.411392
6cc12706-67d6-42da-a7d6-3cb48c73fac6,tadawulgroup_sa,https://www.tadawulgroup.sa/wps/portal/tadawulgroup/invester-relations/financial-information?locale=en,scrapy_pipeline,NotToday,published_at outside target calendar window,2026-05-18 13:08:13.751213
ef4d3dee-8c1c-4683-8896-b58493ca1a94,ema_europa_eu,https://www.ema.europa.eu/en/medicines/medicines-human-use-under-evaluation,scrapy_pipeline,NotToday,published_at outside target calendar window,2026-05-18 13:08:14.199154
cfeedd4a-c112-45b5-944c-0d1b9b04caaf,meduza_io,https://meduza.io/en/episodes/2026/02/06/what-happens-when-you-drunk-text-the-fbi-about-russian-spies-and-prostitutes-at-4-a-m-the-curious-case-of-nomma-zarubina,scrapy_pipeline,AccessControlDetected,paywall=False login=False captcha=True,2026-05-18 13:08:14.372127
51715047-a918-4627-8c7d-4d5fc574db7f,imf_org,https://www.imf.org/en/about/factsheets,scrapy_pipeline,AccessControlDetected,paywall=False login=False captcha=True,2026-05-18 13:08:14.525413
1bea6d5b-1944-4553-96e1-0f5c031f6fe2,cbc_gov_tw,https://www.cbc.gov.tw/tw/np-317-1.html,scrapy_pipeline,ShortContent,length=0 min=80,2026-05-18 13:08:14.626268
37b9aa77-5f69-47b2-bd74-a86761b62991,mof_go_jp,https://www.mof.go.jp/english/policy/jgbs/index.html,scrapy_pipeline,NotToday,published_at outside target calendar window,2026-05-18 13:08:14.774680
142182f8-c3c6-4e90-9719-8b64d3b4f32a,moea_gov_tw,https://www.moea.gov.tw/Mns/populace/home/Home.aspx,scrapy_pipeline,NotToday,published_at outside target calendar window,2026-05-18 13:08:14.950176
9691a85d-8754-4acb-ab64-fe5891ccb03a,cnn_com,https://www.cnn.com/2026/05/17/politics/irs-doj-trump-fund-billion,scrapy_pipeline,AccessControlDetected,paywall=False login=False captcha=True,2026-05-18 13:08:15.426108
8e57e3f9-ffdc-4746-9ddc-b2b092103f48,csrc_gov_cn,http://www.csrc.gov.cn/csrc/c100010/ldjj.shtml,scrapy_pipeline,NotToday,published_at outside target calendar window,2026-05-18 13:08:15.760107
0d82f1c6-8ba3-4105-8cd3-1f9f7e16c4f3,ons_gov_uk,https://www.ons.gov.uk/businessindustryandtrade,scrapy_pipeline,NotToday,published_at outside target calendar window,2026-05-18 13:08:15.936924
4d867156-14ae-49e9-bc20-91a98e36414b,boj_or_jp,https://www.boj.or.jp/en/about/outline/location/index.htm,scrapy_pipeline,NotToday,published_at outside target calendar window,2026-05-18 13:08:16.129819
6eca08c1-c070-47eb-bfa4-7d045b00f256,tadawulgroup_sa,https://www.tadawulgroup.sa/wps/portal/tadawulgroup/invester-relations/investor-relations?locale=en,scrapy_pipeline,NotToday,published_at outside target calendar window,2026-05-18 13:08:16.354235
30236202-5cc6-416f-b491-fdecb9f283a2,english_www_gov_cn,https://english.www.gov.cn/institutions/,scrapy_pipeline,NotToday,published_at outside target calendar window,2026-05-18 13:08:16.612052
cdfb2011-7cea-47f5-b9cc-5a3a1c182d6e,ema_europa_eu,https://www.ema.europa.eu/en/medicines/what-we-publish-medicines-when,scrapy_pipeline,NotToday,published_at outside target calendar window,2026-05-18 13:08:17.074276
6427e263-53ae-42c3-8984-b4060288372f,independent_co_uk,https://www.independent.co.uk/extras/indybest/fashion-beauty/sun-care-tanning/merit-spf-sunscreen-uniform-b2978484.html,scrapy_pipeline,AccessControlDetected,paywall=False login=False captcha=True,2026-05-18 13:08:17.267499
6b280afb-290b-45b6-8861-246fc2bb6530,theguardian_com,https://www.theguardian.com/lifeandstyle/2026/may/18/a-new-start-after-60-i-dedicated-myself-100-to-saving-soil-and-a-life-of-wild-adventure-began,scrapy_pipeline,AccessControlDetected,paywall=False login=False captcha=True,2026-05-18 13:08:17.824025
600dfabf-984a-4573-85f6-4b84fa366af0,cbr_ru,https://www.cbr.ru/eng/develop/,scrapy_pipeline,NotToday,published_at outside target calendar window,2026-05-18 13:08:18.049884
a77d792b-8fc9-46e1-84e4-087b69250c7e,scmp_com,https://www.scmp.com/magazines/style/fashion/fashion-news/article/3350438/style-edit-brunello-cucinellis-mediterranea-captures-sicilian-summer-elegance?utm_source=rss_feed,scrapy_pipeline,AccessControlDetected,paywall=False login=False captcha=True,2026-05-18 13:08:18.298478
5df8ef2b-2211-4878-a346-bdbf8d660f25,imf_org,https://www.imf.org/en/about/factsheets/imf-capacity-development,scrapy_pipeline,AccessControlDetected,paywall=False login=False captcha=True,2026-05-18 13:08:18.556078
f9a1cf0c-fdc4-4066-8674-f8381a6bfacb,cbc_gov_tw,https://www.cbc.gov.tw/tw/sp-opma-form-1.html,scrapy_pipeline,AccessControlDetected,paywall=False login=False captcha=True,2026-05-18 13:08:18.707701
0cbf8f4e-a7fd-4258-b0d3-15b3849258cb,indianexpress_com,https://indianexpress.com/article/technology/science/venus-crescent-moon-sunset-how-to-watch-10695363/,scrapy_pipeline,AccessControlDetected,paywall=False login=False captcha=True,2026-05-18 13:08:19.593870
09e6ed40-7451-4058-b01b-7fe3f1016564,lanacion_com_ar,https://www.lanacion.com.ar/propiedades/casas-y-departamentos/remodelar-el-bano-y-la-cocina-cuesta-mas-de-us10000-nid11052026/,scrapy_pipeline,AccessControlDetected,paywall=False login=False captcha=True,2026-05-18 13:08:19.854475
938a9d5b-0c05-468d-9b63-4f3e517722ad,boj_or_jp,https://www.boj.or.jp/en/about/outline/history/pre_gov/index.htm,scrapy_pipeline,NotToday,published_at outside target calendar window,2026-05-18 13:08:20.074674
7256b8d5-8f2f-43c2-9134-e6f2fd8b874a,ons_gov_uk,https://www.ons.gov.uk/aboutus,scrapy_pipeline,NotToday,published_at outside target calendar window,2026-05-18 13:08:20.405009
8feb3c70-d0e7-46b9-9987-d777b7729f6b,english_www_gov_cn,https://english.www.gov.cn/news/,scrapy_pipeline,NotToday,published_at outside target calendar window,2026-05-18 13:08:20.571931
7d84f337-9fb5-4067-a797-28b057c7e353,theguardian_com,https://www.theguardian.com/film/2026/may/18/relentless-memory-review-a-vital-oral-history-of-the-plight-of-the-mapuche-people,scrapy_pipeline,AccessControlDetected,paywall=False login=False captcha=True,2026-05-18 13:08:20.962661
31f1502c-445f-4154-8421-51fae9ac04a2,csrc_gov_cn,http://www.csrc.gov.cn/csrc/c106421/ldjj.shtml,scrapy_pipeline,NotToday,published_at outside target calendar window,2026-05-18 13:08:21.081181
5b6733aa-1e70-46f4-8148-0495481548ad,english_news_cn,https://english.news.cn/video/index.htm,scrapy_pipeline,NotToday,published_at outside target calendar window,2026-05-18 13:08:21.220122
c4ef0c3e-f48f-428c-a09b-20bd8c32eb77,twse_com_tw,https://www.twse.com.tw/en/terms/domestic.html,scrapy_pipeline,NotToday,published_at outside target calendar window,2026-05-18 13:08:21.351124
d7288ed4-2248-4829-9e54-a597906b45f6,cbr_ru,https://www.cbr.ru/eng/cash_circulation/,scrapy_pipeline,NotToday,published_at outside target calendar window,2026-05-18 13:08:21.550880
2b979737-0bcc-4bdc-8d3c-293d864fd640,independent_co_uk,https://www.independent.co.uk/news/world/middle-east/iran-us-war-live-trump-hormuz-uae-nuclear-plant-b2978354.html,scrapy_pipeline,AccessControlDetected,paywall=False login=False captcha=True,2026-05-18 13:08:22.341743
feccd133-1229-4bb7-ba9b-5bbada021114,scmp_com,https://www.scmp.com/news/asia/southeast-asia/article/3353917/singapore-softens-approach-first-time-drug-abusers-they-get-younger-and-younger?utm_source=rss_feed,scrapy_pipeline,AccessControlDetected,paywall=False login=False captcha=True,2026-05-18 13:08:22.826547
72ca37d8-92ff-434f-9ee7-8466d5453687,gulfnews_com,https://gulfnews.com/business/energy/how-barakah-nuclear-power-plant-made-the-uae-a-global-clean-energy-leader-1.500544253,scrapy_pipeline,AccessControlDetected,paywall=False login=False captcha=True,2026-05-18 13:08:23.357722
1798c203-0d75-4d2e-8d8f-e31a95058c8e,agenciadenoticias_ibge_gov_br,https://agenciadenoticias.ibge.gov.br/agencia-noticias/2012-agencia-de-noticias/noticias/46766-primeira-semana-da-2-prova-piloto-do-12-censo-agropecuario-florestal-e-aquicola-testa-operacao-e-indica-ajustes-para-a-coleta-nacional,scrapy_pipeline,HttpError,status=403,2026-05-18 13:08:23.632114
7feb6421-eaf5-48ea-8fc2-dbdbbb3adf9c,meduza_io,https://meduza.io/en/episodes/2026/02/12/russia-has-crushed-open-defiance-in-occupied-ukraine-scholar-jade-mcglynn-explains-how-the-resistance-went-underground-to-survive,scrapy_pipeline,AccessControlDetected,paywall=False login=False captcha=True,2026-05-18 13:08:23.899800
8ab2ccd9-662f-4b8f-a27b-1a2ca3ecfa6e,indianexpress_com,https://indianexpress.com/article/sports/cricket/ms-dhoni-turn-up-chepauk-unlikely-play-vs-srh-10695432/,scrapy_pipeline,AccessControlDetected,paywall=False login=False captcha=True,2026-05-18 13:08:24.119930
f4de723a-5989-456d-9bd6-18a89d5b91d1,gulfnews_com,https://gulfnews.com/gn-focus/mastercard-strengthens-uae-sme-ecosystem-1.500544265,scrapy_pipeline,AccessControlDetected,paywall=False login=False captcha=True,2026-05-18 13:08:24.465011
1221dd2d-35f0-4cbf-8093-8affd1596f7d,baochinhphu_vn,https://baochinhphu.vn/bi-thu-thanh-uy-tphcm-trao-huy-hieu-65-nam-tuoi-dang-cho-nguyen-pho-chu-tich-nuoc-truong-my-hoa-102260518123239877.htm,scrapy_pipeline,AccessControlDetected,paywall=False login=False captcha=True,2026-05-18 13:08:25.089016
8cae1aa2-5025-4f88-bc54-48288cdb0ab1,twse_com_tw,https://www.twse.com.tw/TIB/en/index.html,scrapy_pipeline,NotToday,published_at outside target calendar window,2026-05-18 13:08:25.206136
8a4f37c9-eb90-4443-9b00-4f9679e2afa4,fsc_go_kr,https://www.fsc.go.kr/index,scrapy_pipeline,NotToday,published_at outside target calendar window,2026-05-18 13:08:25.787900
e1d4914a-ce86-45a0-b0a9-d5c41619e636,motie_go_kr,https://www.motir.go.kr/kor/article/ATCL666f8f04a,scrapy_pipeline,NotToday,published_at outside target calendar window,2026-05-18 13:08:26.006952
d05fe61c-1418-41e1-8b01-5148a2b7afca,nytimes_com,https://www.nytimes.com/2026/05/18/world/europe/kylian-mbappe-national-rally-france.html,scrapy_pipeline,AccessControlDetected,paywall=False login=False captcha=True,2026-05-18 13:08:26.144759
b3f2d2b9-23ba-40b0-8009-e8e90f9165f6,independent_co_uk,https://www.independent.co.uk/news/world/europe/norway-chinese-national-arrest-espionage-b2978408.html,scrapy_pipeline,AccessControlDetected,paywall=False login=False captcha=True,2026-05-18 13:08:26.271299
2be1431b-85fa-4b28-b3b5-3b9e89d5946a,lanacion_com_ar,https://www.lanacion.com.ar/revista-lugares/el-pueblo-de-5-mil-habitantes-que-fue-clave-en-la-afirmacion-de-la-soberania-patagonica-nid18052026/,scrapy_pipeline,AccessControlDetected,paywall=False login=False captcha=True,2026-05-18 13:08:26.445935
1587a542-0d92-430e-969e-8a48af6eaa8b,ema_europa_eu,https://www.ema.europa.eu/en/medicines/download-medicine-data,scrapy_pipeline,NotToday,published_at outside target calendar window,2026-05-18 13:08:26.833385
574ddd30-c288-4638-b27c-c6becb067bdd,imf_org,https://www.imf.org/en/about/factsheets/imf-lending,scrapy_pipeline,AccessControlDetected,paywall=False login=False captcha=True,2026-05-18 13:08:27.424562
72e22ffa-2a3c-4a0a-bd1d-c0dcdbcf58ba,theguardian_com,https://www.theguardian.com/technology/2026/may/18/nothing-phone-4a-pro-review-premium-aluminium-quirky-design,scrapy_pipeline,AccessControlDetected,paywall=False login=False captcha=True,2026-05-18 13:08:27.566004
d16d9ace-a74d-4578-b4e8-f41bbfa566d1,baochinhphu_vn,https://baochinhphu.vn/chua-nhan-che-do-khi-tinh-gian-bien-che-duoc-hieu-the-nao-102260518105538518.htm,scrapy_pipeline,AccessControlDetected,paywall=False login=False captcha=True,2026-05-18 13:08:27.732723
beb8dd60-f189-4fe9-aeef-e60039527c8f,thanhnien_vn,https://thanhnien.vn/chuyen-tham-dac-biet-cua-tau-tuan-tra-hai-quan-thai-lan-den-tphcm-185260518134759497.htm,scrapy_pipeline,AccessControlDetected,paywall=False login=False captcha=True,2026-05-18 13:08:27.895311
0b726560-3fcc-4647-9ceb-e5ad6fb604cc,motie_go_kr,https://www.motir.go.kr/kor/article/ATCL064d77701,scrapy_pipeline,NotToday,published_at outside target calendar window,2026-05-18 13:08:28.243387
d77799c5-e7e0-4fe8-9aa2-47b231cedbc4,csrc_gov_cn,http://www.csrc.gov.cn/csrc/c100003/tz.shtml,scrapy_pipeline,ShortContent,length=0 min=80,2026-05-18 13:08:28.511296
557bb732-77f2-4a02-8020-9c36b442ee68,ons_gov_uk,https://www.ons.gov.uk/news,scrapy_pipeline,NotToday,published_at outside target calendar window,2026-05-18 13:08:28.905557
227a8049-bde4-4b92-a382-3e6abba716fe,scmp_com,https://www.scmp.com/news/china/science/article/3353910/china-unveils-worlds-first-titanium-copper-medical-implant-designed-cut-infection-risk?utm_source=rss_feed,scrapy_pipeline,AccessControlDetected,paywall=False login=False captcha=True,2026-05-18 13:08:29.064531
492a3ee2-a1b2-4c0a-b306-909000ad85e2,indianexpress_com,https://indianexpress.com/article/world/us-news/donald-trump-nuclear-comments-truth-social-posting-spree-10695049/,scrapy_pipeline,AccessControlDetected,paywall=False login=False captcha=True,2026-05-18 13:08:29.479867
f4eb45f2-79f2-42f9-b23e-9099192804c8,boj_or_jp,https://www.boj.or.jp/en/about/outline/history/index.htm,scrapy_pipeline,NotToday,published_at outside target calendar window,2026-05-18 13:08:29.735390
3cf7b8b7-497f-4260-9c60-c9559d6776ba,news24_com,https://www.news24.com/drum/news,scrapy_pipeline,AccessControlDetected,paywall=False login=False captcha=True,2026-05-18 13:08:29.942878
18e6a057-0d8b-4023-bb64-82dfd1624bad,lanacion_com_ar,https://www.lanacion.com.ar/espectaculos/rating-cuanto-midio-la-gala-de-eliminacion-de-gran-hermano-nid18052026/,scrapy_pipeline,AccessControlDetected,paywall=False login=False captcha=True,2026-05-18 13:08:30.090191
675a8754-61f0-46a4-b6b5-2f10e413b04e,tadawulgroup_sa,https://www.tadawulgroup.sa/wps/portal/tadawulgroup/portfolio/wamid?locale=en,scrapy_pipeline,NotToday,published_at outside target calendar window,2026-05-18 13:08:30.406859
9301b552-83a1-4086-a5d4-1305057840a2,tuoitre_vn,https://tuoitre.vn/hyundai-santa-fe-2027-co-ban-dien-sac-bang-xang-do-day-binh-co-the-chay-thang-ha-noi-tp-hcm-20260518093948711.htm,scrapy_pipeline,AccessControlDetected,paywall=False login=False captcha=True,2026-05-18 13:08:30.671729
5d664782-59b4-4fcb-a1e8-9f2d188035fc,cbr_ru,https://www.cbr.ru/eng/Psystem/,scrapy_pipeline,NotToday,published_at outside target calendar window,2026-05-18 13:08:30.819462
d6a8636f-c4e4-44e6-9b9c-1a13b113d66c,gulfnews_com,https://gulfnews.com/sport/aussie-legend-ricky-ponting-left-shattered-by-ipl-1.500544269,scrapy_pipeline,AccessControlDetected,paywall=False login=False captcha=True,2026-05-18 13:08:31.103431
68a2dc67-bea4-4b89-be8f-25e59da81efc,thanhnien_vn,https://thanhnien.vn/carlsberg-viet-nam-ghi-dau-an-voi-nhung-ghi-nhan-uy-tin-trong-nuoc-va-quoc-te-185260518142345219.htm,scrapy_pipeline,AccessControlDetected,paywall=False login=False captcha=True,2026-05-18 13:08:31.274701
a9313b6f-6385-401c-81e7-e913222ffd22,agenciadenoticias_ibge_gov_br,https://agenciadenoticias.ibge.gov.br/agencia-noticias/2012-agencia-de-noticias/noticias/46747-setor-de-servicos-recua-1-2-com-destaque-para-transportes,scrapy_pipeline,HttpError,status=403,2026-05-18 13:08:31.353996
4de7cdbd-d34e-4190-a540-582f4418f897,tuoitre_vn,https://tuoitre.vn/bi-thu-nhieu-loc-nhan-huan-chuong-lao-dong-hang-3-phuong-xuan-hoa-co-khong-gian-bac-tren-mang-20260518112335287.htm,scrapy_pipeline,AccessControlDetected,paywall=False login=False captcha=True,2026-05-18 13:08:33.200818
d170d16c-9fe9-451d-a71b-6b2e16a4a126,twse_com_tw,https://www.twse.com.tw/en/search.html,scrapy_pipeline,NotToday,published_at outside target calendar window,2026-05-18 13:08:33.531629
bfeb12fe-fec9-4c64-9dff-da2f010be7fd,ema_europa_eu,https://www.ema.europa.eu/en/medicines/therapeutic-areas-latest-updates,scrapy_pipeline,NotToday,published_at outside target calendar window,2026-05-18 13:08:33.644219
248b047b-9289-4b57-9a86-b65541510ac0,imf_org,https://www.imf.org/en/about/factsheets/imf-surveillance,scrapy_pipeline,AccessControlDetected,paywall=False login=False captcha=True,2026-05-18 13:08:33.779639
617a763b-4c9d-4d07-97e2-7831bd54a00e,theguardian_com,https://www.theguardian.com/global-development/2026/may/18/gaza-cement-dual-use-israeli-ban-recycling-rubble-reconstruction,scrapy_pipeline,AccessControlDetected,paywall=False login=False captcha=True,2026-05-18 13:08:34.017783
e986abc1-9fb0-4dd6-a763-ca94c84e6349,independent_co_uk,https://www.independent.co.uk/sport/betting-sign-up-offers-and-free-bets-b2581138.html,scrapy_pipeline,AccessControlDetected,paywall=False login=False captcha=True,2026-05-18 13:08:34.460646
58650d5b-a394-47b8-a418-52357018367b,mof_go_jp,https://www.mof.go.jp/english/pri/index.htm,scrapy_pipeline,NotToday,published_at outside target calendar window,2026-05-18 13:08:34.685092
4cef6807-d1b8-4d9d-8e35-32f3273bb398,baochinhphu_vn,https://baochinhphu.vn/to-chuc-thi-tot-nghiep-thpt-va-tuyen-sinh-dai-hoc-nam-2026-theo-huong-giu-on-dinh-giam-ap-luc-giam-chi-phi-102260518130342525.htm,scrapy_pipeline,AccessControlDetected,paywall=False login=False captcha=True,2026-05-18 13:08:34.846888
270630ee-5f4f-431b-9388-bd13fb724bb7,csrc_gov_cn,http://www.csrc.gov.cn/csrc/jggk/index.shtml,scrapy_pipeline,NotToday,published_at outside target calendar window,2026-05-18 13:08:34.964266
ec6b3c49-466d-48d2-8b21-4d2c18e48ee1,indianexpress_com,https://indianexpress.com/article/cities/mumbai/air-india-strike-flight-grounded-in-mumbai-airport-passengers-wait-inside-aircraft-10695093/,scrapy_pipeline,AccessControlDetected,paywall=False login=False captcha=True,2026-05-18 13:08:35.294334
60373105-08f4-423a-8cfc-e9d950724cb4,cbr_ru,https://www.cbr.ru/eng/finstab/,scrapy_pipeline,NotToday,published_at outside target calendar window,2026-05-18 13:08:35.443873
0fb3b798-45a8-4ad5-9812-7ed1481952be,ons_gov_uk,https://www.ons.gov.uk/methodology,scrapy_pipeline,NotToday,published_at outside target calendar window,2026-05-18 13:08:35.630689
a0133e09-a025-4846-97aa-35db90f39a09,news24_com,https://www.news24.com/you/news,scrapy_pipeline,AccessControlDetected,paywall=False login=False captcha=True,2026-05-18 13:08:35.991970
0257f89f-8251-4e47-85cc-3cbefc704ea0,tadawulgroup_sa,https://www.tadawulgroup.sa/wps/portal/tadawulgroup/portfolio/muqassa?locale=en,scrapy_pipeline,NotToday,published_at outside target calendar window,2026-05-18 13:08:36.232130
597a3f12-dc99-422b-ad87-b5ff5a099c53,theguardian_com,https://www.theguardian.com/books/2026/may/18/smallie-by-eden-mckenzie-goddard-review-the-stories-behind-the-windrush-scandal,scrapy_pipeline,AccessControlDetected,paywall=False login=False captcha=True,2026-05-18 13:08:36.412119
88a0d657-a017-4c15-9839-63b450ae70ad,boj_or_jp,https://www.boj.or.jp/en/about/outline/index.htm,scrapy_pipeline,NotToday,published_at outside target calendar window,2026-05-18 13:08:36.622912
70e02329-24a9-4371-8e02-079bb0644e49,twse_com_tw,https://www.twse.com.tw/jp/,scrapy_pipeline,NotToday,published_at outside target calendar window,2026-05-18 13:08:36.837704
15b31eff-529e-46fc-bdbf-9a7c9f68f5e0,thanhnien_vn,https://thanhnien.vn/khi-dinh-bac-chiu-ha-cai-toi-vi-clb-cahn-185260518140442173.htm,scrapy_pipeline,AccessControlDetected,paywall=False login=False captcha=True,2026-05-18 13:08:37.108839
e8e35f22-86d4-42eb-a4be-1c35726aa5b0,gulfnews_com,https://gulfnews.com/business/aviation/emirates-to-create-thousands-of-jobs-with-51bn-mega-engineering-hub-in-dubai-south-1.500544292,scrapy_pipeline,AccessControlDetected,paywall=False login=False captcha=True,2026-05-18 13:08:37.323145
2864c350-f18c-42c2-9128-740f9a3899fe,theaustralian_com_au,https://www.theaustralian.com.au/sitemap.xml?yyyy=2026&mm=05&dd=17,scrapy_fetch,FetchError,IgnoreRequest('Forbidden by robots.txt'),2026-05-18 13:08:37.533469
258543bd-de25-4130-a81a-1f2ec0b6d797,wsj_com,https://www.wsj.com/wsj_video_recent.xml,scrapy_fetch,FetchError,IgnoreRequest('Forbidden by robots.txt'),2026-05-18 13:08:37.621790
bc1bb580-528b-4d80-b7d8-e0e6dfcafd61,tuoitre_vn,https://tuoitre.vn/dieu-tra-dau-hieu-vi-pham-tai-mo-cat-bi-to-bom-rua-xuyen-dem-20260518110724494.htm,scrapy_pipeline,AccessControlDetected,paywall=False login=False captcha=True,2026-05-18 13:08:37.841700
a342971f-f1cc-4d57-8204-b6200a2b95fb,ema_europa_eu,https://www.ema.europa.eu/en/medicines,scrapy_pipeline,NotToday,published_at outside target calendar window,2026-05-18 13:08:38.294142
6403b2cc-4d2e-4a56-ba23-f3f79e78395e,imf_org,https://www.imf.org/en/about/factsheets/imf-at-a-glance,scrapy_pipeline,AccessControlDetected,paywall=False login=False captcha=True,2026-05-18 13:08:38.596728
43dec39e-da80-4a57-be3c-9078a626291a,mof_go_jp,https://www.mof.go.jp/english/policy/financial_system/index.html,scrapy_pipeline,NotToday,published_at outside target calendar window,2026-05-18 13:08:38.707023
1f831a5a-a911-4e91-bdb6-030276a9ac99,twse_com_tw,https://www.twse.com.tw/zh/,scrapy_pipeline,NotToday,published_at outside target calendar window,2026-05-18 13:08:38.947518
9cea70a5-7cae-430f-8d0f-4b0c00cabfbd,theguardian_com,https://www.theguardian.com/travel/2026/may/18/montenegro-hotel-designed-for-fitness-and-wellbeing,scrapy_pipeline,AccessControlDetected,paywall=False login=False captcha=True,2026-05-18 13:08:39.093026
33fe8979-d9df-4375-84e4-6ee47696da89,cbr_ru,https://www.cbr.ru/eng/dkp/,scrapy_pipeline,NotToday,published_at outside target calendar window,2026-05-18 13:08:39.584358
cb03496c-c779-43b5-a629-00220a96fa93,agenciadenoticias_ibge_gov_br,https://agenciadenoticias.ibge.gov.br/agencia-noticias/2012-agencia-de-noticias/noticias/46769-ibge-sudene-e-minc-abrem-inscricoes-para-capacitacao-em-dados-aplicados-a-politicas-culturais,scrapy_pipeline,HttpError,status=403,2026-05-18 13:08:39.654998
f1a0c5d5-813c-42fe-a0af-e9f968119b0c,ons_gov_uk,https://www.ons.gov.uk/releasecalendar,scrapy_pipeline,NotToday,published_at outside target calendar window,2026-05-18 13:08:39.899501
29c493e6-3e97-47bf-ad8e-2ffdb67e4ead,mof_go_jp,https://www.mof.go.jp/english/policy/international_policy/index.html,scrapy_pipeline,NotToday,published_at outside target calendar window,2026-05-18 13:08:40.260847
a1684449-5eb1-4d1c-811a-827cb48bda38,boj_or_jp,https://www.boj.or.jp/en/about/index.htm,scrapy_pipeline,NotToday,published_at outside target calendar window,2026-05-18 13:08:40.508334
e5824ab2-ba5f-41e4-bd3b-757d2617c4b8,tadawulgroup_sa,https://www.tadawulgroup.sa/wps/portal/tadawulgroup/invester-relations/investor-relations/!ut/p/z0/04_Sj9CPykssy0xPLMnMz0vMAfIjo8ziTR3NDIw8LAz8LUxDnQwC_byD3EOdPA0NzAz0C7IdFQFOzMCS/?locale=en,scrapy_pipeline,NotToday,published_at outside target calendar window,2026-05-18 13:08:40.874104
e6f659c6-865a-45f1-85ba-d785dcd8b511,news24_com,https://www.news24.com/games,scrapy_pipeline,AccessControlDetected,paywall=False login=False captcha=True,2026-05-18 13:08:41.278940
e0ed932c-9512-4f87-a43d-346a8e9be2ea,baochinhphu_vn,https://baochinhphu.vn/khoa-hoc-xa-hoi-phai-trung-van-de-phuc-vu-truc-tiep-hon-cho-hoach-dinh-chinh-sach-102260518140226818.htm,scrapy_pipeline,AccessControlDetected,paywall=False login=False captcha=True,2026-05-18 13:08:41.442961
a766766b-c3ad-4420-90ff-0353ce836a7f,twse_com_tw,https://www.twse.com.tw/en/report-index.html,scrapy_pipeline,NotToday,published_at outside target calendar window,2026-05-18 13:08:41.565667
bd45ba52-78e1-4d32-90fd-8f276422649d,csrc_gov_cn,http://www.csrc.gov.cn/csrc/index.shtml,scrapy_pipeline,NotToday,published_at outside target calendar window,2026-05-18 13:08:41.845781
2cd347f8-2d04-4295-ba30-2f6751587271,thanhnien_vn,https://thanhnien.vn/lich-cup-nuoc-8-phuong-o-tphcm-tu-toi-nay-den-ngay-225-185260518141934916.htm,scrapy_pipeline,AccessControlDetected,paywall=False login=False captcha=True,2026-05-18 13:08:42.092219
f7ef9cb3-73ce-40c6-8484-86e862bacf95,chosun_com,https://www.chosun.com/sports/baseball/2026/05/18/G4ZWIOLBGE4TSY3GG5SWEZTCME/,scrapy_pipeline,ShortContent,length=0 min=80,2026-05-18 13:08:42.531195
2af6f9bd-3433-4b82-a6e1-287972dc87ef,theguardian_com,https://www.theguardian.com/football/2026/may/18/premier-league-and-fa-cup-final-10-talking-points-from-the-weekends-action,scrapy_pipeline,AccessControlDetected,paywall=False login=False captcha=True,2026-05-18 13:08:42.665010
343a806b-eadd-40c1-a22d-e0ec9f787003,boj_or_jp,https://www.boj.or.jp/,scrapy_pipeline,NotToday,published_at outside target calendar window,2026-05-18 13:08:43.015312
e7ca7e22-e487-49d9-8ac4-823bf06b1b4d,theguardian_com,https://www.theguardian.com/tv-and-radio/2026/may/18/alice-levine-and-greg-james-finally-team-up-best-podcasts-of-the-week,scrapy_pipeline,AccessControlDetected,paywall=False login=False captcha=True,2026-05-18 13:08:43.730147
7edabfc2-b968-4fe0-ae03-43f7aaac8ab2,ons_gov_uk,https://www.ons.gov.uk/cookies,scrapy_pipeline,NotToday,published_at outside target calendar window,2026-05-18 13:08:43.921258
cf6093f5-6814-4c44-a442-2843c7319de3,singstat_gov_sg,https://www.singstat.gov.sg/news/release-of-1q2026-economic-survey-of-singapore,scrapy_pipeline,AccessControlDetected,paywall=False login=False captcha=True,2026-05-18 13:08:44.384851
f9227042-091a-467a-aff2-bb40bdf84c1e,imf_org,https://www.imf.org/en/about,scrapy_pipeline,AccessControlDetected,paywall=False login=False captcha=True,2026-05-18 13:08:44.543184
971693c1-b70f-4110-a3e0-8147c78e6d79,thejakartapost_com,https://www.thejakartapost.com/paper/todays-paper/web/sitemap.xml,scrapy_pipeline,HttpError,status=404,2026-05-18 13:08:44.621664
97bc9d1e-51d6-43d8-a9a7-7a60c46faefc,news24_com,https://www.news24.com/multimedia/podcasts,scrapy_pipeline,AccessControlDetected,paywall=False login=False captcha=True,2026-05-18 13:08:45.219769
14a8dea9-de14-4c0f-85dc-eac9f1e47d7f,tadawulgroup_sa,https://www.tadawulgroup.sa/wps/portal/tadawulgroup/portfolio/edaa?locale=en,scrapy_pipeline,NotToday,published_at outside target calendar window,2026-05-18 13:08:45.449777
0740bd34-629f-49b2-81df-a9facdb7fb6c,tuoitre_vn,https://tuoitre.vn/set-danh-chet-5-con-bo-tren-canh-dong-20260518110122145.htm,scrapy_pipeline,AccessControlDetected,paywall=False login=False captcha=True,2026-05-18 13:08:45.987268
603ec57a-e116-49f1-a173-54c701b644ca,ec_europa_eu,https://ec.europa.eu/digital-building-blocks/sites/display/DIGITAL/sitemap.xml,scrapy_pipeline,HttpError,status=404,2026-05-18 13:08:46.366333
27e4589b-dd78-44d0-a808-385e0780cfb0,apnews_com,https://apnews.com/article/lotteries-eab1556fa1e44739b99b891cd34e6b82,scrapy_pipeline,AccessControlDetected,paywall=False login=False captcha=True,2026-05-18 13:08:47.109033
aee4a753-dbe7-4699-b1cc-652065c77472,meduza_io,https://meduza.io/en/episodes/2026/02/21/russia-s-recruitment-machine-runs-on-cash-and-the-regions-bankrolling-it-are-starting-to-run-out-we-asked-researcher-janis-kluge-how-much-longer-putin-can-avoid-another-mobilization,scrapy_pipeline,AccessControlDetected,paywall=False login=False captcha=True,2026-05-18 13:08:47.817152
ed536223-d364-4f28-b0e7-6e4c388c9d55,csrc_gov_cn,http://www.csrc.gov.cn/csrc_en/index.shtml,scrapy_pipeline,NotToday,published_at outside target calendar window,2026-05-18 13:08:47.935849
1c7f22ef-bdc9-4cef-a983-1af7d5fa36d0,news24_com,https://www.news24.com/multimedia/video,scrapy_pipeline,AccessControlDetected,paywall=False login=False captcha=True,2026-05-18 13:08:48.475148
612595d4-4812-4fb1-9cda-32381485a831,mof_go_jp,https://www.mof.go.jp/english/policy/customs_tariff/index.html,scrapy_pipeline,NotToday,published_at outside target calendar window,2026-05-18 13:08:48.997467
d63a5858-0cb1-494a-b168-abfaad20a93e,theguardian_com,https://www.theguardian.com/australia-news/2026/may/18/pianist-jayson-gillham-cancellation-case-mso-melbourne-symphony-orchestra-court-palestianian-journalists-gaza-ntwnfb,scrapy_pipeline,AccessControlDetected,paywall=False login=False captcha=True,2026-05-18 13:08:49.112050
8c9f737d-fc49-4b9b-b433-69de39ace978,thenationalnews_com,https://www.thenationalnews.com/sport/2026/05/18/nice-guy-aaron-rai-dedicates-us-pga-win-to-wife-and-parents/,scrapy_pipeline,AccessControlDetected,paywall=False login=False captcha=True,2026-05-18 13:08:49.316028
81377934-9d32-4e2b-abf3-50656fe00b29,tadawulgroup_sa,https://www.tadawulgroup.sa/wps/portal/tadawulgroup/portfolio/saudi-exchange?locale=en,scrapy_pipeline,NotToday,published_at outside target calendar window,2026-05-18 13:08:49.575677
f166fb5f-fb8a-45e3-8e42-e12e290c18e9,cbr_ru,https://www.cbr.ru/eng/about_br/,scrapy_pipeline,NotToday,published_at outside target calendar window,2026-05-18 13:08:49.804874
68ea67ad-a341-4c94-a0aa-ea5969e32b4f,mof_go_jp,https://www.mof.go.jp/english/policy/tax_policy/index.html,scrapy_pipeline,NotToday,published_at outside target calendar window,2026-05-18 13:08:50.251945
bcadd03b-1815-43a3-adf5-f6bdeea460ca,eluniversal_com_mx,https://www.eluniversal.com.mx/tendencias/como-reportar-fugas-de-agua-en-la-cdmx-guia-paso-a-paso/,scrapy_pipeline,AccessControlDetected,paywall=False login=False captcha=True,2026-05-18 13:08:50.500811
04d59707-ed9d-4502-acff-d301915f4e0e,ema_europa_eu,https://www.ema.europa.eu/en/committees/committee-advanced-therapies-cat,scrapy_pipeline,NotToday,published_at outside target calendar window,2026-05-18 13:08:54.198734
9a0b638c-032d-4193-95c4-259910e77df4,imf_org,https://www.imf.org/en/live,scrapy_pipeline,AccessControlDetected,paywall=False login=False captcha=True,2026-05-18 13:08:54.640970
138a3ce6-7d6a-4a92-8ad5-c3e95ae83f84,meduza_io,https://meduza.io/en/episodes/2026/02/24/on-the-fourth-anniversary-of-russia-s-invasion-of-ukraine-journalist-lucian-kim-argues-that-a-generational-clash-over-soviet-nostalgia-made-the-war-possible,scrapy_pipeline,AccessControlDetected,paywall=False login=False captcha=True,2026-05-18 13:08:54.754100
7f695b3a-08d1-416c-b561-d590dd767d15,twse_com_tw,https://www.twse.com.tw/en/about/news/news/content.html?8a8216d69dbea9fd019dd888c0a600b9,scrapy_pipeline,NotToday,published_at outside target calendar window,2026-05-18 13:08:54.872096
9aad134d-c4c1-401f-8d46-35c1a7df492f,mof_go_jp,https://www.mof.go.jp/english/policy/budget/index.html,scrapy_pipeline,NotToday,published_at outside target calendar window,2026-05-18 13:08:54.976436
9477dbb6-46d1-488d-852f-466a825aadc9,cbr_ru,https://www.cbr.ru/eng/,scrapy_pipeline,NotToday,published_at outside target calendar window,2026-05-18 13:08:55.234156
e8ccd7f1-c5b3-4a04-a675-a366a366a545,24h_com_vn,https://www.24h.com.vn/cong-nghe-thong-tin/phien-toa-ty-phu-dau-ty-phu-giua-musk-va-altman-c55a1762705.html,scrapy_pipeline,AccessControlDetected,paywall=False login=False captcha=True,2026-05-18 13:08:55.366595
7f1ed0ba-dec5-4da0-a624-3d7fada11ccf,theguardian_com,https://www.theguardian.com/commentisfree/2026/may/18/reform-voters-progressive-post-industrial-northern-england,scrapy_pipeline,AccessControlDetected,paywall=False login=False captcha=True,2026-05-18 13:08:55.495262
beb216f9-6871-40af-9f09-a725db844c0f,tadawulgroup_sa,https://www.tadawulgroup.sa/wps/portal/tadawulgroup/portfolio/our-portfolio?locale=en,scrapy_pipeline,NotToday,published_at outside target calendar window,2026-05-18 13:08:56.122457
e11f30cb-a94a-4e4e-ada5-d933715dba6a,ema_europa_eu,https://www.ema.europa.eu/en/search,scrapy_pipeline,NotToday,published_at outside target calendar window,2026-05-18 13:08:56.404899
790c6595-a820-4aba-a51e-1b65fb7f69c4,twse_com_tw,https://www.twse.com.tw/jp/about/news/news/list.html,scrapy_pipeline,NotToday,published_at outside target calendar window,2026-05-18 13:08:56.541674
381e38a1-3e59-4df2-92e6-03e56af71b1b,mof_go_jp,https://www.mof.go.jp/english/policy/index.html,scrapy_pipeline,NotToday,published_at outside target calendar window,2026-05-18 13:08:56.721854
6d9b0560-6808-40a6-8ed5-2d047e2e03a5,mof_go_jp,https://www.mof.go.jp/english/about_mof/sitemap/index.html,scrapy_pipeline,NotToday,published_at outside target calendar window,2026-05-18 13:08:57.127700
f6730f2c-0f0f-4fab-bba2-501a0fbc6388,ft_com,https://www.ft.com/content/cf762bb4-98dc-454f-bca3-c365d2791d00,scrapy_pipeline,HttpError,status=403,2026-05-18 13:08:57.200662
34d93595-abdc-42ce-942e-52c613ae2353,theguardian_com,https://www.theguardian.com/football/2026/may/18/i-still-cant-believe-it-how-aarhus-went-from-sleeping-giants-to-their-first-title-in-40-years,scrapy_pipeline,AccessControlDetected,paywall=False login=False captcha=True,2026-05-18 13:08:57.322185
86a0103a-e77d-48fc-8ea1-f0bf3860be2f,meduza_io,https://meduza.io/en/feature/2018/05/25/how-meduza-uses-cookies,scrapy_pipeline,AccessControlDetected,paywall=False login=False captcha=True,2026-05-18 13:08:57.474428
d9787950-b6fd-4eb5-99e0-fd76e506d024,imf_org,https://www.imf.org/en/email-subscription/index,scrapy_pipeline,AccessControlDetected,paywall=False login=False captcha=True,2026-05-18 13:08:57.584063
9541052b-b30c-4ea6-8673-9dcad7ae1b41,twse_com_tw,https://www.twse.com.tw/jp/about/news/guests/list.html,scrapy_pipeline,NotToday,published_at outside target calendar window,2026-05-18 13:08:57.684335
8a8f8e8f-47f3-4f47-91f1-a6166919013e,cnn_com,https://www.cnn.com/2026/05/17/politics/national-mall-prayer-event,scrapy_pipeline,AccessControlDetected,paywall=False login=False captcha=True,2026-05-18 13:08:58.210599
28e90d2d-20ba-4f5f-9e58-d028b2e2a27b,mof_go_jp,https://www.mof.go.jp/index.htm,scrapy_pipeline,NotToday,published_at outside target calendar window,2026-05-18 13:08:58.456892
368f75be-ff31-4608-a3f9-63f8a73079e7,cbr_ru,https://www.cbr.ru/,scrapy_pipeline,NotToday,published_at outside target calendar window,2026-05-18 13:08:59.012456
92045a6c-7165-4932-8a39-f40b87afc116,mof_go_jp,https://www.mof.go.jp/english/index.htm,scrapy_pipeline,NotToday,published_at outside target calendar window,2026-05-18 13:08:59.335890
ee8e8e6d-f8d5-4893-b393-ad9c300db8bd,twse_com_tw,https://www.twse.com.tw/en/about/news/news/content.html?8a8216d69dbea9fd019dd8ba2d1900c2,scrapy_pipeline,NotToday,published_at outside target calendar window,2026-05-18 13:08:59.488202
b4c86ec1-d5f1-4db3-9110-f19cc438dd2a,tadawulgroup_sa,https://www.tadawulgroup.sa/wps/portal/tadawulgroup/aboutus/team?locale=en,scrapy_pipeline,NotToday,published_at outside target calendar window,2026-05-18 13:08:59.807086
ed45106e-6238-42b9-b05d-0b40da9ef12b,imf_org,https://www.imf.org/en/news/podcasts,scrapy_pipeline,AccessControlDetected,paywall=False login=False captcha=True,2026-05-18 13:09:00.017508
815d96a5-dff0-4140-8839-c0f257298897,meduza_io,https://meduza.io/en/feature/2018/05/25/how-we-process-your-personal-data-stored-by-meduza,scrapy_pipeline,AccessControlDetected,paywall=False login=False captcha=True,2026-05-18 13:09:00.155930
13d8814c-8f37-40ca-abf1-d15aee2e273a,scmp_com,https://www.scmp.com/lifestyle/entertainment/article/3353915/cannes-2026-paper-tiger-movie-review-adam-driver-scarlett-johansson-lead-dark-mob-tale?utm_source=rss_feed,scrapy_pipeline,AccessControlDetected,paywall=False login=False captcha=True,2026-05-18 13:09:00.395638
d53eff65-3c62-45b2-a317-efb8a14c3512,independent_co_uk,https://www.independent.co.uk/bulletin/news/africomnigeriaisisalmainukiairstrikes-b2978489.html,scrapy_pipeline,AccessControlDetected,paywall=False login=False captcha=True,2026-05-18 13:09:00.671384
63ef392a-398c-4160-aa20-9768c451f5cf,lanacion_com_ar,https://www.lanacion.com.ar/politica/el-gobierno-autorizo-a-la-aerolinea-de-bandera-israeli-a-operar-vuelos-regulares-en-la-argentina-nid18052026/,scrapy_pipeline,AccessControlDetected,paywall=False login=False captcha=True,2026-05-18 13:09:01.799523
9871c362-677e-45bf-bdbe-e2d309d3fc61,theguardian_com,https://www.theguardian.com/lifeandstyle/2026/may/18/is-it-true-that-saunas-can-reduce-your-sperm-count,scrapy_pipeline,AccessControlDetected,paywall=False login=False captcha=True,2026-05-18 13:09:01.921890
4312f746-48ee-4c16-8bb8-1155a176e2a4,indianexpress_com,https://indianexpress.com/article/technology/tech-news-technology/google-no-longer-offer-15gb-free-storage-heres-why-10695412/,scrapy_pipeline,AccessControlDetected,paywall=False login=False captcha=True,2026-05-18 13:09:02.152505
cd4fbda7-5e45-4107-b372-6647715d3f7d,meduza_io,https://meduza.io/en/pages/codex,scrapy_pipeline,AccessControlDetected,paywall=False login=False captcha=True,2026-05-18 13:09:02.378463
1f606af7-8f98-4044-8afa-1998c968c86b,gulfnews_com,https://gulfnews.com/entertainment/dubais-pfl-mena-weekend-gets-star-power-boost-with-mohamed-ramadan-and-bader-al-shuaibi-date-tickets-1.500544300,scrapy_pipeline,AccessControlDetected,paywall=False login=False captcha=True,2026-05-18 13:09:02.581583
fb163d95-c6ec-4109-a48d-e75734da577d,twse_com_tw,https://www.twse.com.tw/en/about/news/news/content.html?8a8216d69dbea9fd019e06f7164c015b,scrapy_pipeline,NotToday,published_at outside target calendar window,2026-05-18 13:09:02.759834
6636d8bf-d2a8-4d72-976b-c0a61cdeca8c,tadawulgroup_sa,https://www.tadawulgroup.sa/wps/portal/tadawulgroup/aboutus/vision?locale=en,scrapy_pipeline,NotToday,published_at outside target calendar window,2026-05-18 13:09:03.122695
89e44ba4-42c1-4899-8955-78b113fc1ca4,theguardian_com,https://www.theguardian.com/football/2026/may/18/energy-passion-and-optimism-how-arteta-created-red-hot-emirates-atmosphere,scrapy_pipeline,AccessControlDetected,paywall=False login=False captcha=True,2026-05-18 13:09:03.242007
3c5d4624-460b-4b6f-805d-8d77000f1f09,mof_go_jp,https://www.mof.go.jp/english/pri/topics/index.htm,scrapy_pipeline,NotToday,published_at outside target calendar window,2026-05-18 13:09:03.422324
235e5e60-6ae7-42bd-875c-7cfd02ff5082,scmp_com,https://www.scmp.com/opinion/letters/article/3353676/hong-kong-must-strengthen-its-banking-system-against-scams?utm_source=rss_feed,scrapy_pipeline,AccessControlDetected,paywall=False login=False captcha=True,2026-05-18 13:09:04.218693
12dd44d3-d8bd-48bd-9cd4-cafc7e7beb17,independent_co_uk,https://www.independent.co.uk/bulletin/news/aung-san-suu-kyi-myanmar-house-arrest-b2978490.html,scrapy_pipeline,AccessControlDetected,paywall=False login=False captcha=True,2026-05-18 13:09:04.348480
a6f51869-aa68-4829-8909-f743a997d38c,baochinhphu_vn,https://baochinhphu.vn/hoc-sinh-lop-4-ischool-ha-tinh-dat-75-ielts-academic-ngay-lan-thi-dau-tien-102260518155034639.htm,scrapy_pipeline,AccessControlDetected,paywall=False login=False captcha=True,2026-05-18 13:09:04.521934
82ac750d-ef9e-4d30-bd15-3c96615c00a3,twse_com_tw,https://www.twse.com.tw/en/about/news/news/content.html?8a8216d69dbea9fd019e20a93db901e0,scrapy_pipeline,NotToday,published_at outside target calendar window,2026-05-18 13:09:04.790602
ec6f2273-630c-48cb-a444-1993a146d8d3,tadawulgroup_sa,https://www.tadawulgroup.sa/wps/portal/tadawulgroup/aboutus/about-us?locale=en,scrapy_pipeline,NotToday,published_at outside target calendar window,2026-05-18 13:09:04.999287
ba20289a-f9d6-4b32-83dc-b3b5a7197606,meduza_io,https://meduza.io/en/news/2026/05/15/moscow-court-orders-belgian-depositary-euroclear-to-pay-massive-damages-to-russia-s-central-bank,scrapy_pipeline,AccessControlDetected,paywall=False login=False captcha=True,2026-05-18 13:09:05.527847
9f4b5895-390c-4058-a048-bd4a618aa895,thanhnien_vn,https://thanhnien.vn/tphcm-cuu-san-phu-bi-nhau-cai-rang-luoc-the-nang-mat-gan-10-lit-mau-1852605181238373.htm,scrapy_pipeline,AccessControlDetected,paywall=False login=False captcha=True,2026-05-18 13:09:05.894380
c3575456-45b8-4f3d-aa84-e5c9eeeec683,independent_co_uk,https://www.independent.co.uk/news/uk/politics/burnham-starmer-streeting-brexit-labour-live-updates-b2978382.html,scrapy_pipeline,AccessControlDetected,paywall=False login=False captcha=True,2026-05-18 13:09:06.108066
dca4e9e0-fb77-4fc5-9159-0ea965a575d3,lanacion_com_ar,https://www.lanacion.com.ar/economia/campo/el-pueblo-que-produce-frutas-tropicales-gracias-a-que-esta-colgado-de-una-sierra-nid18052026/,scrapy_pipeline,AccessControlDetected,paywall=False login=False captcha=True,2026-05-18 13:09:06.291532
35730cad-5456-461d-8e7a-9461176f42e7,scmp_com,https://www.scmp.com/news/asia/east-asia/article/3353919/north-korea-turn-southern-border-impregnable-fortress-against-arch-enemy?utm_source=rss_feed,scrapy_pipeline,AccessControlDetected,paywall=False login=False captcha=True,2026-05-18 13:09:06.486566
fe8fe90f-0056-4407-af2f-a94bbd613313,gulfnews_com,https://gulfnews.com/business/corporate-news/thailand-expands-thai-fruits-food-festival-2026-campaign-through-al-maya-supermarkets-in-the-uae-1.500544329,scrapy_pipeline,AccessControlDetected,paywall=False login=False captcha=True,2026-05-18 13:09:06.710701
0be9426e-b312-48dc-8b82-1c83d0470d39,indianexpress_com,https://indianexpress.com/article/cities/delhi/our-markets-are-empty-gold-loses-glitter-in-delhis-jewellery-hubs-10695441/,scrapy_pipeline,AccessControlDetected,paywall=False login=False captcha=True,2026-05-18 13:09:06.926621
c22177de-7597-48a4-aefd-5f58a93df5cb,tuoitre_vn,https://tuoitre.vn/sinh-vien-lam-tai-lieu-ngon-ngu-ky-hieu-giup-phu-huynh-giao-tiep-voi-tre-diec-20260518112505533.htm,scrapy_pipeline,AccessControlDetected,paywall=False login=False captcha=True,2026-05-18 13:09:07.125195
d7593d58-d8e9-42b1-b157-94f259ef9b6e,indianexpress_com,https://indianexpress.com/article/cities/delhi/police-plug-on-reel-culture-why-10695462/,scrapy_pipeline,AccessControlDetected,paywall=False login=False captcha=True,2026-05-18 13:09:07.429932
af78270e-b4f8-4c04-b3bc-175ecf002a35,imf_org,https://www.imf.org/redirect/?URL=$V&404;https://www.imf.org:443/external/hrd/integrity/index.htm,scrapy_pipeline,ShortContent,length=0 min=80,2026-05-18 13:09:07.784333
178cf7a6-45dc-4473-8820-3c60b59d2995,baochinhphu_vn,https://baochinhphu.vn/chuyen-tu-ung-pho-bi-dong-sang-chu-dong-phong-ngua-trong-phong-chong-thien-tai-nam-2026-102260518144018844.htm,scrapy_pipeline,AccessControlDetected,paywall=False login=False captcha=True,2026-05-18 13:09:07.971577
d569b6c2-dbfa-4c3f-940d-20ba14334da2,gulfnews_com,https://gulfnews.com/business/aviation/uae-travel-update-turkish-airlines-to-resume-istanbuldubai-flights-from-june-8-1.500544345,scrapy_pipeline,AccessControlDetected,paywall=False login=False captcha=True,2026-05-18 13:09:08.166444
a2418db7-79fb-4443-b508-a615ef7b57e4,tadawulgroup_sa,https://www.tadawulgroup.sa/wps/portal/tadawulgroup/aboutus/story?locale=en,scrapy_pipeline,NotToday,published_at outside target calendar window,2026-05-18 13:09:08.392849
6532e320-1908-4ad6-acf2-5911938bd00e,meduza_io,https://meduza.io/en/pages/about,scrapy_pipeline,AccessControlDetected,paywall=False login=False captcha=True,2026-05-18 13:09:08.541591
1bd93996-d204-4df8-8d1a-c705c9d95337,lanacion_com_ar,https://www.lanacion.com.ar/autos/el-secreto-que-evita-que-frenes-de-golpe-en-un-semaforo-nid15052026/,scrapy_pipeline,AccessControlDetected,paywall=False login=False captcha=True,2026-05-18 13:09:08.747797
2e0d52e3-99d3-43e7-aa89-afac38a30102,theguardian_com,https://www.theguardian.com/politics/2026/may/18/keir-starmer-not-setting-out-timetable-departure-david-lammy-andy-burnham-labour,scrapy_pipeline,AccessControlDetected,paywall=False login=False captcha=True,2026-05-18 13:09:09.112631
c7b479e6-10d7-43bb-ad84-21aad07d1f16,independent_co_uk,https://www.independent.co.uk/news/uk/politics/jacob-rees-mogg-conservative-reform-makerfield-burnham-b2978429.html,scrapy_pipeline,AccessControlDetected,paywall=False login=False captcha=True,2026-05-18 13:09:09.317374
90e59889-e41b-4388-abfb-0ae46dab4ae0,meduza_io,https://meduza.io/en/feature/2026/05/15/ukrainian-drones-keep-straying-into-baltic-and-finnish-airspace-after-being-diverted-by-russian-electronic-warfare,scrapy_pipeline,AccessControlDetected,paywall=False login=False captcha=True,2026-05-18 13:09:09.475166
194d3028-dcf0-4cbe-b790-a975808e9f73,thanhnien_vn,https://thanhnien.vn/vu-cuop-o-lang-dh-pha-trong-10-gio-tram-an-ninh-moi-lap-gay-bat-ngo-185260518090459992.htm,scrapy_pipeline,AccessControlDetected,paywall=False login=False captcha=True,2026-05-18 13:09:09.931986
a23b596e-1db5-42a4-9191-99e191271e06,twse_com_tw,https://www.twse.com.tw/en/index.html,scrapy_pipeline,NotToday,published_at outside target calendar window,2026-05-18 13:09:10.153584
17287805-f21b-4429-afe3-8ff7cef9b2ca,twse_com_tw,https://www.twse.com.tw/en/about/news/news/content.html?8a8216d69dbea9fd019e1b59eb4601a4,scrapy_pipeline,NotToday,published_at outside target calendar window,2026-05-18 13:09:10.302017
0b9bf3dc-9019-45c9-8181-a38f210002b3,baochinhphu_vn,https://baochinhphu.vn/pha-chuyen-an-van-chuyen-trai-phep-so-luong-lon-chat-phong-xa-102260518145643394.htm,scrapy_pipeline,AccessControlDetected,paywall=False login=False captcha=True,2026-05-18 13:09:10.469247
295ceb74-f32d-478a-b472-b700b97b3103,meduza_io,https://meduza.io/en/news/2026/05/15/kommersant-reports-general-lapin-may-chair-state-duma-s-defense-committee-in-2024-he-failed-to-defend-russia-s-kursk-region-against-ukrainian-incursion,scrapy_pipeline,AccessControlDetected,paywall=False login=False captcha=True,2026-05-18 13:09:10.677436
620a98a2-274a-4459-a045-535b95a44540,theguardian_com,https://www.theguardian.com/film/2026/may/18/voidance-review,scrapy_pipeline,AccessControlDetected,paywall=False login=False captcha=True,2026-05-18 13:09:10.786633
d2c5f3b7-156b-4311-87a1-c08154b8fbb5,theaustralian_com_au,https://www.theaustralian.com.au/sitemap.xml?yyyy=2026&mm=05&dd=16,scrapy_fetch,FetchError,IgnoreRequest('Forbidden by robots.txt'),2026-05-18 13:09:10.856337
bd636e61-a2ae-47c0-aa99-ce5a36511792,wsj_com,https://www.wsj.com/sitemap_topics.xml,scrapy_fetch,FetchError,IgnoreRequest('Forbidden by robots.txt'),2026-05-18 13:09:10.922182
733e0602-59af-4c1f-9186-06c5609fe4a3,tuoitre_vn,https://tuoitre.vn/su-that-ve-tin-don-mieng-bot-bien-rua-chen-gay-ung-thu-20260518114615229.htm,scrapy_pipeline,AccessControlDetected,paywall=False login=False captcha=True,2026-05-18 13:09:11.256022
39720f71-9e00-4830-a9a7-6e0fe3b27446,tadawulgroup_sa,https://www.tadawulgroup.sa/wps/portal/tadawulgroup/home?locale=ar,scrapy_pipeline,NotToday,published_at outside target calendar window,2026-05-18 13:09:11.461734
38e820f0-89c7-4aff-b028-7eebd0277bdd,scmp_com,https://www.scmp.com/business/china-business/article/3353921/chinese-tech-stocks-shrug-regional-weakness-regain-momentum-after-xi-trump-meeting?utm_source=rss_feed,scrapy_pipeline,AccessControlDetected,paywall=False login=False captcha=True,2026-05-18 13:09:11.751005
2005a54d-3565-4c81-ad34-17ebfc937b2c,lanacion_com_ar,https://www.lanacion.com.ar/sociedad/hay-alerta-amarilla-por-vientos-fuertes-y-frio-extremo-para-este-lunes-18-de-mayo-las-provincias-nid18052026/,scrapy_pipeline,AccessControlDetected,paywall=False login=False captcha=True,2026-05-18 13:09:12.124321
27f5db1c-6645-41e2-bacd-6bc24e2c830c,indianexpress_com,https://indianexpress.com/article/entertainment/television/mouni-roy-husband-suraj-nambiar-dismisses-infidelity-alimony-rumours-amid-divorce-10695421/,scrapy_pipeline,AccessControlDetected,paywall=False login=False captcha=True,2026-05-18 13:09:12.566574
085e149f-7de5-4db7-a066-3feda9d51756,thanhnien_vn,https://thanhnien.vn/cu-soc-tu-loat-nghien-cuu-moi-ve-viec-ai-gay-loan-than-185260518131613079.htm,scrapy_pipeline,AccessControlDetected,paywall=False login=False captcha=True,2026-05-18 13:09:12.815241
7e8a3334-15ca-490e-8a70-4939b85c7fad,tuoitre_vn,https://tuoitre.vn/hcdc-khuyen-cao-dung-de-ap-luc-lam-tre-kiet-suc-trong-mua-thi-20260518113047412.htm,scrapy_pipeline,AccessControlDetected,paywall=False login=False captcha=True,2026-05-18 13:09:13.062675
09dec6cd-3155-445b-878b-545ae7103cab,gulfnews_com,https://gulfnews.com/uae/government/uae-sets-monthly-salary-deadline-for-private-sector-from-june-1-1.500544328,scrapy_pipeline,AccessControlDetected,paywall=False login=False captcha=True,2026-05-18 13:09:13.275765
384d70b1-fb27-482d-8900-26d6f97d1b98,theguardian_com,https://www.theguardian.com/books/2026/may/18/said-the-dead-by-doireann-ni-ghriofa-review-lost-voices-from-an-irish-asylum,scrapy_pipeline,AccessControlDetected,paywall=False login=False captcha=True,2026-05-18 13:09:13.599929
98646a6c-2fe5-4d8a-a452-6b2e84c996c0,thejakartapost_com,https://www.thejakartapost.com/paper/todays-paper/news/sitemap.xml,scrapy_pipeline,HttpError,status=404,2026-05-18 13:09:14.589586
2633002b-cc18-4c99-b89e-fcfedaeaa9a0,meduza_io,https://meduza.io/en/news/2026/05/15/200-000-small-and-medium-sized-businesses-closed-in-russia-in-the-first-quarter-of-2026-experts-cite-falling-demand-and-higher-taxes,scrapy_pipeline,AccessControlDetected,paywall=False login=False captcha=True,2026-05-18 13:09:14.710052
799385ab-2b6c-470e-9a88-f5aeb79acddd,tadawulgroup_sa,https://www.tadawulgroup.sa/wps/portal/tadawulgroup/portfolio/our-portfolio/!ut/p/z0/04_Sj9CPykssy0xPLMnMz0vMAfIjo8ziTR3NDIw8LAz8LULCXA0Cg3ydPA39wgy9PQ31C7IdFQF0CaKj/?locale=en,scrapy_pipeline,NotToday,published_at outside target calendar window,2026-05-18 13:09:15.084704
9923ac2b-3c07-4c92-ad08-33d52471ae3a,vnexpress_net,https://vnexpress.net/khoa-hoc-cong-nghe,scrapy_pipeline,AccessControlDetected,paywall=False login=False captcha=True,2026-05-18 13:09:15.470615
b8006ff0-454a-4977-997b-b4c2634059cc,stats_gov_cn,https://www.stats.gov.cn/english/PressRelease/202604/t20260417_1963356.html,scrapy_pipeline,NotToday,published_at outside target calendar window,2026-05-18 13:09:15.962253
fd0b1c99-fec4-4458-8810-1ddf56319557,chosun_com,https://www.chosun.com/sports/2026/05/18/7W4WZOZLTRDA3P2DFTBRVHUAF4/,scrapy_pipeline,ShortContent,length=0 min=80,2026-05-18 13:09:16.943674
6ffd81de-7093-45cb-82de-9ef4d69c58cd,tuoitre_vn,https://tuoitre.vn/u17-viet-nam-can-chuan-bi-gi-cho-world-cup-20260518100456381.htm,scrapy_pipeline,AccessControlDetected,paywall=False login=False captcha=True,2026-05-18 13:09:17.174690
0744d6a3-5c4d-4289-a893-4b89ec53b89e,stats_gov_cn,https://www.stats.gov.cn/english/PressRelease/202605/t20260512_1963676.html,scrapy_pipeline,NotToday,published_at outside target calendar window,2026-05-18 13:09:17.663877
3a89e49b-3184-4ac1-ba41-9e6868b76c16,thanhnien_vn,https://thanhnien.vn/bao-gao-thung-sua-cung-mua-online-logistics-giao-hang-nang-bat-dau-soi-dong-185260518143257393.htm,scrapy_pipeline,AccessControlDetected,paywall=False login=False captcha=True,2026-05-18 13:09:18.241515
7a376b04-ea31-41ff-98b4-41e9d2790898,thenationalnews_com,https://www.thenationalnews.com/news/mena/2026/05/18/live-us-iran-war-barakah/,scrapy_pipeline,AccessControlDetected,paywall=False login=False captcha=True,2026-05-18 13:09:18.461863
a3092604-3533-4e3a-b178-afd9fe07da9c,singstat_gov_sg,https://www.singstat.gov.sg/find-data/explore-data-themes/trade-investment/merchandise-trade/latest-news-data,scrapy_pipeline,AccessControlDetected,paywall=False login=False captcha=True,2026-05-18 13:09:18.901558
504e2471-61ac-4491-b803-6273af6f5490,theguardian_com,https://www.theguardian.com/football/2026/may/18/world-cup-2026-resale-ticket-prices,scrapy_pipeline,AccessControlDetected,paywall=False login=False captcha=True,2026-05-18 13:09:19.348327
6ba4525a-7c0d-4fc2-8b51-2512c4494ee9,meduza_io,https://meduza.io/en/feature/2026/05/15/russia-s-biggest-nationalist-group-is-funded-by-a-pro-kremlin-analyst-and-a-billionaire-linked-to-the-son-of-a-former-fsb-chief-bbc-investigation-finds,scrapy_pipeline,AccessControlDetected,paywall=False login=False captcha=True,2026-05-18 13:09:19.485538
1e4b6a0e-e864-48bb-9134-e18e642a5e0a,ec_europa_eu,https://ec.europa.eu/eurostat/web/products-eurostat-news/sitemap.xml,scrapy_pipeline,HttpError,status=404,2026-05-18 13:09:19.578982
6f788dba-4fa8-4d08-9b24-9acb3f447a35,eluniversal_com_mx,https://www.eluniversal.com.mx/tendencias/robots-monje-desfilan-en-festival-budista-de-corea-del-sur-tecnologia-sorprende-a-miles-de-asistentes/,scrapy_pipeline,AccessControlDetected,paywall=False login=False captcha=True,2026-05-18 13:09:19.763307
d0cfbb60-609b-4eba-91b7-85fea393a7cc,baochinhphu_vn,https://baochinhphu.vn/de-di-san-ve-bac-luon-song-trong-long-cong-chung-102260518144643489.htm,scrapy_pipeline,AccessControlDetected,paywall=False login=False captcha=True,2026-05-18 13:09:19.944640
582b86d8-7368-43de-9125-2c64f6388a47,tadawulgroup_sa,https://www.tadawulgroup.sa/wps/portal/tadawulgroup/aboutus/about-us/!ut/p/z0/04_Sj9CPykssy0xPLMnMz0vMAfIjo8ziTR3NDIw8LAz8LULCXA0Cg3ydPA39wgx9jQz1C7IdFQEihKKL/?locale=en,scrapy_pipeline,NotToday,published_at outside target calendar window,2026-05-18 13:09:20.209983
09bf015b-1d20-4d95-b0be-44c3f05e3c42,apnews_com,https://apnews.com/video/drone-strike-sparks-fire-at-uae-nuclear-power-plant-in-latest-blow-to-iran-ceasefire-3fa8f47a1e2442a0a352f39b9c104065,scrapy_pipeline,AccessControlDetected,paywall=False login=False captcha=True,2026-05-18 13:09:22.541176
b58e409e-b960-4b38-82f7-e36199b587d6,meduza_io,https://meduza.io/en/feature/2026/05/15/ukrainian-drone-attack-kills-four-in-ryazan-ignites-refinery-fire-and-showers-city-in-oil-rain,scrapy_pipeline,AccessControlDetected,paywall=False login=False captcha=True,2026-05-18 13:09:22.624865
fa6bec21-f73c-4609-b99c-74f24c269e7f,24h_com_vn,https://www.24h.com.vn/tin-tuc-trong-ngay/khoanh-khac-da-roi-trung-nguoi-di-xe-may-tren-deo-thung-khe-c46a1762685.html,scrapy_pipeline,AccessControlDetected,paywall=False login=False captcha=True,2026-05-18 13:09:26.485992
bc010297-ffe8-402b-95bd-a2f6869e54cc,stats_gov_cn,https://www.stats.gov.cn/english/PressRelease/202604/t20260429_1963444.html,scrapy_pipeline,NotToday,published_at outside target calendar window,2026-05-18 13:09:26.897193
7d79aea8-df49-407d-ade0-fc734bda150d,theguardian_com,https://www.theguardian.com/world/live/2026/may/18/us-israel-iran-lebanon-donald-trump-hormuz-oil-latest-news-updates,scrapy_pipeline,AccessControlDetected,paywall=False login=False captcha=True,2026-05-18 13:09:27.058311
91a78603-45c6-471f-ab58-d6788c5f43c9,meduza_io,https://meduza.io/en/news/2026/05/15/pussy-riot-added-to-russia-s-list-of-terrorists-and-extremists,scrapy_pipeline,AccessControlDetected,paywall=False login=False captcha=True,2026-05-18 13:09:27.558162
f969083d-0927-4495-8e5d-d120fa90862c,stats_gov_cn,https://www.stats.gov.cn/english/PressRelease/202605/t20260506_1963595.html,scrapy_pipeline,NotToday,published_at outside target calendar window,2026-05-18 13:09:27.912367
fb547b05-17ff-495c-9ecd-58467c7ec096,theguardian_com,https://www.theguardian.com/world/2026/may/18/spain-conservative-peoples-party-far-right-vox-andalucia-election,scrapy_pipeline,AccessControlDetected,paywall=False login=False captcha=True,2026-05-18 13:09:28.018697
1f3a10a8-d41e-480b-b375-43511e6900f2,meduza_io,https://meduza.io/en/news/2026/05/16/russian-online-marketplaces-lost-up-to-10-of-users-after-blocking-vpn-access,scrapy_pipeline,AccessControlDetected,paywall=False login=False captcha=True,2026-05-18 13:09:28.662321
48d2c4a6-c026-4810-80f1-ce2563e0c722,cnn_com,https://www.cnn.com/2026/05/17/china/china-homeownership-rate-tested-intl-hnk,scrapy_pipeline,AccessControlDetected,paywall=False login=False captcha=True,2026-05-18 13:09:29.095316
45731cbe-a558-4474-a12a-861338e0f6a8,ft_com,https://www.ft.com/content/dc095f2b-727a-4ee9-b8a9-75166123382f,scrapy_pipeline,HttpError,status=403,2026-05-18 13:09:29.279163
16a68faa-4138-4d13-9706-bf32b551ea5a,meduza_io,https://meduza.io/en/news/2026/05/16/former-ukrainian-presidential-office-chief-yermak-to-remain-in-pretrial-detention-through-the-weekend-bail-has-not-yet-been-posted-on-his-behalf,scrapy_pipeline,AccessControlDetected,paywall=False login=False captcha=True,2026-05-18 13:09:29.355148
6bb044c5-9a91-441c-9ece-ad339eee7b66,euronews_com,https://www.euronews.com/2026/05/18/north-koreas-kim-calls-on-military-to-bolster-frontline-defences-against-arch-enemy,scrapy_pipeline,ShortContent,length=0 min=80,2026-05-18 13:09:29.997379
f54609a2-48fa-4338-9259-b47e05891810,independent_co_uk,https://www.independent.co.uk/sport/golf/rory-mcilroy-pga-championship-aaron-rai-b2978476.html,scrapy_pipeline,AccessControlDetected,paywall=False login=False captcha=True,2026-05-18 13:09:30.086436
20a480a7-403d-4442-9bee-d937421d48ef,meduza_io,https://meduza.io/en/news/2026/05/16/two-st-petersburg-men-sentenced-to-15-and-16-years-for-plot-to-poison-food-supplies-bound-for-fighters-in-espanyola-russian-paramilitary-brigade,scrapy_pipeline,AccessControlDetected,paywall=False login=False captcha=True,2026-05-18 13:09:31.977646
9e2be658-a2f2-4e83-9f18-627540664097,theguardian_com,https://www.theguardian.com/business/live/2026/may/18/bond-market-rout-inflation-fears-gilts-yields-burnham-imf-reeves-live-updates,scrapy_pipeline,AccessControlDetected,paywall=False login=False captcha=True,2026-05-18 13:09:32.407512
87f73082-b5eb-4928-a999-ed7eb2f8115e,scmp_com,https://www.scmp.com/tech/big-tech/article/3353869/chinese-tech-giants-alibaba-tencent-race-dominate-ai-powered-digital-gateways?utm_source=rss_feed,scrapy_pipeline,AccessControlDetected,paywall=False login=False captcha=True,2026-05-18 13:09:32.578335
c0aef18f-5f1c-4d2a-a0da-cb1603680cff,indianexpress_com,https://indianexpress.com/article/education/msbshse-maharashtra-board-ssc-hsc-results-syllabus-paper-length-dropped-60-per-cent-mahahsscboard-in-10695451/,scrapy_pipeline,AccessControlDetected,paywall=False login=False captcha=True,2026-05-18 13:09:33.122379
ac3e8cf1-6967-4f0a-8530-aa457870ff37,gulfnews_com,https://gulfnews.com/world/asia/india/kerala-cm-vd-satheesan-holds-first-cabinet-meeting-after-assuming-office-1.500544370,scrapy_pipeline,AccessControlDetected,paywall=False login=False captcha=True,2026-05-18 13:09:33.398208
ceb3f867-eb74-4141-abf6-301fb02edcd1,independent_co_uk,https://www.independent.co.uk/news/world/africa/military-stikes-isis-nigeria-b2978481.html,scrapy_pipeline,AccessControlDetected,paywall=False login=False captcha=True,2026-05-18 13:09:33.576162
451f0c0a-e924-40a8-848c-161ac61511ea,lanacion_com_ar,https://www.lanacion.com.ar/sociedad/daniel-lopez-rosetti-el-desafio-es-vivir-bien-hoy-si-lo-haces-te-sentis-bien-con-vos-vas-a-estar-nid18052026/,scrapy_pipeline,AccessControlDetected,paywall=False login=False captcha=True,2026-05-18 13:09:33.749206
92fbc20d-f93f-4084-a17e-833496552941,theguardian_com,https://www.theguardian.com/world/live/2026/may/18/europe-eu-ukraine-russia-greenland-bulgaria-germany-latest-news-updates,scrapy_pipeline,AccessControlDetected,paywall=False login=False captcha=True,2026-05-18 13:09:34.041303
4cccf22d-138d-45e2-baec-d4f5e966765c,indianexpress_com,https://indianexpress.com/article/sports/football/selfish-mo-salah-drop-liverpool-farewell-anfield-rooney-10695385/,scrapy_pipeline,AccessControlDetected,paywall=False login=False captcha=True,2026-05-18 13:09:34.277020
fd0a771c-5d24-448a-8603-5fc4e1f54def,gulfnews_com,https://gulfnews.com/business/property/arif-developments-wins-excellence-in-luxury-living-award-1.500544206,scrapy_pipeline,AccessControlDetected,paywall=False login=False captcha=True,2026-05-18 13:09:34.849076
b124c095-4e08-47ec-8291-cf66276e717c,theaustralian_com_au,https://www.theaustralian.com.au/sitemap.xml?yyyy=2026&mm=05&dd=15,scrapy_fetch,FetchError,IgnoreRequest('Forbidden by robots.txt'),2026-05-18 13:09:37.845981
e8145001-6a3c-4e82-a250-a6ee7e9f139a,baochinhphu_vn,https://baochinhphu.vn/pho-thu-tuong-le-tien-chau-tham-gia-doan-dai-bieu-dang-huong-dang-hoa-tuong-nho-chu-tich-ho-chi-minh-102260518153314225.htm,scrapy_pipeline,AccessControlDetected,paywall=False login=False captcha=True,2026-05-18 13:09:38.132130
6205d693-88f9-4138-9e96-108675144cac,wsj_com,https://www.wsj.com/sitemaps/web/wsj/en/sitemap_wsj_en_index.xml,scrapy_fetch,FetchError,IgnoreRequest('Forbidden by robots.txt'),2026-05-18 13:09:38.324563
d351fbef-0da0-4a9b-9ffa-c4a21dab939e,independent_co_uk,https://www.independent.co.uk/news/world/americas/us-politics/trump-ai-alien-meme-truth-social-b2978445.html,scrapy_pipeline,AccessControlDetected,paywall=False login=False captcha=True,2026-05-18 13:09:38.453472
638a2d57-cfe8-4299-b844-98f725551ff0,meduza_io,https://meduza.io/en/news/2026/05/16/putin-eases-path-to-russian-citizenship-for-residents-of-moldovan-breakaway-republic-transnistria,scrapy_pipeline,AccessControlDetected,paywall=False login=False captcha=True,2026-05-18 13:09:38.697431
a3c53855-25b1-4bfd-b650-a0cfb2302049,independent_co_uk,https://www.independent.co.uk/news/congo-world-health-organization-ebola-senegal-dakar-b2978493.html,scrapy_pipeline,AccessControlDetected,paywall=False login=False captcha=True,2026-05-18 13:09:38.884377
0068494a-6e13-47fa-9c2b-240e01be2b85,meduza_io,https://meduza.io/en/news/2026/05/16/russia-s-supreme-court-proposes-reducing-prison-sentences-for-large-scale-drug-possession-without-intent-to-distribute,scrapy_pipeline,AccessControlDetected,paywall=False login=False captcha=True,2026-05-18 13:09:39.009195
0c71b8e2-af8c-430d-9d75-5687bd136434,scmp_com,https://www.scmp.com/news/hong-kong/society/article/3353923/man-dies-after-being-hit-trapped-under-taxi-hong-kong-driver-arrested?utm_source=rss_feed,scrapy_pipeline,AccessControlDetected,paywall=False login=False captcha=True,2026-05-18 13:09:39.200947
96614662-cbe3-4cb7-bd60-89471bd6640d,indianexpress_com,https://indianexpress.com/article/cities/bangalore/tumakuru-girl-murder-case-father-arrest-phone-trail-marriage-dispute-10695491/,scrapy_pipeline,AccessControlDetected,paywall=False login=False captcha=True,2026-05-18 13:09:40.089276
8679d4f7-fce7-4afe-b2c4-96ba5e34eee1,thanhnien_vn,https://thanhnien.vn/thanh-nga-minh-vuong-le-thuy-va-nhung-huyen-thoai-cai-luong-tro-lai-day-xuc-dong-18526051814051016.htm,scrapy_pipeline,AccessControlDetected,paywall=False login=False captcha=True,2026-05-18 13:09:40.311315
a3090a72-c7df-46c7-91c2-925476e6465f,lanacion_com_ar,https://www.lanacion.com.ar/sociedad/conrado-estol-casi-el-40-de-la-poblacion-duerme-menos-de-lo-necesario-nid18052026/,scrapy_pipeline,AccessControlDetected,paywall=False login=False captcha=True,2026-05-18 13:09:40.479410
b5bacf6b-838f-4876-9a7b-03f81c36e534,lanacion_com_ar,https://www.lanacion.com.ar/deportes/futbol/el-insolito-error-de-agustin-rossi-que-le-dio-la-ventaja-parcial-a-athletico-paranaense-nid18052026/,scrapy_pipeline,AccessControlDetected,paywall=False login=False captcha=True,2026-05-18 13:09:40.667636
19ca83ec-2c2b-4938-865e-7aec5705dce6,scmp_com,https://www.scmp.com/news/world/article/3353918/trumps-china-trip-assessed-south-koreas-ai-problem-5-weekend-reads-you-missed?utm_source=rss_feed,scrapy_pipeline,AccessControlDetected,paywall=False login=False captcha=True,2026-05-18 13:09:40.937063
8a10c7d2-750c-467f-87bc-a90d0a6e0a02,thanhnien_vn,https://thanhnien.vn/bat-nu-thay-cung-lua-dao-3-ti-dong-bang-chieu-giai-bua-185260518142435014.htm,scrapy_pipeline,AccessControlDetected,paywall=False login=False captcha=True,2026-05-18 13:09:41.088457
5e3f2cdd-833b-414c-aff9-d4bac7f706a7,tuoitre_vn,https://tuoitre.vn/dong-dat-5-2-do-o-trung-quoc-it-nhat-2-nguoi-chet-hon-7-000-dan-so-tan-20260518115602416.htm,scrapy_pipeline,AccessControlDetected,paywall=False login=False captcha=True,2026-05-18 13:09:42.374303
901c70cc-c5e8-4707-9230-5c9598d5b241,thejakartapost_com,https://www.thejakartapost.com/adv-longform/images/sitemap.xml,scrapy_pipeline,HttpError,status=404,2026-05-18 13:09:42.457666
9e3b9f99-89df-4cc2-b525-6ef34d46e36c,baochinhphu_vn,https://baochinhphu.vn/su-menh-chuyen-dich-chien-luoc-trong-dao-tao-va-nghien-cuu-102260517143249385.htm,scrapy_pipeline,AccessControlDetected,paywall=False login=False captcha=True,2026-05-18 13:09:42.708206
3a75b82a-b577-4028-ac97-97cac0a0fa9e,chosun_com,https://www.chosun.com/english/sports-en/2026/05/18/WONEP6AIING6BD23OGWDBISJ7E/,scrapy_pipeline,ShortContent,length=0 min=80,2026-05-18 13:09:42.974790
27fc8804-a84a-4d9c-9a3e-a993ce6b9665,tass_com,https://tass.com/politics/2132077,scrapy_pipeline,AccessControlDetected,paywall=False login=False captcha=True,2026-05-18 13:09:43.246788
8094a01c-d890-4413-846a-58af6ae68cd8,tuoitre_vn,https://tuoitre.vn/dai-ichi-life-viet-nam-19-nam-ben-bi-gop-suc-cho-giao-duc-y-te-moi-truong-va-cong-dong-2026051811393379.htm,scrapy_pipeline,AccessControlDetected,paywall=False login=False captcha=True,2026-05-18 13:09:43.607058
005e3b6a-ac17-476a-8ba5-9301becd36fb,apnews_com,https://apnews.com/article/lotteries-f53bf3826d3d4d6c95957a12c0abee9e,scrapy_pipeline,AccessControlDetected,paywall=False login=False captcha=True,2026-05-18 13:09:44.861359
b1b26e8f-b497-4c94-9941-356927467411,singstat_gov_sg,https://www.singstat.gov.sg/news,scrapy_pipeline,AccessControlDetected,paywall=False login=False captcha=True,2026-05-18 13:09:46.327186
7e7c0d7a-cfce-4636-824c-e3733d6ab8db,thenationalnews_com,https://www.thenationalnews.com/future/technology/2026/05/18/steve-jobs-next-history-apple/,scrapy_pipeline,AccessControlDetected,paywall=False login=False captcha=True,2026-05-18 13:09:46.752455
0e7d73da-9fd9-4a97-a2af-e97f517ae31d,eluniversal_com_mx,https://www.eluniversal.com.mx/tendencias/cuanta-agua-debes-beber-al-dia-segun-tu-edad-esto-dicen-los-organismos-de-salud/,scrapy_pipeline,AccessControlDetected,paywall=False login=False captcha=True,2026-05-18 13:09:48.186199
4844f9b8-3514-457a-bc8b-30b818827db8,thanhnien_vn,https://thanhnien.vn/tphcm-nguoi-dan-ong-hoang-bao-bat-coc-2-tre-em-khai-gi-tai-cong-an-185260518143724204.htm,scrapy_pipeline,AccessControlDetected,paywall=False login=False captcha=True,2026-05-18 13:09:48.425273
306fc85f-169a-4abf-9109-661e100e495c,theaustralian_com_au,https://www.theaustralian.com.au/sitemap.xml?yyyy=2026&mm=05&dd=14,scrapy_fetch,FetchError,IgnoreRequest('Forbidden by robots.txt'),2026-05-18 13:09:48.567616
b43c69b7-2629-4a64-a4e6-cf0540c940d6,scmp_com,https://www.scmp.com/sport/football/article/3353927/rising-star-global-icon-who-could-be-2026-world-cups-breakout-player?utm_source=rss_feed,scrapy_pipeline,AccessControlDetected,paywall=False login=False captcha=True,2026-05-18 13:09:48.738889
d85548de-5a1e-4485-a9a2-d708dad466fa,baochinhphu_vn,https://baochinhphu.vn/nhan-dan-dong-thuan-cao-voi-de-an-thanh-lap-thanh-pho-quang-ninh-102260518155407734.htm,scrapy_pipeline,AccessControlDetected,paywall=False login=False captcha=True,2026-05-18 13:09:48.897624
1537713e-2884-42d1-8078-83ac206f2f95,meduza_io,https://meduza.io/en/news/2026/05/16/a-mother-in-russia-s-irkutsk-region-filmed-herself-sexually-abusing-her-six-year-old-son-child-welfare-authorities-removed-all-five-children-from-her-home,scrapy_pipeline,AccessControlDetected,paywall=False login=False captcha=True,2026-05-18 13:09:49.019452
5aa39b55-cacf-405f-a722-b78a5102e01e,independent_co_uk,https://www.independent.co.uk/news/world/australasia/genital-herpes-symptoms-australia-convicted-b2978464.html,scrapy_pipeline,AccessControlDetected,paywall=False login=False captcha=True,2026-05-18 13:09:49.153412
11a4c685-01f8-4ade-9794-99d2fe6ed968,meduza_io,https://meduza.io/en/news/2026/05/16/drone-strikes-residential-building-in-russia-s-belgorod-injuring-nine,scrapy_pipeline,AccessControlDetected,paywall=False login=False captcha=True,2026-05-18 13:09:49.976525
a5613582-8f14-494c-8b12-a8096d337896,wsj_com,https://www.wsj.com/sitemaps/web/wsj/en/sitemap_wsj_en_m5_2026.xml,scrapy_fetch,FetchError,IgnoreRequest('Forbidden by robots.txt'),2026-05-18 13:09:53.857378
8261c4fe-ccb7-4874-b2a3-f4d14ceced7b,24h_com_vn,https://www.24h.com.vn/kinh-doanh/gia-vang-con-co-hoi-tro-lai-vung-dinh-trong-nam-nay-c161a1762606.html,scrapy_pipeline,AccessControlDetected,paywall=False login=False captcha=True,2026-05-18 13:09:54.023131
a2502f3c-2fca-4dc8-ae91-fa8ec6869295,scmp_com,https://www.scmp.com/lifestyle/food-drink/article/3353916/where-eat-food-paradise-singapore-hawker-centres-michelin-restaurants?utm_source=rss_feed,scrapy_pipeline,AccessControlDetected,paywall=False login=False captcha=True,2026-05-18 13:09:54.208614
d6dc4904-d178-43c0-ab44-340aaf907132,lanacion_com_ar,https://www.lanacion.com.ar/revista-hola/tengo-suerte-es-la-hija-de-una-de-las-actrices-mas-queridas-del-cine-y-enfrenta-con-honestidad-el-nid18052026/,scrapy_pipeline,AccessControlDetected,paywall=False login=False captcha=True,2026-05-18 13:09:54.417581
385b71b2-9bd6-4dc5-9cbf-f01370d696e5,indianexpress_com,https://indianexpress.com/article/entertainment/telugu/peddi-movie-trailer-launch-live-updates-when-and-where-to-watch-trailer-of-ram-charans-action-entertainer-10695231/,scrapy_pipeline,AccessControlDetected,paywall=False login=False captcha=True,2026-05-18 13:09:54.864109
9726995e-3d21-4043-af6b-9eb51a619d86,indianexpress_com,https://indianexpress.com/article/legal-news/patna-high-court-missing-army-man-death-certificate-murder-ruling-10695281/,scrapy_pipeline,AccessControlDetected,paywall=False login=False captcha=True,2026-05-18 13:09:55.119946
c8f925bc-aa90-433e-ae64-a1e9aa68d032,ft_com,https://www.ft.com/content/ff23e63e-e7f0-47d6-8f44-cd02fe58b422,scrapy_pipeline,HttpError,status=403,2026-05-18 13:09:55.579833
36bc56a3-c375-41ad-9e87-7e696cff852b,chosun_com,https://www.chosun.com/sports/volleyball/2026/05/18/YMD7HZ2T4NA2JNEJDYN4QDYJDA/,scrapy_pipeline,ShortContent,length=0 min=80,2026-05-18 13:09:55.678439
5e582caf-6a22-4e1f-ab28-f8972f34cfc8,meduza_io,https://meduza.io/en/news/2026/05/18/crashed-ukrainian-drone-found-in-lithuania,scrapy_pipeline,AccessControlDetected,paywall=False login=False captcha=True,2026-05-18 13:09:55.795936
e38e7536-760b-492d-afd2-935b3784d563,tuoitre_vn,https://tuoitre.vn/campuchia-bat-ngo-dung-so-1-the-gioi-ve-moi-truong-tu-nhien-nam-2026-20260518120120017.htm,scrapy_pipeline,AccessControlDetected,paywall=False login=False captcha=True,2026-05-18 13:09:56.208586
5ffdbd75-d890-49e8-b365-e60112db0dfb,vnexpress_net,https://vnexpress.net/khoa-hoc-cong-nghe/cua-so-tri-thuc,scrapy_pipeline,AccessControlDetected,paywall=False login=False captcha=True,2026-05-18 13:09:57.574950
f313f16b-318b-4028-bdef-5c9f4c666f43,tass_com,https://tass.com/politics/2132079,scrapy_pipeline,AccessControlDetected,paywall=False login=False captcha=True,2026-05-18 13:09:57.863458
f10b11b6-dae6-4436-804a-7f93f9a035bf,thejakartapost_com,https://www.thejakartapost.com/adv-longform/web/sitemap.xml,scrapy_pipeline,HttpError,status=404,2026-05-18 13:09:58.002741
6e070dbf-3786-48b7-a0cc-5a52c075baac,thanhnien_vn,https://thanhnien.vn/nguoi-viet-ua-chuong-xe-gam-cao-nao-nhat-thang-42026-185260518132321987.htm,scrapy_pipeline,AccessControlDetected,paywall=False login=False captcha=True,2026-05-18 13:09:59.414489
d16c5563-f0c3-4220-84a3-a8699d02cd9c,independent_co_uk,https://www.independent.co.uk/tv/news/london-march-tommy-robinson-unite-kingdom-led-by-donkeys-b2978462.html,scrapy_pipeline,AccessControlDetected,paywall=False login=False captcha=True,2026-05-18 13:09:59.817110
435c6117-8d55-4f62-9736-e9f9b1c7aaea,meduza_io,https://meduza.io/en/feature/2026/05/18/moscow-and-moscow-region-after-unprecedented-ukrainian-strikes-photos-and-video,scrapy_pipeline,AccessControlDetected,paywall=False login=False captcha=True,2026-05-18 13:10:00.031079
d6912954-a823-428a-b829-9c3e500e7c89,tuoitre_vn,https://tuoitre.vn/thoai-von-khoi-imexpharm-tap-doan-han-quoc-chot-loi-gap-doi-20260518121422624.htm,scrapy_pipeline,AccessControlDetected,paywall=False login=False captcha=True,2026-05-18 13:10:00.216141
ca36fffd-ba25-4241-a42e-5935dd044ada,cnn_com,https://www.cnn.com/2026/05/17/sport/rai-wins-pga-championship,scrapy_pipeline,AccessControlDetected,paywall=False login=False captcha=True,2026-05-18 13:10:00.681252
18ba6087-93c8-4335-bc88-6a8a561e0acb,meduza_io,https://meduza.io/en/news/2026/05/18/moscow-synagogue-invites-congregants-to-appear-in-stalin-tv-series-casting-call-seeks-jews-by-nationality-or-of-jewish-appearance,scrapy_pipeline,AccessControlDetected,paywall=False login=False captcha=True,2026-05-18 13:10:00.905177
77f4b8f5-ee4e-42e4-9b33-5a417afecaf0,apnews_com,https://apnews.com/video/drc-health-minister-who-representatives-arrive-in-bunia-with-supplies-to-fight-ebola-outbreak-d71a55dc74b445bb81ae09bcdb1882be,scrapy_pipeline,AccessControlDetected,paywall=False login=False captcha=True,2026-05-18 13:10:03.460971
1317a226-6e37-4143-bbcb-765584baf160,thanhnien_vn,https://thanhnien.vn/csgt-tphcm-xac-minh-clip-2-nguoi-di-xe-may-danh-nhau-giua-duong-185260518150514256.htm,scrapy_pipeline,AccessControlDetected,paywall=False login=False captcha=True,2026-05-18 13:10:03.722091
6177f210-abd1-478a-a2aa-3876221521f6,tuoitre_vn,https://tuoitre.vn/giac-mo-vang-cua-doi-bong-cong-doan-nghe-an-20260517134824927.htm,scrapy_pipeline,AccessControlDetected,paywall=False login=False captcha=True,2026-05-18 13:10:04.018851
32d133b3-f18e-4814-a82d-5ee292e5a85e,meduza_io,https://meduza.io/en/news/2026/05/18/report-russian-state-tv-channels-played-down-scale-of-ukraine-s-strike-on-moscow,scrapy_pipeline,AccessControlDetected,paywall=False login=False captcha=True,2026-05-18 13:10:04.223625
67e86f8d-6562-4bab-9612-9583952ddb22,meduza_io,https://meduza.io/en/news/2026/05/18/russia-strikes-dnipro-with-missiles-injuring-18,scrapy_pipeline,AccessControlDetected,paywall=False login=False captcha=True,2026-05-18 13:10:04.454025
7fd15f7f-e7a0-4302-8ccb-cea52c2a26c6,meduza_io,https://meduza.io/en/news/2026/05/18/international-gymnastics-federation-lifts-ban-on-russian-athletes-competing-under-national-flag-and-anthem,scrapy_pipeline,AccessControlDetected,paywall=False login=False captcha=True,2026-05-18 13:10:04.739764
e0e3eefe-8f9a-4aed-8752-f4032b9c7383,meduza_io,https://meduza.io/,scrapy_pipeline,AccessControlDetected,paywall=False login=False captcha=True,2026-05-18 13:10:05.530763
e37f0d12-1034-427c-b72a-35a311e4a090,independent_co_uk,https://www.independent.co.uk/news/uk/home-news/swatch-pocket-watch-pop-queues-manchester-cardiff-b2978270.html,scrapy_pipeline,AccessControlDetected,paywall=False login=False captcha=True,2026-05-18 13:10:05.823276
7ce6f9ea-acd8-4698-9d9b-9e7993a6dafc,indianexpress_com,https://indianexpress.com/article/opinion/columns/neet-exam-paper-leak-22-lakh-students-medical-colleges-india-10695413/,scrapy_pipeline,AccessControlDetected,paywall=False login=False captcha=True,2026-05-18 13:10:06.371788
0a6d5579-b8eb-4a74-b30d-948c1c2fffa2,scmp_com,https://www.scmp.com/week-asia/health-environment/article/3353933/thailand-reels-deadly-bangkok-train-crash-its-latest-avoidable-tragedy?utm_source=rss_feed,scrapy_pipeline,AccessControlDetected,paywall=False login=False captcha=True,2026-05-18 13:10:06.763015
5ef68785-3a0f-4e0d-a8ea-7638d78868f8,theaustralian_com_au,https://www.theaustralian.com.au/sitemap.xml?yyyy=2026&mm=05&dd=13,scrapy_fetch,FetchError,IgnoreRequest('Forbidden by robots.txt'),2026-05-18 13:10:06.824984
711356a3-cdc2-4331-932b-c125a0f579a3,wsj_com,https://www.wsj.com/sitemaps/web/wsj/en/sitemap_wsj_en_m4_2026.xml,scrapy_fetch,FetchError,IgnoreRequest('Forbidden by robots.txt'),2026-05-18 13:10:06.913934
166ec68e-6fa4-4671-ba06-7731642085b0,thenationalnews_com,https://www.thenationalnews.com/opinion/editorial/2026/05/18/uae-india-sheikh-mohamed-narendra-modi-visit-partnership/,scrapy_pipeline,AccessControlDetected,paywall=False login=False captcha=True,2026-05-18 13:10:07.851355
9011094e-9a54-4ea0-ac9c-6cdd6f39abae,apnews_com,https://apnews.com/article/congo-ebola-uganda-who-africa-emergency-6f93a87ff28107bdda8990599bbcd52d,scrapy_pipeline,AccessControlDetected,paywall=False login=False captcha=True,2026-05-18 13:10:08.674102
b2e99a1e-ecbf-4492-95e6-e5a59b73eccc,eib_org,https://www.eib.org/en/events/board-of-directors-meeting-593,scrapy_pipeline,AccessControlDetected,paywall=False login=False captcha=True,2026-05-18 13:10:09.014328
55cff076-1c4b-4400-940a-f4518824ec00,dw_com,https://www.dw.com/ur/%D8%B4%D9%88%D8%B0%D8%A8-%D8%B9%D8%B3%DA%A9%D8%B1%DB%8C/person-55542663,scrapy_pipeline,AccessControlDetected,paywall=False login=False captcha=True,2026-05-18 13:10:09.180035
9ca888f8-a280-435c-b641-439463ef7593,theaustralian_com_au,https://www.theaustralian.com.au/sitemap.xml?yyyy=2026&mm=05&dd=12,scrapy_fetch,FetchError,IgnoreRequest('Forbidden by robots.txt'),2026-05-18 13:10:09.369383
cda5fab9-45b8-4302-9576-13234af0c2da,chosun_com,https://www.chosun.com/economy/economy_general/2026/05/18/GRSTSZBYGI3TMNDDMY4TOYZTGU/,scrapy_pipeline,ShortContent,length=0 min=80,2026-05-18 13:10:09.491711
05a66ea9-d203-453d-b214-180d03f0475f,singstat_gov_sg,https://www.singstat.gov.sg,scrapy_pipeline,AccessControlDetected,paywall=False login=False captcha=True,2026-05-18 13:10:09.812800
2b0b0584-5099-41b8-8664-c38e95ec0e5c,thejakartapost_com,https://www.thejakartapost.com/adv-longform/news/sitemap.xml,scrapy_pipeline,HttpError,status=404,2026-05-18 13:10:10.314327
b2db85f2-0d46-4549-a4c0-75b258a88dc1,stats_gov_cn,https://www.stats.gov.cn/english/Statisticaldata/yearbook/,scrapy_pipeline,NotToday,published_at outside target calendar window,2026-05-18 13:10:10.444816
02853752-5602-4bf7-96da-d374f5d60dfd,independent_co_uk,https://www.independent.co.uk/news/world/europe/hantavirus-outbreak-mv-hondius-netherlands-rotterdam-b2978491.html,scrapy_pipeline,AccessControlDetected,paywall=False login=False captcha=True,2026-05-18 13:10:11.585751
38eb23b7-20fc-4d94-be5a-0f274e8f0622,stats_gov_cn,https://www.stats.gov.cn/english/Statisticaldata/CensusData/,scrapy_pipeline,NotToday,published_at outside target calendar window,2026-05-18 13:10:11.793707
5d7b91ed-213c-4c10-9c68-8eae55aa4d32,tass_com,https://tass.com/economy/2132081,scrapy_pipeline,AccessControlDetected,paywall=False login=False captcha=True,2026-05-18 13:10:12.065825
d68f6012-4139-4bac-8b5e-673434ffef2b,thanhnien_vn,https://thanhnien.vn/tphcm-nghien-cuu-lam-duong-tren-cao-6-lan-cuu-ket-xe-khu-nam-185260518150924989.htm,scrapy_pipeline,AccessControlDetected,paywall=False login=False captcha=True,2026-05-18 13:10:12.571116
2c28be7c-6a57-4ee8-b2e5-4abc47c5ec36,lanacion_com_ar,https://www.lanacion.com.ar/estados-unidos/illinois/donde-entregan-comida-gratis-en-illinois-en-la-semana-del-18-al-22-de-mayo-de-2026-nid18052026/,scrapy_pipeline,AccessControlDetected,paywall=False login=False captcha=True,2026-05-18 13:10:14.083772
d1778e07-715f-453b-b95d-692d4d248fa0,indianexpress_com,https://indianexpress.com/article/cities/chandigarh/clu-irregularities-ed-summons-gmada-chief-in-suntec-city-altus-clu-probe-10695474/,scrapy_pipeline,AccessControlDetected,paywall=False login=False captcha=True,2026-05-18 13:10:16.212244
ea705c93-ace0-467d-9dc5-5b68bbefc06c,wsj_com,https://www.wsj.com/sitemaps/web/wsj/en/sitemap_wsj_en_m3_2026.xml,scrapy_fetch,FetchError,IgnoreRequest('Forbidden by robots.txt'),2026-05-18 13:10:16.292295
d0701274-2408-4a3c-bd3d-129ea6d920bc,tuoitre_vn,https://tuoitre.vn/muon-con-cao-lon-cha-me-dung-cho-doi-phep-mau-20260518114940121.htm,scrapy_pipeline,AccessControlDetected,paywall=False login=False captcha=True,2026-05-18 13:10:16.610615
f0bf1c92-9f45-4162-8c76-cc608d42b2a5,livemint_com,https://www.livemint.com/news/world/latest-world-news-on-may-18-2026-live-updates-11779061511637.html,scrapy_pipeline,HttpError,status=410,2026-05-18 13:10:16.680698
372e2b77-97ec-4d49-b096-afc95560ccfe,stats_gov_cn,https://www.stats.gov.cn/english/PressRelease/,scrapy_pipeline,NotToday,published_at outside target calendar window,2026-05-18 13:10:16.905022
0aff4048-6a80-4642-9fe1-c62293d4951a,scmp_com,https://www.scmp.com/news/china/science/article/3353922/china-rare-earth-breakthrough-icy-northeast-could-cement-countrys-dominance?utm_source=rss_feed,scrapy_pipeline,AccessControlDetected,paywall=False login=False captcha=True,2026-05-18 13:10:17.068144
95fabbed-99c6-4f0e-bb37-6b9520cdd00e,ft_com,https://www.ft.com/content/6a4e928d-5397-48ab-a89d-1eb363a602ee,scrapy_pipeline,HttpError,status=403,2026-05-18 13:10:20.892177
f6d9de0c-f153-4cc1-8490-127aa740f03c,independent_co_uk,https://www.independent.co.uk/life-style/history/this-week-in-history-11-may-b2977347.html,scrapy_pipeline,AccessControlDetected,paywall=False login=False captcha=True,2026-05-18 13:10:21.022383
2245f4ff-0465-44af-a0a5-c013892df483,tuoitre_vn,https://tuoitre.vn/phuong-goi-thieu-van-ban-10-nguoi-lo-ky-sat-hach-cong-chuc-20260518111647842.htm,scrapy_pipeline,AccessControlDetected,paywall=False login=False captcha=True,2026-05-18 13:10:21.354127
a6e77d25-caeb-4cc3-8fd8-65324491506f,meduza_io,https://meduza.io/en/pages/newsletter,scrapy_pipeline,AccessControlDetected,paywall=False login=False captcha=True,2026-05-18 13:10:21.657252
0d3eac18-c5e2-426e-90b0-2de9f39e518e,lanacion_com_ar,https://www.lanacion.com.ar/lifestyle/dejo-corea-trabajo-en-la-tele-recorrio-america-latina-en-motorhome-y-encontro-en-argentina-una-nid18052026/,scrapy_pipeline,AccessControlDetected,paywall=False login=False captcha=True,2026-05-18 13:10:22.151895
025fe686-6a4f-44b9-baa8-c4d4ba2548fe,scmp_com,https://www.scmp.com/lifestyle/k-drama/k-movies/article/3353931/cannes-2026-hope-movie-review-wailing-director-na-hong-jin-back-monster-mess?utm_source=rss_feed,scrapy_pipeline,AccessControlDetected,paywall=False login=False captcha=True,2026-05-18 13:10:22.345320
1fa6ade9-8747-47e9-8913-79a50c7acef7,thenationalnews_com,https://www.thenationalnews.com/sport/football/2026/05/18/nuno-shares-fans-frustrations-as-defeat-leaves-west-ham-on-the-brink/,scrapy_pipeline,AccessControlDetected,paywall=False login=False captcha=True,2026-05-18 13:10:22.568523
27bb2836-945b-4de9-92cf-f74beedbe6b7,indianexpress_com,https://indianexpress.com/article/world/india-flags-uae-nuclear-plant-drone-strike-as-dangerous-escalation-amid-west-asia-tensions-10695483/,scrapy_pipeline,AccessControlDetected,paywall=False login=False captcha=True,2026-05-18 13:10:22.926345
279a7ac3-0e6e-4cff-b7c3-6ef593bbcaeb,thanhnien_vn,https://thanhnien.vn/nguoi-tre-hen-nhau-den-bao-tang-de-lam-dieu-dac-biet-nay-185260518145106872.htm,scrapy_pipeline,AccessControlDetected,paywall=False login=False captcha=True,2026-05-18 13:10:23.164792
23a79eab-0aa5-4a87-932d-7e4731825542,tass_com,https://tass.com/world/2132083,scrapy_pipeline,AccessControlDetected,paywall=False login=False captcha=True,2026-05-18 13:10:23.443407
9cefc199-6afc-4660-98c6-9d24c9de5340,independent_co_uk,https://www.independent.co.uk/asia/southeast-asia/aung-san-suu-kyi-myanmar-military-junta-b2978380.html,scrapy_pipeline,AccessControlDetected,paywall=False login=False captcha=True,2026-05-18 13:10:23.674967
432f3e8f-bbd6-4c62-999c-ad7bae1260c3,24h_com_vn,https://www.24h.com.vn/tin-tuc-quoc-te/bien-the-moi-cua-tiem-kich-su-57-nga-xuat-hien-c415a1762703.html,scrapy_pipeline,AccessControlDetected,paywall=False login=False captcha=True,2026-05-18 13:10:24.174597
d37332c1-da27-4636-b087-dc0cbbd4c75e,lanacion_com_ar,https://www.lanacion.com.ar/estados-unidos/visas-y-tramites/es-oficial-actualizaciones-sobre-los-cambios-del-uscis-para-solicitantes-de-green-card-en-junio-2026-nid18052026/,scrapy_pipeline,AccessControlDetected,paywall=False login=False captcha=True,2026-05-18 13:10:24.397416
1c8c5ede-4de7-4525-8dd4-7ad83f1a218c,cnn_com,https://www.cnn.com/2026/05/17/politics/iran-strikes-trump-china,scrapy_pipeline,AccessControlDetected,paywall=False login=False captcha=True,2026-05-18 13:10:24.993446
71e3704b-bbc1-423a-a203-a68fc55f06b7,lanacion_com_ar,https://www.lanacion.com.ar/el-mundo/disturbios-y-cierres-de-locales-en-europa-y-estados-unidos-por-el-lanzamiento-de-un-reloj-nid18052026/,scrapy_pipeline,AccessControlDetected,paywall=False login=False captcha=True,2026-05-18 13:10:25.221663
51a9d8bb-20b5-4951-916a-e4b5d0f754f4,apnews_com,https://apnews.com/article/newport-news-virginia-teacher-shot-648b6250fb63793a090848485e1b7e68,scrapy_pipeline,AccessControlDetected,paywall=False login=False captcha=True,2026-05-18 13:10:25.906593
e1c5eae8-ac32-4272-8da9-09fad6f34561,indianexpress_com,https://indianexpress.com/article/legal-news/bombay-high-court-iit-law-officer-10695466/,scrapy_pipeline,AccessControlDetected,paywall=False login=False captcha=True,2026-05-18 13:10:26.205124
64bd3a5e-407a-4436-b6be-18370d24386d,independent_co_uk,https://www.independent.co.uk/travel/news-and-advice/canada-national-parks-free-admission-b2978473.html,scrapy_pipeline,AccessControlDetected,paywall=False login=False captcha=True,2026-05-18 13:10:26.367900
a51bdf9a-6bb6-4dc7-9706-f5e27d5a5f38,stats_gov_cn,https://www.stats.gov.cn/english/nbs/201312/t20131213_480293.html,scrapy_pipeline,NotToday,published_at outside target calendar window,2026-05-18 13:10:27.747231
159a872b-3c75-428e-8e45-bf18a6087e8b,scmp_com,https://www.scmp.com/news/people-culture/trending-china/article/3353520/occupational-bug-china-surgeon-goes-viral-weighing-150kg-due-work-stress-bad-diet?utm_source=rss_feed,scrapy_pipeline,AccessControlDetected,paywall=False login=False captcha=True,2026-05-18 13:10:27.909606
d474d525-3f09-49cb-b32c-005fde2ab354,indianexpress_com,https://indianexpress.com/article/cities/chandigarh/punjab-population-incentive-scheme-sikh-demographic-concerns-10695536/,scrapy_pipeline,AccessControlDetected,paywall=False login=False captcha=True,2026-05-18 13:10:28.227799
77b54c3f-fea3-44b5-92cc-829e7a927e14,thanhnien_vn,https://thanhnien.vn/thanh-tra-chinh-phu-thanh-tra-nha-dat-doi-du-va-du-an-song-lo-o-khanh-hoa-185260518144258061.htm,scrapy_pipeline,AccessControlDetected,paywall=False login=False captcha=True,2026-05-18 13:10:28.859454
946619a5-3a8a-4353-aa40-36da87b61463,independent_co_uk,https://www.independent.co.uk/f1/max-verstappen-nurburgring-24-hours-b2978494.html,scrapy_pipeline,AccessControlDetected,paywall=False login=False captcha=True,2026-05-18 13:10:28.978623
50087d01-efad-4b54-914b-c02140356b2a,independent_co_uk,https://www.independent.co.uk/arts-entertainment/tv/news/emmerdale-jimmy-king-nick-miles-b2978441.html,scrapy_pipeline,AccessControlDetected,paywall=False login=False captcha=True,2026-05-18 13:10:29.536324
5cd9fcb1-ac55-4de5-b7c3-1e72b2358c7d,scmp_com,https://www.scmp.com/news/hong-kong/society/article/3353936/hong-kong-should-trigger-travel-alert-congo-uganda-amid-ebola-outbreak-expert-says?utm_source=rss_feed,scrapy_pipeline,AccessControlDetected,paywall=False login=False captcha=True,2026-05-18 13:10:29.815560
0001e44d-e5e6-4b76-93f9-86a986c7eeae,lanacion_com_ar,https://www.lanacion.com.ar/el-mundo/el-petroleo-sube-tras-una-advertencia-de-trump-y-un-ataque-contra-emiratos-arabes-unidos-nid18052026/,scrapy_pipeline,AccessControlDetected,paywall=False login=False captcha=True,2026-05-18 13:10:30.151920
8cad1348-cccd-45f0-830e-86415d633dbe,tuoitre_vn,https://tuoitre.vn/thu-tinh-gui-ba-ngoai-lam-nen-ky-tich-phong-ve-trung-quoc-20260518120613641.htm,scrapy_pipeline,AccessControlDetected,paywall=False login=False captcha=True,2026-05-18 13:10:30.447807
bed83742-d78a-4c6d-8c3a-d8230b0c9e8e,indianexpress_com,https://indianexpress.com/article/india/weather-news-monsoon-onset-kerala-heavy-rain-alert-delhi-up-heatwave-10695537/,scrapy_pipeline,AccessControlDetected,paywall=False login=False captcha=True,2026-05-18 13:10:30.809732
c4d65fec-d140-4e26-b205-b7ad35532981,indianexpress_com,https://indianexpress.com/article/cities/mumbai/murshidabad-ashram-bomb-blast-mumbai-police-arrest-two-10695562/,scrapy_pipeline,AccessControlDetected,paywall=False login=False captcha=True,2026-05-18 13:10:31.130538
52dd2969-94eb-46d6-a60a-a615152004da,lanacion_com_ar,https://www.lanacion.com.ar/cultura/reparaciones-nid18052026/,scrapy_pipeline,AccessControlDetected,paywall=False login=False captcha=True,2026-05-18 13:10:31.552418
511de310-30b0-41e7-ae81-c5ae43c17fae,thanhnien_vn,https://thanhnien.vn/de-xuat-uu-tien-mo-rong-ngay-cao-toc-2-lan-xe-185260518152731172.htm,scrapy_pipeline,AccessControlDetected,paywall=False login=False captcha=True,2026-05-18 13:10:32.926787
25bedea3-fe74-49bd-bda2-83b4d7a16185,thanhnien_vn,https://thanhnien.vn/nhac-truong-dong-quang-vinh-cung-dan-nghe-si-opera-viet-hoi-ngo-trong-musical-night-185260518152326985.htm,scrapy_pipeline,AccessControlDetected,paywall=False login=False captcha=True,2026-05-18 13:10:33.147731
365d6a39-64a8-4eb1-8f59-abea02802e6c,thanhnien_vn,https://thanhnien.vn/an-1-qua-trung-moi-ngay-vao-mua-he-chuyen-gia-khuyen-gi-185260518152940346.htm,scrapy_pipeline,AccessControlDetected,paywall=False login=False captcha=True,2026-05-18 13:10:33.311482
ce3065df-e97b-41af-a101-b53985d6af57,tuoitre_vn,https://tuoitre.vn/cong-nhan-lo-bi-robot-thay-the-da-nang-noi-gi-20260518121637455.htm,scrapy_pipeline,AccessControlDetected,paywall=False login=False captcha=True,2026-05-18 13:10:33.810488
19350519-d512-427f-b019-cb4717198de0,tuoitre_vn,https://tuoitre.vn/vi-sao-cac-vo-si-sumo-kho-tho-qua-tuoi-60-2026051322013717.htm,scrapy_pipeline,AccessControlDetected,paywall=False login=False captcha=True,2026-05-18 13:10:34.005155
94e78872-a10e-4ffd-99bd-27a34813aa50,stats_gov_cn,https://www.stats.gov.cn/english/nbs/200701/t20070104_59235.html,scrapy_pipeline,NotToday,published_at outside target calendar window,2026-05-18 13:10:34.622728
229ee854-38c5-407c-abc1-82338188b362,tuoitre_vn,https://tuoitre.vn/tp-hcm-giao-lien-danh-deo-ca-tri-tin-nghien-cuu-lam-duong-tren-cao-doc-truc-nguyen-van-linh-20260518120017445.htm,scrapy_pipeline,AccessControlDetected,paywall=False login=False captcha=True,2026-05-18 13:10:34.816095
b452854a-2eb5-4ea4-856f-e77057692463,wsj_com,https://www.wsj.com/sitemaps/web/wsj/en/sitemap_wsj_en_m2_2026.xml,scrapy_fetch,FetchError,IgnoreRequest('Forbidden by robots.txt'),2026-05-18 13:10:34.903259
572a110a-7800-4950-b32b-2e4a6334dbd8,theaustralian_com_au,https://www.theaustralian.com.au/sitemap.xml?yyyy=2026&mm=05&dd=11,scrapy_fetch,FetchError,IgnoreRequest('Forbidden by robots.txt'),2026-05-18 13:10:34.970329
978cab2a-fe84-475e-97cb-41ff7c72efb2,stats_gov_cn,https://www.stats.gov.cn/english/nbs/200703/t20070329_59238.html,scrapy_pipeline,NotToday,published_at outside target calendar window,2026-05-18 13:10:35.150383
5e1ffeb9-7300-48d7-9ca8-d2a752083506,tuoitre_vn,https://tuoitre.vn/ve-san-chung-khoan-ao-thao-tung-thang-thua-de-lua-nha-dau-tu-mat-23-ti-20260518121653164.htm,scrapy_pipeline,AccessControlDetected,paywall=False login=False captcha=True,2026-05-18 13:10:36.443476
cb9bc8c2-3d7a-4830-aa3c-1ed548133443,theaustralian_com_au,https://www.theaustralian.com.au/sitemap.xml?yyyy=2026&mm=05&dd=10,scrapy_fetch,FetchError,IgnoreRequest('Forbidden by robots.txt'),2026-05-18 13:10:36.626171
66738274-b925-451f-a19e-79d9fe721188,apnews_com,https://apnews.com/article/redistricting-congress-trump-voting-rights-b939802fd1ee9c3ae47a8619151a9746,scrapy_pipeline,AccessControlDetected,paywall=False login=False captcha=True,2026-05-18 13:10:37.080634
79780a84-ca7f-4bc4-8bc1-7d8ca5f2cdde,tuoitre_vn,https://tuoitre.vn/corocoro-comic-khong-con-xuat-hien-trong-phan-gioi-thieu-cua-doraemon-20260518113004902.htm,scrapy_pipeline,AccessControlDetected,paywall=False login=False captcha=True,2026-05-18 13:10:37.395987
3d428770-5dba-4e76-8e61-85716eec5fa0,vnexpress_net,https://vnexpress.net/khoa-hoc-cong-nghe/vu-tru,scrapy_pipeline,AccessControlDetected,paywall=False login=False captcha=True,2026-05-18 13:10:37.971171
f97f5f40-7be0-41f9-97ee-b9469bdb193f,singstat_gov_sg,https://www.singstat.gov.sg/data-tools-services/advance-release-calendar,scrapy_pipeline,AccessControlDetected,paywall=False login=False captcha=True,2026-05-18 13:10:38.185188
07d5269a-cd14-452a-95f4-d23a291e9809,thenationalnews_com,https://www.thenationalnews.com/arts-culture/2026/05/18/emirati-artist-moza-al-falasi-transforms-personal-grief-into-hard-hitting-art-in-debut-dubai-solo-show/,scrapy_pipeline,AccessControlDetected,paywall=False login=False captcha=True,2026-05-18 13:10:38.425465
b5d269d1-7cd6-4233-b5f0-52e9e55d112f,tass_com,https://tass.com/world/2132085,scrapy_pipeline,AccessControlDetected,paywall=False login=False captcha=True,2026-05-18 13:10:40.910226
68b596b4-70ab-41cb-91cb-b3c0c4cc2fc2,chosun_com,https://www.chosun.com/english/industry-en/2026/05/18/D57EJNHQZNGWTGSRNTQ4TEGM3E/,scrapy_pipeline,ShortContent,length=0 min=80,2026-05-18 13:10:41.009404
e3dbc4db-2b51-482b-9bc4-c2548597081c,wsj_com,https://www.wsj.com/sitemaps/web/wsj/en/sitemap_wsj_en_m1_2026.xml,scrapy_fetch,FetchError,IgnoreRequest('Forbidden by robots.txt'),2026-05-18 13:10:42.437040
bb98734a-6d0d-4dd0-b8b3-cbed94fafe73,stats_gov_cn,https://www.stats.gov.cn/english/AI/,scrapy_pipeline,NotToday,published_at outside target calendar window,2026-05-18 13:10:42.638832
7933ddc0-b64b-433c-ba2c-9ccca6f80542,dw_com,https://www.dw.com/ur/%D8%A7%D9%88%DB%8C%D8%B3-%D8%AA%D9%88%D8%AD%DB%8C%D8%AF/person-55482150,scrapy_pipeline,AccessControlDetected,paywall=False login=False captcha=True,2026-05-18 13:10:45.094462
eea8f48f-1b9d-4104-b95e-674f375dcfba,ft_com,https://www.ft.com/content/ccebc75a-4b1e-4265-bbb1-27117f8c8673,scrapy_pipeline,HttpError,status=403,2026-05-18 13:10:45.237533
e2618845-daac-4348-bccd-63fe5cf28166,stats_gov_cn,https://www.stats.gov.cn/english/InternationalCooperation/,scrapy_pipeline,NotToday,published_at outside target calendar window,2026-05-18 13:10:45.338387
0b8cab78-6a92-4f92-afe0-84b4140f6d90,stats_gov_cn,https://www.stats.gov.cn/english/nbs/200701/t20070104_59236.html,scrapy_pipeline,NotToday,published_at outside target calendar window,2026-05-18 13:10:45.450156
45507b62-38ae-4d7d-8edf-8dff25e93830,stats_gov_cn,https://www.stats.gov.cn/english/InternationalTraining/,scrapy_pipeline,NotToday,published_at outside target calendar window,2026-05-18 13:10:45.558456
98636cc0-ed48-471c-825d-80768a4f3f68,24h_com_vn,https://www.24h.com.vn/bong-da/cuu-sao-mu-hojlund-toa-sang-gianh-ve-c1-cahn-dang-quang-voi-sieu-pham-phut-908-c48a1762693.html,scrapy_pipeline,AccessControlDetected,paywall=False login=False captcha=True,2026-05-18 13:10:45.746303
36cd439b-fd01-4347-a23a-4e3ebf914737,cnn_com,https://www.cnn.com/2026/05/17/sport/aaron-rai-pga-championship,scrapy_pipeline,AccessControlDetected,paywall=False login=False captcha=True,2026-05-18 13:10:46.748422
50500a9d-d302-4524-85bb-6d78bf406b11,independent_co_uk,https://www.independent.co.uk/arts-entertainment/music/news/noel-gallagher-anais-rent-net-worth-rich-list-b2978485.html,scrapy_pipeline,AccessControlDetected,paywall=False login=False captcha=True,2026-05-18 13:10:46.913792
5e5bcf69-2afa-4a87-bd2d-ba1b58fc57bc,tass_com,https://tass.com/politics/2132087,scrapy_pipeline,AccessControlDetected,paywall=False login=False captcha=True,2026-05-18 13:10:47.211481
13351e08-295f-474c-add0-9c62189e3c16,chosun_com,https://www.chosun.com/english/market-money-en/2026/05/18/VGWN2ATZ6ZH2LHNHE6QKMS564I/,scrapy_pipeline,ShortContent,length=0 min=80,2026-05-18 13:10:47.707977
bad045f1-af34-4be6-8195-da6799f54aad,vnexpress_net,https://vnexpress.net/khoa-hoc-cong-nghe/the-gioi-tu-nhien,scrapy_pipeline,AccessControlDetected,paywall=False login=False captcha=True,2026-05-18 13:10:48.166709
3610c864-33af-4ffb-bfce-d82e87a4f931,scmp_com,https://www.scmp.com/tech/tech-trends/article/3353937/chinas-amec-semiconductor-technology-now-industry-standard-adopted-rivals-founder?utm_source=rss_feed,scrapy_pipeline,AccessControlDetected,paywall=False login=False captcha=True,2026-05-18 13:10:48.591434
b96ad9ab-f7d1-42b6-bc07-87f93e737b26,lanacion_com_ar,https://www.lanacion.com.ar/politica/solo-en-off-luis-petri-y-manuel-adorni-los-dos-no-del-mendocino-cornejo-a-karina-milei-nid18052026/,scrapy_pipeline,AccessControlDetected,paywall=False login=False captcha=True,2026-05-18 13:10:49.123237
985ab262-eab2-4404-81ec-5ed3084faf7b,indianexpress_com,https://indianexpress.com/article/education/shivraj-maotegaonkar-10th-arrest-neet-paper-leak-case-10695558/,scrapy_pipeline,AccessControlDetected,paywall=False login=False captcha=True,2026-05-18 13:10:49.355471
7d1868ad-7b4d-4229-a110-9c1c192908b8,independent_co_uk,https://www.independent.co.uk/life-style/dating-wealthy-matchmaking-business-love-b2977232.html,scrapy_pipeline,AccessControlDetected,paywall=False login=False captcha=True,2026-05-18 13:10:49.504710
b041cb9c-c46c-41d4-b816-e0c25c7f2ab3,stats_gov_cn,https://www.stats.gov.cn/english/InternationalCooperation/202506/t20250623_1960239.html,scrapy_pipeline,NotToday,published_at outside target calendar window,2026-05-18 13:10:50.152199
ad23a673-7bd6-4edc-9866-f022b0bac81b,apnews_com,https://apnews.com/video/reaction-in-taiwan-to-trumps-remarks-on-arms-sales-as-bargaining-chip-for-negotiations-with-china-38a9a3991453410cb35027541fa270b5,scrapy_pipeline,AccessControlDetected,paywall=False login=False captcha=True,2026-05-18 13:10:52.924953
bf1bfd13-b969-4f71-afad-95b98060fdf5,scmp_com,https://www.scmp.com/news/asia/south-asia/article/3353938/india-has-142-billion-people-some-modi-allies-want-bigger-families?utm_source=rss_feed,scrapy_pipeline,AccessControlDetected,paywall=False login=False captcha=True,2026-05-18 13:10:53.152846
90f705f9-ee6d-4b83-b1d2-eb3424ef4336,lanacion_com_ar,https://www.lanacion.com.ar/sociedad/megatemplo-mormon-se-conocieron-detalles-sobre-como-sera-la-obra-en-el-centro-porteno-con-un-jesus-nid17052026/,scrapy_pipeline,AccessControlDetected,paywall=False login=False captcha=True,2026-05-18 13:10:53.330324
c498bba6-15ae-4612-9f39-916ef4f99868,indianexpress_com,https://indianexpress.com/article/education/study-abroad/uk-universities-surplus-profit-shrinks-800-million-pounds-hit-deficit-foreign-student-numbers-fall-hesa-immigration-10695302/,scrapy_pipeline,AccessControlDetected,paywall=False login=False captcha=True,2026-05-18 13:10:53.707181
718b2092-8408-46c1-aba5-d4762764aa7f,independent_co_uk,https://www.independent.co.uk/news/world/africa/ebola-virus-outbreak-symptoms-uganda-b2978488.html,scrapy_pipeline,AccessControlDetected,paywall=False login=False captcha=True,2026-05-18 13:10:54.067199
a08967d0-f6ca-49a8-a61f-b728fd913f34,scmp_com,https://www.scmp.com/news/hong-kong/law-and-crime/article/3353940/hong-kong-court-confiscates-hk674860-3-defendants-terrorism-trial?utm_source=rss_feed,scrapy_pipeline,AccessControlDetected,paywall=False login=False captcha=True,2026-05-18 13:10:54.640431
258207db-38c1-44f1-89b3-e354dd35dc9a,indianexpress_com,https://indianexpress.com/article/entertainment/bollywood/amitabh-bachchan-shares-video-ancient-vishnu-temple-bandar-abbas-iran-persian-song-10695578/,scrapy_pipeline,AccessControlDetected,paywall=False login=False captcha=True,2026-05-18 13:10:54.914059
d7d5a8d0-1b04-47be-b135-65cd917254fd,independent_co_uk,https://www.independent.co.uk/arts-entertainment/films/news/cate-blanchett-metoo-hollywood-cannes-b2978495.html,scrapy_pipeline,AccessControlDetected,paywall=False login=False captcha=True,2026-05-18 13:10:55.166061
00007242-3e1f-4b26-b22d-7b0103b58a05,thanhnien_vn,https://thanhnien.vn/nhung-cuon-sach-giup-hieu-dung-ve-ai-va-cong-nghe-185260518144212243.htm,scrapy_pipeline,AccessControlDetected,paywall=False login=False captcha=True,2026-05-18 13:10:55.424116
e166ab4b-7d37-4460-8215-f1c10809d16a,thanhnien_vn,https://thanhnien.vn/cham-thi-tot-nghiep-thpt-mon-tu-luan-dam-bao-nghiem-tuc-cong-bang-185260518150449867.htm,scrapy_pipeline,AccessControlDetected,paywall=False login=False captcha=True,2026-05-18 13:10:55.586543
52d43d74-c3e4-4130-a1a3-e5c3ba949869,tuoitre_vn,https://tuoitre.vn/vu-80kg-xac-ve-sau-can-giay-chung-minh-nguon-goc-can-lam-gi-de-tranh-rui-ro-phap-ly-20260517161551392.htm,scrapy_pipeline,AccessControlDetected,paywall=False login=False captcha=True,2026-05-18 13:10:56.131201
c1337318-cdbb-4abc-92b2-f8e51bea45fc,stats_gov_cn,https://www.stats.gov.cn/english/PressRelease/202605/t20260512_1963677.html,scrapy_pipeline,NotToday,published_at outside target calendar window,2026-05-18 13:10:56.360208
c5c88ed9-fe82-459d-8794-b87dcd88396b,tuoitre_vn,https://tuoitre.vn/mot-mua-giai-dang-quen-cua-chelsea-20260518100833565.htm,scrapy_pipeline,AccessControlDetected,paywall=False login=False captcha=True,2026-05-18 13:10:56.630653
1803838c-20b8-4721-bce4-54cd70946a11,scmp_com,https://www.scmp.com/sport/china/article/3353941/feeling-love-fan-gets-outpouring-support-despite-mixed-champs-league-finals-display?utm_source=rss_feed,scrapy_pipeline,AccessControlDetected,paywall=False login=False captcha=True,2026-05-18 13:10:57.131882
6f13dab1-66f1-47ed-9944-f93ed77bede8,lanacion_com_ar,https://www.lanacion.com.ar/el-mundo/se-extienden-las-protestas-en-bolivia-y-eeuu-denuncia-una-desestabilizacion-nid17052026/,scrapy_pipeline,AccessControlDetected,paywall=False login=False captcha=True,2026-05-18 13:10:57.311444
18131f76-7b91-4a60-9ed8-b9f1a1b45d11,lanacion_com_ar,https://www.lanacion.com.ar/politica/rechazo-de-la-iglesia-al-operativo-policial-en-villas-portenas-tormenta-negra-se-llama-cuando-el-nid17052026/,scrapy_pipeline,AccessControlDetected,paywall=False login=False captcha=True,2026-05-18 13:10:57.492742
47de0677-293e-4e4d-b541-5d0ff494df9d,indianexpress_com,https://indianexpress.com/article/education/cbse-12th-results-osm-on-screen-marking-re-evaluation-fees-dropped-refund-notice-student-helpline-cbse-gov-in-10695444/,scrapy_pipeline,AccessControlDetected,paywall=False login=False captcha=True,2026-05-18 13:10:57.832051
06ec66b1-64c2-41ec-9acd-850fb304a752,scmp_com,https://www.scmp.com/business/article/3353943/rising-secondary-home-prices-chinas-major-cities-april-stoke-hopes-stability?utm_source=rss_feed,scrapy_pipeline,AccessControlDetected,paywall=False login=False captcha=True,2026-05-18 13:10:58.189989
0a53c1de-3a54-47c3-9162-1d3211401dd6,thanhnien_vn,https://thanhnien.vn/di-kham-cung-nhau-thoi-quen-moi-cua-nhung-gia-dinh-hien-dai-tai-nha-trang-185260518154300685.htm,scrapy_pipeline,AccessControlDetected,paywall=False login=False captcha=True,2026-05-18 13:10:58.514905
798d77fd-9f78-4b4c-8a57-8b7fe8ee1341,independent_co_uk,https://www.independent.co.uk/news/uk/politics/yvette-cooper-palestine-action-article-trial-b2978390.html,scrapy_pipeline,AccessControlDetected,paywall=False login=False captcha=True,2026-05-18 13:10:58.834138
315d1bfe-93a7-4ea9-b18e-37c012a03892,tuoitre_vn,https://tuoitre.vn/bao-tin-manh-hai-chuan-bi-len-san-chung-khoan-tai-tp-hcm-2026051813045682.htm,scrapy_pipeline,AccessControlDetected,paywall=False login=False captcha=True,2026-05-18 13:10:59.171329
93276e21-8a1b-4938-b544-aa61c1bb1f0a,scmp_com,https://www.scmp.com/news/world/europe/article/3353945/revolt-against-uks-starmer-revives-bitter-debate-over-undoing-brexit?utm_source=rss_feed,scrapy_pipeline,AccessControlDetected,paywall=False login=False captcha=True,2026-05-18 13:10:59.366452
d0c3f5d2-210d-4354-a982-1f6379b3ec23,lanacion_com_ar,https://www.lanacion.com.ar/sociedad/ferrero-para-clonar-un-especialista-en-sueno-revelo-las-claves-a-la-hora-de-comprar-una-buena-nid18052026/,scrapy_pipeline,AccessControlDetected,paywall=False login=False captcha=True,2026-05-18 13:10:59.898519
a1e99bed-b4da-4a50-9f3a-4e6da05d0d8a,scmp_com,https://www.scmp.com/news/china/diplomacy/article/3353947/chinese-scientists-land-sandy-cay-reef-tensions-philippines-escalate-once-again?utm_source=rss_feed,scrapy_pipeline,AccessControlDetected,paywall=False login=False captcha=True,2026-05-18 13:11:00.067612
6ee2cf68-b35d-41e1-acde-1681d3b0898f,indianexpress_com,https://indianexpress.com/article/legal-news/jammu-and-kashmir-and-ladakh-high-court-preventive-custody-2025-10695482/,scrapy_pipeline,AccessControlDetected,paywall=False login=False captcha=True,2026-05-18 13:11:00.258834
388ceb2c-4d18-48aa-96d1-f6f2677c4e97,stats_gov_cn,https://www.stats.gov.cn/english/LF/,scrapy_pipeline,NotToday,published_at outside target calendar window,2026-05-18 13:11:00.353619
a547c905-b233-47b5-9e2d-8dcd47b5a7eb,thanhnien_vn,https://thanhnien.vn/uom-mam-tai-nang-pickleball-viet-nam-185260518151054253.htm,scrapy_pipeline,AccessControlDetected,paywall=False login=False captcha=True,2026-05-18 13:11:00.795079
994d9a40-9a59-4bc0-b1da-fa7ff760d997,stats_gov_cn,https://www.stats.gov.cn/english/understanding/,scrapy_pipeline,NotToday,published_at outside target calendar window,2026-05-18 13:11:01.079663
8b72233b-9d09-447a-bc0c-31a77540731b,thanhnien_vn,https://thanhnien.vn/pha-hoai-bang-thong-tin-cuu-ho-tren-cao-toc-vi-mau-thuan-lam-an-185260518152000609.htm,scrapy_pipeline,AccessControlDetected,paywall=False login=False captcha=True,2026-05-18 13:11:01.242319
b3236cbc-e6a3-440a-95fe-a87cba26fc46,independent_co_uk,https://www.independent.co.uk/bulletin/sport/albert-riera-eintracht-frankfurt-manager-bundesliga-b2978499.html,scrapy_pipeline,AccessControlDetected,paywall=False login=False captcha=True,2026-05-18 13:11:01.371462
705a95e5-1547-4d8c-91eb-96cb78836d11,lanacion_com_ar,https://www.lanacion.com.ar/el-mundo/guerra-de-estados-unidos-e-israel-contra-iran-en-vivo-tension-en-medio-oriente-hoy-lunes-18-de-mayo-nid17052026/,scrapy_pipeline,AccessControlDetected,paywall=False login=False captcha=True,2026-05-18 13:11:01.607983
9a477817-0011-4d29-995f-7855a0a0863b,theaustralian_com_au,https://www.theaustralian.com.au/sitemap.xml?yyyy=2026&mm=05&dd=09,scrapy_fetch,FetchError,IgnoreRequest('Forbidden by robots.txt'),2026-05-18 13:11:01.770584
fe0eaf68-8630-4007-9c2a-edc430fed7ef,wsj_com,https://www.wsj.com/sitemaps/web/wsj/en/sitemap_wsj_en_m12_2025.xml,scrapy_fetch,FetchError,IgnoreRequest('Forbidden by robots.txt'),2026-05-18 13:11:01.860155
b4639f68-81be-4c60-9062-1db375112216,indianexpress_com,https://indianexpress.com/article/lifestyle/health/how-should-indians-precautionary-measures-ebola-who-declared-global-health-emergency-experts-10695186/,scrapy_pipeline,AccessControlDetected,paywall=False login=False captcha=True,2026-05-18 13:11:02.119299
a7be8bab-fb7e-4495-9048-ded4bda21e2a,tuoitre_vn,https://tuoitre.vn/chiec-xe-bi-an-trong-doan-ho-tong-ong-donald-trump-gay-xon-xao-dan-mang-thi-nhau-mo-xe-vai-tro-20260518091942395.htm,scrapy_pipeline,AccessControlDetected,paywall=False login=False captcha=True,2026-05-18 13:11:02.318222
032939ea-9efb-451a-87ab-53b3bf593363,independent_co_uk,https://www.independent.co.uk/news/world/americas/us-politics/marjorie-taylor-greene-trump-iran-b2978478.html,scrapy_pipeline,AccessControlDetected,paywall=False login=False captcha=True,2026-05-18 13:11:02.464065
85fc400e-d5ab-408e-a307-3ec5a15fd76b,chosun_com,https://www.chosun.com/english/sports-en/2026/05/18/YKBB2EE675AX5BUQ5YD364TL7U/,scrapy_pipeline,ShortContent,length=0 min=80,2026-05-18 13:11:02.899810
73dc2907-9b79-41d2-ae8f-33ada3e875eb,who_int,https://www.who.int/choice/sitemap/en/,scrapy_pipeline,HttpError,status=404,2026-05-18 13:11:04.160766
b1c3c4ef-1439-4f27-b560-dd434c065ed9,dw_com,https://www.dw.com/ur/%D9%85%D8%AD%D9%85%D8%AF-%D8%B4%D8%B9%DB%8C%D8%A8-%D8%B9%D8%A7%D8%AF%D9%84/person-55430791,scrapy_pipeline,AccessControlDetected,paywall=False login=False captcha=True,2026-05-18 13:11:04.329124
a1fa649c-5f62-4ef7-b39d-84ec5770ac54,tuoitre_vn,https://tuoitre.vn/bo-xay-dung-de-xuat-cap-10-000-ti-dong-von-dieu-le-cho-quy-nha-o-trung-uong-20260518134231793.htm,scrapy_pipeline,AccessControlDetected,paywall=False login=False captcha=True,2026-05-18 13:11:04.514019
037fd77f-48c4-4b74-960d-816df7f010ef,tass_com,https://tass.com/world/2132089,scrapy_pipeline,AccessControlDetected,paywall=False login=False captcha=True,2026-05-18 13:11:04.890834
b5222dfc-2a1a-4820-8976-e1eb02f53615,singstat_gov_sg,https://www.singstat.gov.sg/standard-classifications/standards/data-dissemination-standard/national-summary-page,scrapy_pipeline,AccessControlDetected,paywall=False login=False captcha=True,2026-05-18 13:11:09.426256
ed868c2e-b60a-4712-adfb-92c289d39f16,apnews_com,https://apnews.com/article/taiwan-us-arms-china-trump-9b281ac90e9bcb71aee8011435dec0c2,scrapy_pipeline,AccessControlDetected,paywall=False login=False captcha=True,2026-05-18 13:11:10.788853
4c05c0e2-1431-4031-80de-1293f3225305,thenationalnews_com,https://www.thenationalnews.com/sport/football/2026/05/18/cristiano-ronaldo-heads-five-man-shortlist-for-saudi-pro-league-player-of-the-season-award/,scrapy_pipeline,AccessControlDetected,paywall=False login=False captcha=True,2026-05-18 13:11:10.977601
245df638-75c0-40e6-adad-79242de09323,lanacion_com_ar,https://www.lanacion.com.ar/el-mundo/emiratos-arabes-rompe-en-varios-frentes-con-arabia-saudita-y-busca-emerger-como-potencia-hegemonica-nid17052026/,scrapy_pipeline,AccessControlDetected,paywall=False login=False captcha=True,2026-05-18 13:11:12.187644
3dcd66bb-0f99-463e-96c3-942165031a30,theaustralian_com_au,https://www.theaustralian.com.au/sitemap.xml?yyyy=2026&mm=05&dd=08,scrapy_fetch,FetchError,IgnoreRequest('Forbidden by robots.txt'),2026-05-18 13:11:15.226337
33b963a1-7b46-4662-a21c-02b9a763e3c6,wsj_com,https://www.wsj.com/sitemaps/web/wsj/en/sitemap_wsj_en_m11_2025.xml,scrapy_fetch,FetchError,IgnoreRequest('Forbidden by robots.txt'),2026-05-18 13:11:15.294402
39dd3339-953f-4869-bd1b-3d7df671537c,vietnamnet_vn,https://vietnamnet.vn/treo-cot-dien-tag6343781035408807175.html,scrapy_pipeline,HttpError,status=404,2026-05-18 13:11:15.382731
0155d7ee-46c8-4b9d-b7c5-3f39ba6475ea,eluniversal_com_mx,https://www.eluniversal.com.mx/opinion/articulista-invitado/mexico-en-la-carrera-por-la-inversion-en-infraestructura-energetica/,scrapy_pipeline,AccessControlDetected,paywall=False login=False captcha=True,2026-05-18 13:11:15.648109
ba7d75d4-464a-4763-9c34-91a9c233e6a6,stats_gov_cn,https://www.stats.gov.cn/english/StatisticalCommuniqu/,scrapy_pipeline,NotToday,published_at outside target calendar window,2026-05-18 13:11:15.825977
2fa57af7-c4f9-4a51-89b7-b774890ce32d,24h_com_vn,https://www.24h.com.vn/bong-da/my-nhan-dep-nhat-world-cup-ban-gai-cu-vinicius-3-vong-boc-lua-nang-wag-giau-nhat-the-gioi-c48a1760127.html,scrapy_pipeline,AccessControlDetected,paywall=False login=False captcha=True,2026-05-18 13:11:16.115955
c64dd63e-51ca-4a79-acf9-d7ddf577b005,stats_gov_cn,https://www.stats.gov.cn/english/AI/OS/202208/t20220824_1887612.html,scrapy_pipeline,NotToday,published_at outside target calendar window,2026-05-18 13:11:16.204423
f12aa9b1-0360-432e-b71f-1e8c6cb9ae64,ft_com,https://www.ft.com/executive-method,scrapy_pipeline,HttpError,status=403,2026-05-18 13:11:16.260771
87029727-85ae-4ebf-9ebc-ce5373ce73aa,scmp_com,https://www.scmp.com/news/hong-kong/society/article/3353951/hong-kongs-cuhk-aims-bring-ai-life-humanoid-focused-robotics-lab?utm_source=rss_feed,scrapy_pipeline,AccessControlDetected,paywall=False login=False captcha=True,2026-05-18 13:11:17.414792
787ac371-ebe8-49d3-a9d5-9aad88bd61e4,wsj_com,https://www.wsj.com/sitemaps/web/wsj/en/sitemap_wsj_en_m10_2025.xml,scrapy_fetch,FetchError,IgnoreRequest('Forbidden by robots.txt'),2026-05-18 13:11:17.616093
ca03ed23-cb8d-4a24-bb21-c6d863e3fc30,indianexpress_com,https://indianexpress.com/article/entertainment/telugu/sreeleela-tilak-varma-never-met-spoke-to-each-other-report-rejects-dating-rumours-10695376/,scrapy_pipeline,AccessControlDetected,paywall=False login=False captcha=True,2026-05-18 13:11:17.827807
3a93abcc-afae-42a2-88bf-64891e454ddf,theaustralian_com_au,https://www.theaustralian.com.au/sitemap.xml?yyyy=2026&mm=05&dd=07,scrapy_fetch,FetchError,IgnoreRequest('Forbidden by robots.txt'),2026-05-18 13:11:17.905410
a9cd3e76-3050-4d0f-9a74-4ed844e3a840,scmp_com,https://www.scmp.com/tech/tech-trends/article/3353954/forget-cellular-data-chinas-telecoms-giants-are-selling-ai-token-plans?utm_source=rss_feed,scrapy_pipeline,AccessControlDetected,paywall=False login=False captcha=True,2026-05-18 13:11:18.506506
82c3cc0e-e455-41f9-997e-6bf206a3ea4b,indianexpress_com,https://indianexpress.com/article/education/chse-odisha-plus-two-results-2026-date-and-time-class-12-result-to-be-out-by-may-20-chseodisha-nic-in-10695615/,scrapy_pipeline,AccessControlDetected,paywall=False login=False captcha=True,2026-05-18 13:11:18.827401
3fbd5318-9d50-4e4f-8efd-abbb3ee231eb,tass_com,https://tass.com/world/2132095,scrapy_pipeline,AccessControlDetected,paywall=False login=False captcha=True,2026-05-18 13:11:19.730849
18e7213d-b964-4716-b829-5a02ce87375c,theaustralian_com_au,https://www.theaustralian.com.au/sitemap.xml?yyyy=2026&mm=05&dd=06,scrapy_fetch,FetchError,IgnoreRequest('Forbidden by robots.txt'),2026-05-18 13:11:22.361161
d860ff98-5d8c-4bba-b82d-e79bb2ae00f3,wsj_com,https://www.wsj.com/sitemaps/web/wsj/en/sitemap_wsj_en_m9_2025.xml,scrapy_fetch,FetchError,IgnoreRequest('Forbidden by robots.txt'),2026-05-18 13:11:22.460681
dc5557f5-59dc-4e37-bad6-7215d2d1bfa7,lanacion_com_ar,https://www.lanacion.com.ar/politica/milei-contraataca-con-la-retaguardia-estallada-nid17052026/,scrapy_pipeline,AccessControlDetected,paywall=False login=False captcha=True,2026-05-18 13:11:22.922547
9738ce6a-4088-4726-b53b-06620dab55ff,dw_com,https://www.dw.com/ur/%DA%88%D8%A7%DA%A9%D9%B9%D8%B1-%D8%B4%D9%85%D8%A7%D8%A6%D9%84%DB%81-%D8%AD%D8%B3%DB%8C%D9%86/person-55159993,scrapy_pipeline,AccessControlDetected,paywall=False login=False captcha=True,2026-05-18 13:11:23.504988
7e729346-bf29-4d98-81c8-3686539d46bc,singstat_gov_sg,https://www.singstat.gov.sg/find-data/get-latest-data,scrapy_pipeline,AccessControlDetected,paywall=False login=False captcha=True,2026-05-18 13:11:24.054616
2309aa40-fe94-4fb5-a79e-b1044b6333cb,apnews_com,https://apnews.com/article/brittney-sykes-phoenix-mercury-phoenix-wnba-basketball-036f69ff69834ea1861746fa84a4fc9c,scrapy_pipeline,AccessControlDetected,paywall=False login=False captcha=True,2026-05-18 13:11:24.453442
287682b3-664d-4aee-bda0-7b6948c35873,thenationalnews_com,https://www.thenationalnews.com/news/mena/2026/05/18/death-penalty-law-for-palestinians-in-west-bank-takes-effect-in-israel/,scrapy_pipeline,AccessControlDetected,paywall=False login=False captcha=True,2026-05-18 13:11:24.675549
b856f34d-5afd-4f09-9815-f1b8b4fcacfc,thanhnien_vn,https://thanhnien.vn/ai-tv-co-that-su-thong-minh-hon-smart-tv-truyen-thong-185260518132820634.htm,scrapy_pipeline,AccessControlDetected,paywall=False login=False captcha=True,2026-05-18 13:11:24.942926
e398dcdd-3cbc-42b6-a060-c561af5c35dd,vnexpress_net,https://vnexpress.net/khoa-hoc-cong-nghe/cuoc-thi-sang-kien-khoa-hoc,scrapy_pipeline,AccessControlDetected,paywall=False login=False captcha=True,2026-05-18 13:11:25.778353
a5ee6a7c-63df-43fd-9949-aeca56a4b9f2,tuoitre_vn,https://tuoitre.vn/bat-nguoi-phu-nu-giai-bua-cung-han-o-tay-ninh-de-lua-dao-gan-3-ti-dong-20260518132024747.htm,scrapy_pipeline,AccessControlDetected,paywall=False login=False captcha=True,2026-05-18 13:11:25.978333
4def4660-2519-49ee-842c-a82a80de3c3f,chosun_com,https://www.chosun.com/politics/election2026/2026/05/18/HINELRCVM5GANDZEXKXDOJBDXU/,scrapy_pipeline,ShortContent,length=0 min=80,2026-05-18 13:11:26.257788
cf8795a3-923a-492f-a95c-1605bf06fdc7,lanacion_com_ar,https://www.lanacion.com.ar/deportes/futbol/belgrano-escribe-una-nueva-pagina-de-triunfos-y-buscara-el-primer-titulo-de-su-historia-justo-contra-nid17052026/,scrapy_pipeline,AccessControlDetected,paywall=False login=False captcha=True,2026-05-18 13:11:26.421394
0caf2d48-1460-4331-ae91-625407204c14,independent_co_uk,https://www.independent.co.uk/tv/news/waymo-driverless-cars-atlanta-video-b2978460.html,scrapy_pipeline,AccessControlDetected,paywall=False login=False captcha=True,2026-05-18 13:11:27.528488
56ca827d-8057-43a9-9f13-343ad4d35cba,thanhnien_vn,https://thanhnien.vn/de-xuat-mo-rong-doi-tuong-boi-duong-nghiep-vu-su-pham-185260518143610517.htm,scrapy_pipeline,AccessControlDetected,paywall=False login=False captcha=True,2026-05-18 13:11:28.078757
f0ef096f-db78-417f-9e1e-1336291efc3a,scmp_com,https://www.scmp.com/lifestyle/arts/article/3353405/indonesian-artists-venice-installation-reimagines-cia-backed-female-guerrilla-fighter?utm_source=rss_feed,scrapy_pipeline,AccessControlDetected,paywall=False login=False captcha=True,2026-05-18 13:11:28.992782
7ff404b3-466d-4d3e-9d9d-476d2cde4052,ft_com,https://www.ft.com/content/5578d882-c957-43eb-a0eb-ac8e18fd3610,scrapy_pipeline,HttpError,status=403,2026-05-18 13:11:29.072328
242cf873-7cb3-4b57-bf17-d0922a385614,indianexpress_com,https://indianexpress.com/article/world/tensions-escalate-as-russia-ukraine-exchange-massive-drone-strikes-what-we-know-so-far-10695354/,scrapy_pipeline,AccessControlDetected,paywall=False login=False captcha=True,2026-05-18 13:11:29.331633
a40e1539-2fab-43da-a3d4-7f691eeaeca8,tuoitre_vn,https://tuoitre.vn/dai-hoc-kinh-te-tphcm-nhan-minh-chung-xet-tuyen-dai-hoc-2026-20260518135813984.htm,scrapy_pipeline,AccessControlDetected,paywall=False login=False captcha=True,2026-05-18 13:11:29.616864
c778c863-b39a-4aad-ba23-041562076ad7,stats_gov_cn,https://www.stats.gov.cn/wzgl/rss/202305/t20230519_1939842.html,scrapy_pipeline,NotToday,published_at outside target calendar window,2026-05-18 13:11:29.911901
2a444374-d840-4d8a-a31f-814964706806,24h_com_vn,https://www.24h.com.vn/bong-da/messi-ghi-ban-kien-tao-am-am-truoc-world-cup-2026-ronaldo-gay-that-vong-lon-c48a1762645.html,scrapy_pipeline,AccessControlDetected,paywall=False login=False captcha=True,2026-05-18 13:11:30.097104
f6026496-79d1-4f71-9d2e-278f0e50f517,lanacion_com_ar,https://www.lanacion.com.ar/politica/los-gobernadores-ya-coordinan-fechas-para-desdoblar-las-elecciones-provinciales-y-despegarse-de-la-nid17052026/,scrapy_pipeline,AccessControlDetected,paywall=False login=False captcha=True,2026-05-18 13:11:30.402766
92b60c1b-842c-41d7-87e9-7c17ccbc2aca,stats_gov_cn,https://www.stats.gov.cn/,scrapy_pipeline,NotToday,published_at outside target calendar window,2026-05-18 13:11:30.792210
761be04f-716a-41b0-98c9-cae8108c9091,lanacion_com_ar,https://www.lanacion.com.ar/politica/javier-milei-y-sus-medidas-en-vivo-el-respaldo-del-presidente-a-espert-y-las-tensiones-en-el-nid17052026/,scrapy_pipeline,AccessControlDetected,paywall=False login=False captcha=True,2026-05-18 13:11:31.002461
f7f0f27f-6184-4f9f-9599-172ea7029ad7,scmp_com,https://www.scmp.com/week-asia/politics/article/3353955/election-war-drums-beat-malaysias-ruling-coalition-done?utm_source=rss_feed,scrapy_pipeline,AccessControlDetected,paywall=False login=False captcha=True,2026-05-18 13:11:31.372937
45413851-da1a-4e45-a1bc-1ef788ba3508,indianexpress_com,https://indianexpress.com/article/explained/explained-politics/up-elections-new-obc-commission-panchayat-10695563/,scrapy_pipeline,AccessControlDetected,paywall=False login=False captcha=True,2026-05-18 13:11:31.617672
da730a94-a755-41a3-8d78-9b7a88cbdde1,apnews_com,https://apnews.com/video/feels-like-a-dream-bulgarian-singer-dara-says-after-winning-eurovision-song-contest-in-vienna-a450073edc844cfba029bba7ad96f5d7,scrapy_pipeline,AccessControlDetected,paywall=False login=False captcha=True,2026-05-18 13:11:34.098211
d4194e03-3306-4a99-bf09-0cd15a80e360,thanhnien_vn,https://thanhnien.vn/chi-tiet-bang-luong-quan-doi-2026-nhom-nao-tang-manh-nhat-185260518152926596.htm,scrapy_pipeline,AccessControlDetected,paywall=False login=False captcha=True,2026-05-18 13:11:34.278537
9cababbb-7e92-4d26-960d-377f67d72dfd,tuoitre_vn,https://tuoitre.vn/thuong-theo-ti-le-gia-tri-lam-loi-don-bay-tang-nang-suat-lao-dong-20260518131805361.htm,scrapy_pipeline,AccessControlDetected,paywall=False login=False captcha=True,2026-05-18 13:11:34.521276
a43b9b61-c411-4240-8be2-a766f76cb875,scmp_com,https://www.scmp.com/news/world/africa/article/3353956/silent-spread-rare-and-deadly-ebola-strain-exposes-surveillance-gaps?utm_source=rss_feed,scrapy_pipeline,AccessControlDetected,paywall=False login=False captcha=True,2026-05-18 13:11:34.844244
71f81373-4e53-4a6a-a2ce-b2b0b6f748a4,scmp_com,https://www.scmp.com/opinion/asia-opinion/article/3353926/why-asias-rental-housing-markets-outside-japan-are-luring-investors?utm_source=rss_feed,scrapy_pipeline,AccessControlDetected,paywall=False login=False captcha=True,2026-05-18 13:11:35.285742
738394fa-248a-4a8a-a570-58105a09ce41,indianexpress_com,https://indianexpress.com/article/education/jee-advanced-2026-category-wise-cut-off-iit-roorkee-jeeadv-ac-in-10695460/,scrapy_pipeline,AccessControlDetected,paywall=False login=False captcha=True,2026-05-18 13:11:35.485899
984eb40b-d8c8-48f4-b00d-f4a3e950c722,lanacion_com_ar,https://www.lanacion.com.ar/estados-unidos/nueva-jersey/nueva-york-y-nueva-jersey-vs-fifa-los-estados-exigen-que-la-organizacion-pague-el-transporte-al-nid18052026/,scrapy_pipeline,AccessControlDetected,paywall=False login=False captcha=True,2026-05-18 13:11:35.697700
fed48df9-c589-41c3-a26e-7204562a8948,lanacion_com_ar,https://www.lanacion.com.ar/sociedad/quien-era-serena-andreatta-la-argentina-que-murio-en-un-accidente-de-transito-en-una-ruta-de-nid17052026/,scrapy_pipeline,AccessControlDetected,paywall=False login=False captcha=True,2026-05-18 13:11:36.068495
b4babdf3-1b0e-4468-9187-6df5a16267c3,stats_gov_cn,https://www.stats.gov.cn/english/PressRelease/202605/t20260514_1963692.html,scrapy_pipeline,NotToday,published_at outside target calendar window,2026-05-18 13:11:36.451930
0fab7997-308a-4ca6-bbc6-e7c977350fc5,tuoitre_vn,https://tuoitre.vn/dien-luc-quang-tri-chu-dong-chuan-bi-trien-khai-khung-gio-dien-moi-20260518133554178.htm,scrapy_pipeline,AccessControlDetected,paywall=False login=False captcha=True,2026-05-18 13:11:36.680833
3dc4a284-7a48-4071-9af8-0c80b3f73735,indianexpress_com,https://indianexpress.com/article/books-and-literature/2026-orwell-prize-sam-dalrymples-shattered-lands-shortlist-10695559/,scrapy_pipeline,AccessControlDetected,paywall=False login=False captcha=True,2026-05-18 13:11:36.880273
6b57c7bc-449d-43bd-b230-c4cd7056fcf8,thanhnien_vn,https://thanhnien.vn/tphcm-tu-cu-nga-xe-dap-nhap-vien-phat-hien-khoi-u-nao-to-nhu-qua-cam-185260518125235802.htm,scrapy_pipeline,AccessControlDetected,paywall=False login=False captcha=True,2026-05-18 13:11:37.063935
19b91d17-acef-443f-b5b9-4c313a1f0e26,thanhnien_vn,https://thanhnien.vn/han-quoc-cong-bo-sach-trang-huong-den-chung-song-hoa-binh-voi-trieu-tien-185260518154541606.htm,scrapy_pipeline,AccessControlDetected,paywall=False login=False captcha=True,2026-05-18 13:11:37.533817
034c292a-6832-485d-b08a-ee51e37ac416,tuoitre_vn,https://tuoitre.vn/vu-mot-phu-nu-chet-bat-thuong-o-khanh-hoa-truy-tim-nguoi-dan-ong-lien-quan-20260518131744766.htm,scrapy_pipeline,AccessControlDetected,paywall=False login=False captcha=True,2026-05-18 13:11:37.749279
1e174cd7-8f5b-4e52-8926-3833119ca4c3,lanacion_com_ar,https://www.lanacion.com.ar/estados-unidos/el-momento-en-que-dos-aviones-de-combate-chocan-durante-un-show-aereo-en-estados-unidos-nid17052026/,scrapy_pipeline,AccessControlDetected,paywall=False login=False captcha=True,2026-05-18 13:11:37.975285
11b1c589-0a0c-46e6-b30d-937069cb1702,scmp_com,https://www.scmp.com/business/china-business/article/3353963/li-auto-leads-retreat-chinese-ev-stocks-price-cuts-marquee-models-raise-concerns?utm_source=rss_feed,scrapy_pipeline,AccessControlDetected,paywall=False login=False captcha=True,2026-05-18 13:11:38.172307
d13b9dc8-717a-4cff-ae73-856e15331504,indianexpress_com,https://indianexpress.com/article/cities/bangalore/bengaluru-orange-alert-heavy-rain-karnataka-imd-monsoon-forecast-10695657/,scrapy_pipeline,AccessControlDetected,paywall=False login=False captcha=True,2026-05-18 13:11:38.450572
437be17d-217f-4d31-8313-64def9d691d6,tuoitre_vn,https://tuoitre.vn/nhieu-tuyen-duong-thu-thiem-dang-noi-lien-do-thi-moi-se-ket-noi-thong-suot-20260518131646703.htm,scrapy_pipeline,AccessControlDetected,paywall=False login=False captcha=True,2026-05-18 13:11:38.713462
90af1fce-e439-4c3c-b2d8-539c3512f780,thanhnien_vn,https://thanhnien.vn/trung-quoc-dong-dat-lam-sap-13-toa-nha-hon-7000-nguoi-so-tan-185260518154956683.htm,scrapy_pipeline,AccessControlDetected,paywall=False login=False captcha=True,2026-05-18 13:11:38.897093
ab2bc4dc-38d5-4772-a620-218c1a3aa7d5,scmp_com,https://www.scmp.com/week-asia/economics/article/3353960/south-korea-stifling-samsung-workers-us400000-bonus-strike-risks-wider-crisis?utm_source=rss_feed,scrapy_pipeline,AccessControlDetected,paywall=False login=False captcha=True,2026-05-18 13:11:40.816479
656d60d8-0311-4a3a-a8b0-4d54364fd743,indianexpress_com,https://indianexpress.com/article/opinion/columns/india-2026-economic-crisis-china-1978-comparison-radical-reform-10695638/,scrapy_pipeline,AccessControlDetected,paywall=False login=False captcha=True,2026-05-18 13:11:41.031434
802a903b-340d-461b-9c2c-5bfcf5921731,lanacion_com_ar,https://www.lanacion.com.ar/el-mundo/dia-80-de-la-guerra-entre-estados-unidos-israel-e-iran-todo-lo-que-hay-que-saber-nid17052026/,scrapy_pipeline,AccessControlDetected,paywall=False login=False captcha=True,2026-05-18 13:11:41.241183
e2cc246e-38c4-40ef-8219-e50dae5a4f24,wsj_com,https://www.wsj.com/sitemaps/web/wsj/en/sitemap_wsj_en_m8_2025.xml,scrapy_fetch,FetchError,IgnoreRequest('Forbidden by robots.txt'),2026-05-18 13:11:41.372529
798b716c-b06e-40ba-86f1-42e782cbad1d,thanhnien_vn,https://thanhnien.vn/bi-quyet-cua-nam-sinh-can-tho-so-huu-nhieu-sang-che-cong-nghe-doc-dao-1852605181425498.htm,scrapy_pipeline,AccessControlDetected,paywall=False login=False captcha=True,2026-05-18 13:11:41.537856
ba29f076-2675-47ed-a654-ae5dead7be2a,theaustralian_com_au,https://www.theaustralian.com.au/sitemap.xml?yyyy=2026&mm=05&dd=05,scrapy_fetch,FetchError,IgnoreRequest('Forbidden by robots.txt'),2026-05-18 13:11:41.627485
85de3469-4e5b-4ac1-afcd-97a5af23c45e,scmp_com,https://www.scmp.com/news/china/politics/article/3353961/why-beijing-outraged-over-taiwans-lai-honouring-wwii-era-japanese-engineer?utm_source=rss_feed,scrapy_pipeline,AccessControlDetected,paywall=False login=False captcha=True,2026-05-18 13:11:41.796836
03a0603b-fe8b-4b79-8efd-46ebb7a8a4c9,tuoitre_vn,https://tuoitre.vn/nguoi-pha-hoai-bang-thong-tin-ho-tro-cuu-ho-tren-cao-toc-chi-bi-phat-1-5-trieu-dong-20260518142036719.htm,scrapy_pipeline,AccessControlDetected,paywall=False login=False captcha=True,2026-05-18 13:11:41.969588
aaa741c9-81de-4f49-8c66-16ead37d801a,lanacion_com_ar,https://www.lanacion.com.ar/politica/javier-milei-defendio-a-espert-el-diputado-que-renuncio-a-su-candidatura-por-sus-vinculos-con-nid17052026/,scrapy_pipeline,AccessControlDetected,paywall=False login=False captcha=True,2026-05-18 13:11:46.406358
6a240d3e-23d7-42f7-aa8f-75335ff019b7,tass_com,https://tass.com/economy/2132097,scrapy_pipeline,AccessControlDetected,paywall=False login=False captcha=True,2026-05-18 13:11:46.868587
2c2f2994-ebd5-45dc-9aa6-3ab085ff7ce4,singstat_gov_sg,https://www.singstat.gov.sg/find-data/explore-data-themes/industry/tourism/latest-news-data,scrapy_pipeline,AccessControlDetected,paywall=False login=False captcha=True,2026-05-18 13:11:47.440466
613c3b10-218c-4bba-b723-befdcb945af2,indianexpress_com,https://indianexpress.com/article/cities/chandigarh/common-man-politics-aap-fields-newspaper-hawker-from-ward-20-in-mohali-mc-polls-10695661/,scrapy_pipeline,AccessControlDetected,paywall=False login=False captcha=True,2026-05-18 13:11:48.047654
b3d96018-74e8-43ba-b483-b54942d8817a,stats_gov_cn,https://www.stats.gov.cn/english/ClassificationsMethods/Classifications/,scrapy_pipeline,NotToday,published_at outside target calendar window,2026-05-18 13:11:48.562257
e0e0b4ea-a020-4e0f-9fb8-04f9da74ffc6,dw_com,https://www.dw.com/ur/%D8%B1%D9%88%DB%81%D9%86%DB%8C-%D8%B3%D9%86%DA%AF%DA%BE/person-55077777,scrapy_pipeline,AccessControlDetected,paywall=False login=False captcha=True,2026-05-18 13:11:49.577668
e138fe8f-3cf8-4955-82ea-6621b9a2f388,theaustralian_com_au,https://www.theaustralian.com.au/sitemap.xml?yyyy=2026&mm=05&dd=04,scrapy_fetch,FetchError,IgnoreRequest('Forbidden by robots.txt'),2026-05-18 13:11:50.140074
5a0de956-bfbb-412a-a08f-9f80c2bf9b9c,apnews_com,https://apnews.com/article/cassidy-senate-louisiana-trump-letlow-retribution-republicans-e62a790a9ca22055038b0ff7309a0ad4,scrapy_pipeline,AccessControlDetected,paywall=False login=False captcha=True,2026-05-18 13:11:50.762308
f2115f08-7d8a-41d7-a06a-0f2cbd381a00,thenationalnews_com,https://www.thenationalnews.com/podcasts/trending-middle-east/2026/05/18/barakah-drone-attack-condemned-trump-weighs-iran-options-and-new-gulf-logistics-route/,scrapy_pipeline,AccessControlDetected,paywall=False login=False captcha=True,2026-05-18 13:11:51.041130
f13fc8b2-0b94-44eb-b0fa-ff081a6644fc,chosun_com,https://www.chosun.com/politics/election2026/2026/05/18/MCGTIQCP55EWZD4IB7H4LF74PM/,scrapy_pipeline,ShortContent,length=0 min=80,2026-05-18 13:11:51.158709
803b9ba3-6ae6-42dd-99f6-77a963143355,thanhnien_vn,https://thanhnien.vn/cap-cuu-khan-cap-thuyen-truong-tau-hang-bi-suy-ho-hap-giua-bien-cua-viet-185260518145850146.htm,scrapy_pipeline,AccessControlDetected,paywall=False login=False captcha=True,2026-05-18 13:11:52.416791
c5b5f76a-6c37-4808-bd68-1d98812dc6fb,lanacion_com_ar,https://www.lanacion.com.ar/estados-unidos/alerta-nivel-4-por-tormentas-severas-este-lunes-tornados-granizo-gigante-y-vientos-de-hasta-75-mph-nid17052026/,scrapy_pipeline,AccessControlDetected,paywall=False login=False captcha=True,2026-05-18 13:11:52.597622
737720dd-6d30-4554-a2c8-238b051cd9e4,eluniversal_com_mx,https://www.eluniversal.com.mx/nacion/dictan-prision-preventiva-a-13-detenidos-en-sinaloa-enfrentaron-a-elementos-de-la-defensa/,scrapy_pipeline,AccessControlDetected,paywall=False login=False captcha=True,2026-05-18 13:11:53.353084
a1f8101f-1745-4a2e-9387-1435e59fc0cc,wsj_com,https://www.wsj.com/sitemaps/web/wsj/en/sitemap_wsj_en_m7_2025.xml,scrapy_fetch,FetchError,IgnoreRequest('Forbidden by robots.txt'),2026-05-18 13:11:53.450656
33cc0b3d-fa48-4155-93ca-306bd6dc38e5,tuoitre_vn,https://tuoitre.vn/giao-luu-voi-ban-tre-giao-hoang-leo-bat-trend-tiktok-20260518143659079.htm,scrapy_pipeline,AccessControlDetected,paywall=False login=False captcha=True,2026-05-18 13:11:53.670740
ffb1422c-86ef-432d-b7a9-bcf2beff410b,tuoitre_vn,https://tuoitre.vn/han-quoc-anh-video-ai-phai-gan-watermark-xoa-hoac-lam-gia-co-the-di-tu-2026051814310071.htm,scrapy_pipeline,AccessControlDetected,paywall=False login=False captcha=True,2026-05-18 13:11:53.899071
51d18d5b-e6fe-45c1-9b29-b005f9b4aba2,theglobeandmail_com,https://www.theglobeandmail.com/investing/article-amber-kanwars-weekly-setup-what-to-expect-from-nvidia-walmart-and-cae/,scrapy_pipeline,AccessControlDetected,paywall=False login=False captcha=True,2026-05-18 13:11:54.095793
41d87298-4f3d-43f1-ac9c-fb9cb6d931a1,thanhnien_vn,https://thanhnien.vn/phu-huynh-chi-bao-nhieu-tien-cho-con-vao-dip-he-185260518144454608.htm,scrapy_pipeline,AccessControlDetected,paywall=False login=False captcha=True,2026-05-18 13:11:54.356431
e2e619c5-1517-494e-a292-9a799df8f2f5,24h_com_vn,https://www.24h.com.vn/ban-tre-cuoc-song/tu-vong-sau-khi-mac-ket-vao-thang-cuon-hang-chuc-nguoi-di-qua-khong-cuu-c64a1762588.html,scrapy_pipeline,AccessControlDetected,paywall=False login=False captcha=True,2026-05-18 13:11:54.740266
64b278bd-232c-4bbc-a877-269d4061d8ab,ft_com,https://www.ft.com/content/b90ab9aa-a5cc-4f2d-8f28-30fbec4b3984,scrapy_pipeline,HttpError,status=403,2026-05-18 13:11:54.873120
90adca13-52cf-497b-b8ac-ae7940d0f71c,cnn_com,https://www.cnn.com/2026/05/18/politics/trump-massie-cassidy-boebert-revenge-analysis,scrapy_pipeline,AccessControlDetected,paywall=False login=False captcha=True,2026-05-18 13:11:55.423784
de5b1b1b-6e84-4636-b2ef-4f1f330f8f5b,thanhnien_vn,https://thanhnien.vn/xo-so-mien-nam-ngay-18-thang-5-ket-qua-xo-so-hom-nay-thu-hai-185260518152239093.htm,scrapy_pipeline,AccessControlDetected,paywall=False login=False captcha=True,2026-05-18 13:11:55.641711
ec6f4fce-e62a-4110-80c0-644ac6e8daff,euronews_com,https://www.euronews.com/video/2026/05/18/bodybuilders-show-off-muscles-at-southeast-asian-championships,scrapy_pipeline,ShortContent,length=0 min=80,2026-05-18 13:11:55.853912
08160471-2293-403e-be5d-4c1670429373,wsj_com,https://www.wsj.com/sitemaps/web/wsj/en/sitemap_wsj_en_m6_2025.xml,scrapy_fetch,FetchError,IgnoreRequest('Forbidden by robots.txt'),2026-05-18 13:11:55.962222
db26f2bc-05ed-41ff-bc9d-77f319c10e7c,theaustralian_com_au,https://www.theaustralian.com.au/sitemap.xml?yyyy=2026&mm=05&dd=03,scrapy_fetch,FetchError,IgnoreRequest('Forbidden by robots.txt'),2026-05-18 13:11:56.029520
6437ebdf-c77c-4a10-aa45-0cbf2a0338e3,apnews_com,https://apnews.com/article/trump-xi-china-farmers-trade-soybeans-beef-832bafb5ca0be21e4a1d149c5db56b58,scrapy_pipeline,AccessControlDetected,paywall=False login=False captcha=True,2026-05-18 13:11:57.218309
563b5a8b-9730-485c-a145-07ba9f9319ca,theaustralian_com_au,https://www.theaustralian.com.au/sitemap.xml?yyyy=2026&mm=05&dd=01,scrapy_fetch,FetchError,IgnoreRequest('Forbidden by robots.txt'),2026-05-18 13:11:57.462136
7456e412-9958-498c-954f-ab06ad4a54d3,theaustralian_com_au,https://www.theaustralian.com.au/sitemap.xml?yyyy=2026&mm=05&dd=02,scrapy_fetch,FetchError,IgnoreRequest('Forbidden by robots.txt'),2026-05-18 13:11:57.562382
c0f3062c-a821-4bea-b501-6f6e85f1eece,wsj_com,https://www.wsj.com/sitemaps/web/wsj/en/sitemap_wsj_en_m5_2025.xml,scrapy_fetch,FetchError,IgnoreRequest('Forbidden by robots.txt'),2026-05-18 13:11:57.639634
7fb03cbb-2d58-4111-b39e-cbda1923fe6e,eib_org,https://www.eib.org/en/press/news/joint-statement-by-seven-multilateral-development-banks-pledging-support-to-address-impacts-of-the-middle-east-conflict,scrapy_pipeline,AccessControlDetected,paywall=False login=False captcha=True,2026-05-18 13:11:58.070712
806208aa-aa59-4c1c-b5dc-11b0bb0466fc,chosun_com,https://www.chosun.com/english/market-money-en/2026/05/18/SME6IZ4ZZ5CHBG266RRRD3MBJE/,scrapy_pipeline,ShortContent,length=0 min=80,2026-05-18 13:11:58.423462
74ea3e78-5f7d-4d31-896e-0a38cc7672d4,singstat_gov_sg,https://www.singstat.gov.sg/find-data/explore-data-themes/economy-prices/national-accounts/latest-news-data,scrapy_pipeline,AccessControlDetected,paywall=False login=False captcha=True,2026-05-18 13:11:58.644132
df68eaa4-4231-41c9-8840-4c7135e133cf,wsj_com,https://www.wsj.com/sitemaps/web/wsj/en/sitemap_wsj_en_m3_2025.xml,scrapy_fetch,FetchError,IgnoreRequest('Forbidden by robots.txt'),2026-05-18 13:11:59.062630
8ba12c21-dbd6-4cd3-828a-ee9c8585239d,theaustralian_com_au,https://www.theaustralian.com.au/sitemap.xml?yyyy=2026&mm=04&dd=29,scrapy_fetch,FetchError,IgnoreRequest('Forbidden by robots.txt'),2026-05-18 13:11:59.161628
b865a03a-441b-417b-b1a1-3e026de5514e,theaustralian_com_au,https://www.theaustralian.com.au/sitemap.xml?yyyy=2026&mm=04&dd=30,scrapy_fetch,FetchError,IgnoreRequest('Forbidden by robots.txt'),2026-05-18 13:11:59.351567
39dfb7e1-4a95-4fe7-9b32-cbfd5c2a6bb2,wsj_com,https://www.wsj.com/sitemaps/web/wsj/en/sitemap_wsj_en_m4_2025.xml,scrapy_fetch,FetchError,IgnoreRequest('Forbidden by robots.txt'),2026-05-18 13:11:59.450823
4f89b0ad-01a1-495a-be6b-c87a9c938f6d,tass_com,https://tass.com/world/2132099,scrapy_pipeline,AccessControlDetected,paywall=False login=False captcha=True,2026-05-18 13:11:59.746046
422358c6-545a-4108-82ef-04ae7f490b8d,dw_com,https://www.dw.com/ur/%D8%A7%D9%81%D8%AA%D8%AE%D8%A7%D8%B1-%DA%AF%DB%8C%D9%84%D8%A7%D9%86%DB%8C-%D8%A7%D9%86%D9%82%D8%B1%DB%81/person-55012372,scrapy_pipeline,AccessControlDetected,paywall=False login=False captcha=True,2026-05-18 13:11:59.956069
eb0a3b17-661c-40e3-a7e0-8235a98112a8,vnexpress_net,https://vnexpress.net/oto-xe-may/thi-truong/trong-nuoc,scrapy_pipeline,AccessControlDetected,paywall=False login=False captcha=True,2026-05-18 13:12:00.248960
f20179e3-d62b-48ee-be49-7152428353f3,thenationalnews_com,https://www.thenationalnews.com/world/2023/08/31/beshara-the-most-positive-pictures-of-the-week/,scrapy_pipeline,AccessControlDetected,paywall=False login=False captcha=True,2026-05-18 13:12:01.458115
20c2f6e9-fa00-472b-9fac-e2d27666c47b,eluniversal_com_mx,https://www.eluniversal.com.mx/nacion/senado-alista-sesion-solemne-por-acuerdo-comercial-mexico-union-europea-van-por-eliminar-aranceles-en-el-sector-agroalimentario/,scrapy_pipeline,AccessControlDetected,paywall=False login=False captcha=True,2026-05-18 13:12:02.685870
5922ecd5-d45b-46b7-8916-0f5fd75843ea,ft_com,https://www.ft.com/content/dc1ad108-dc2e-4635-8e5d-75bfd9840a50,scrapy_pipeline,HttpError,status=403,2026-05-18 13:12:02.751229
2b57891f-ad04-4a82-ac01-7f823e768cce,theglobeandmail_com,https://www.theglobeandmail.com/world/article-ebola-outbreak-with-88-suspected-deaths-in-congo-declared-global/,scrapy_pipeline,AccessControlDetected,paywall=False login=False captcha=True,2026-05-18 13:12:02.906338
ccb5791d-d007-4c6d-a747-1e6ca2e14458,wsj_com,https://www.wsj.com/sitemaps/web/wsj/en/sitemap_wsj_en_m1_2025.xml,scrapy_fetch,FetchError,IgnoreRequest('Forbidden by robots.txt'),2026-05-18 13:12:03.050493
8068b14d-d52d-43e2-82ed-d40ea8ed7b64,theaustralian_com_au,https://www.theaustralian.com.au/sitemap.xml?yyyy=2026&mm=04&dd=28,scrapy_fetch,FetchError,IgnoreRequest('Forbidden by robots.txt'),2026-05-18 13:12:03.118610
7e6ea790-8bc3-49b2-b562-fd1a63c7ee06,wsj_com,https://www.wsj.com/sitemaps/web/wsj/en/sitemap_wsj_en_m2_2025.xml,scrapy_fetch,FetchError,IgnoreRequest('Forbidden by robots.txt'),2026-05-18 13:12:03.206816
8e3f0ace-4f3b-4b91-83c3-e3f85c8eef0c,apnews_com,https://apnews.com/photo-gallery/washington-prayer-rally-draws-thousands-national-mall-photos-f334a82d02874051ac5db9948effc04a,scrapy_pipeline,AccessControlDetected,paywall=False login=False captcha=True,2026-05-18 13:12:05.541591
a850e65e-0b4f-4ccf-b0cb-a75c454a1d16,tass_com,https://tass.com/world/2132105,scrapy_pipeline,AccessControlDetected,paywall=False login=False captcha=True,2026-05-18 13:12:06.080475
3a60b18d-e934-4393-b92a-62a9975b4a1d,chosun_com,https://www.chosun.com/sports/basketball/2026/05/18/EZKK6RNFTZCFVC6WKDJJLPZRTA/,scrapy_pipeline,ShortContent,length=0 min=80,2026-05-18 13:12:06.555047
d18e2641-9ee2-4f56-ae05-53d59630366e,dw_com,https://www.dw.com/ur/%D9%81%D8%B1%D9%86%D9%88%D8%AF-%D8%B9%D8%A7%D9%84%D9%85/person-54758066,scrapy_pipeline,AccessControlDetected,paywall=False login=False captcha=True,2026-05-18 13:12:06.921858
b6503366-7c3c-4a6f-9fb0-641456b05922,vnexpress_net,https://vnexpress.net/oto-xe-may/thi-truong/the-gioi,scrapy_pipeline,AccessControlDetected,paywall=False login=False captcha=True,2026-05-18 13:12:07.259880
99989904-39b5-4a15-bc52-f004fc7ed323,24h_com_vn,https://www.24h.com.vn/tin-tuc-trong-ngay/cuu-giam-doc-so-nhap-vien-truoc-phien-xet-xu-vu-an-lien-quan-bi-cao-nguyen-thi-thanh-nhan-c46a1762659.html,scrapy_pipeline,AccessControlDetected,paywall=False login=False captcha=True,2026-05-18 13:12:07.479084
24ff2a47-522a-4660-8034-caa3777871b6,singstat_gov_sg,https://www.singstat.gov.sg/find-data/explore-data-themes/society/health/our-data-explained,scrapy_pipeline,AccessControlDetected,paywall=False login=False captcha=True,2026-05-18 13:12:07.678113
da30e98f-b539-4a49-a453-59559ca7dbcc,thenationalnews_com,https://www.thenationalnews.com/magazine/2026/05/18/cannes-2026-indians-alia-bhatt/,scrapy_pipeline,AccessControlDetected,paywall=False login=False captcha=True,2026-05-18 13:12:09.288258
eda779da-a2ce-46f3-adb4-a7a57a50e9bf,wsj_com,https://www.wsj.com/sitemaps/web/wsj/en/sitemap_wsj_en_m12_2024.xml,scrapy_fetch,FetchError,IgnoreRequest('Forbidden by robots.txt'),2026-05-18 13:12:11.418709
24e90eb0-14e9-429d-9ceb-cbde49792ab1,theaustralian_com_au,https://www.theaustralian.com.au/sitemap.xml?yyyy=2026&mm=04&dd=27,scrapy_fetch,FetchError,IgnoreRequest('Forbidden by robots.txt'),2026-05-18 13:12:11.484759
0627f918-4652-4a0e-a52d-f34e2f6cbbea,theaustralian_com_au,https://www.theaustralian.com.au/sitemap.xml?yyyy=2026&mm=04&dd=26,scrapy_fetch,FetchError,IgnoreRequest('Forbidden by robots.txt'),2026-05-18 13:12:11.663206
7793be1d-a8f6-4124-92c1-7514dc787bbf,wsj_com,https://www.wsj.com/sitemaps/web/wsj/en/sitemap_wsj_en_m11_2024.xml,scrapy_fetch,FetchError,IgnoreRequest('Forbidden by robots.txt'),2026-05-18 13:12:11.729278
374ba767-0999-40c1-899c-6f9e5ed7c79b,chosun_com,https://www.chosun.com/english/sports-en/2026/05/18/B3VXNF4YGFBCPHVQDFAPPGDOLY/,scrapy_pipeline,ShortContent,length=0 min=80,2026-05-18 13:12:12.102560
a5fa467f-2f89-42f7-85a9-602a19dff10d,tass_com,https://tass.com/emergencies/2132107,scrapy_pipeline,AccessControlDetected,paywall=False login=False captcha=True,2026-05-18 13:12:13.410716
dbd82be2-5265-4165-9df3-c82501d252dd,vnexpress_net,https://vnexpress.net/oto-xe-may/thi-truong,scrapy_pipeline,AccessControlDetected,paywall=False login=False captcha=True,2026-05-18 13:12:14.361640
4e806bff-b164-4163-9124-277239843301,dw_com,https://www.dw.com/ur/%D8%B7%D8%A7%DB%81%D8%B1%DB%81-%D8%B3%DB%8C%D8%AF/person-54306301,scrapy_pipeline,AccessControlDetected,paywall=False login=False captcha=True,2026-05-18 13:12:14.722022
492b8582-fe58-4fbb-8072-34da9e3af73f,singstat_gov_sg,https://www.singstat.gov.sg/standard-classifications/national-classifications/singapore-standard-industrial-classification-ssic,scrapy_pipeline,AccessControlDetected,paywall=False login=False captcha=True,2026-05-18 13:12:15.097463
2e162716-ca3a-4aca-abce-a05d058819d1,thenationalnews_com,https://www.thenationalnews.com/news/mena/2026/05/18/iran-seizes-assets-of-129-people-accused-of-links-to-the-us-and-israel/,scrapy_pipeline,AccessControlDetected,paywall=False login=False captcha=True,2026-05-18 13:12:20.156567
111d0e99-4122-467e-9f88-900c3a737d9f,apnews_com,https://apnews.com/article/cleveland-cavaliers-jalen-brunson-new-york-knicks-donovan-mitchell-nba-playoffs-489e1c50a48a4e42b31d7ae56279ed53,scrapy_pipeline,AccessControlDetected,paywall=False login=False captcha=True,2026-05-18 13:12:20.585614
1704d1d5-3557-427f-abd9-313609cc3c12,theglobeandmail_com,https://www.theglobeandmail.com/sports/basketball/article-the-64-win-thunder-the-62-win-spurs-and-the-possibility-of-an-epic/,scrapy_pipeline,AccessControlDetected,paywall=False login=False captcha=True,2026-05-18 13:12:21.739784
3060e3de-af2d-4f99-8fa6-cec7ad0a8f60,eluniversal_com_mx,https://www.eluniversal.com.mx/nacion/con-solo-11-anos-emilio-ya-conduce-una-motocicleta-deportiva-durante-el-acamoto-2026-asegura-regresar-el-proximo-ano/,scrapy_pipeline,AccessControlDetected,paywall=False login=False captcha=True,2026-05-18 13:12:21.930507
2993bc43-5a49-444a-b7a1-fc26d9de9eb0,ft_com,https://www.ft.com/reports/executive-education,scrapy_pipeline,HttpError,status=403,2026-05-18 13:12:22.229880
11ec859a-08e9-447c-a32f-7ce0db82ad9d,cnn_com,https://www.cnn.com/2026/05/17/weather/severe-storm-forecast-tornado-threat,scrapy_pipeline,AccessControlDetected,paywall=False login=False captcha=True,2026-05-18 13:12:23.652943
a2c6b4c0-6436-425f-9950-92bfcf5afa2f,theaustralian_com_au,https://www.theaustralian.com.au/sitemap.xml?yyyy=2026&mm=04&dd=25,scrapy_fetch,FetchError,IgnoreRequest('Forbidden by robots.txt'),2026-05-18 13:12:23.941123
5db20bf7-6cea-4266-bfff-6a8ab0e7de32,wsj_com,https://www.wsj.com/sitemaps/web/wsj/en/sitemap_wsj_en_m10_2024.xml,scrapy_fetch,FetchError,IgnoreRequest('Forbidden by robots.txt'),2026-05-18 13:12:24.095702
5338db90-051d-4801-9d2e-ba3573d1ee64,chosun_com,https://www.chosun.com/kid/kid_economy/kid_honeybee/2026/05/18/PDHUDAHZRFGJPNGBPUR4SZLAKA/,scrapy_pipeline,ShortContent,length=0 min=80,2026-05-18 13:12:25.068081
6a45df12-70dc-4ec7-a247-3822b46e88a7,singstat_gov_sg,https://www.singstat.gov.sg/standard-classifications/national-classifications/singapore-standard-occupational-classification-ssoc,scrapy_pipeline,AccessControlDetected,paywall=False login=False captcha=True,2026-05-18 13:12:25.386171
22dff5ad-89cb-4ccf-8760-59524cee37b9,vnexpress_net,https://vnexpress.net/oto-xe-may/xe-dien/dien-dan,scrapy_pipeline,AccessControlDetected,paywall=False login=False captcha=True,2026-05-18 13:12:26.408952
105237b7-6a78-4f1f-9749-ae0ea5c9a20c,tass_com,https://tass.com/economy/2132109,scrapy_pipeline,AccessControlDetected,paywall=False login=False captcha=True,2026-05-18 13:12:26.867821
5502e383-2821-4622-926c-909ea1fe06fe,thenationalnews_com,https://www.thenationalnews.com/business/markets/2026/05/18/oil-climbs-while-stocks-and-bonds-drop-as-trump-threatens-to-renew-strikes-on-iran/,scrapy_pipeline,AccessControlDetected,paywall=False login=False captcha=True,2026-05-18 13:12:27.293141
d8e8cc47-78df-4559-8a79-e526cf359677,dw_com,https://www.dw.com/ur/%D8%A8%D8%B4%D8%B1%DB%8C%D9%B0-%D9%BE%D8%A7%D8%B4%D8%A7/person-54024348,scrapy_pipeline,AccessControlDetected,paywall=False login=False captcha=True,2026-05-18 13:12:27.859967
887ae252-32c7-4edd-99ae-4bf8532d8c3e,24h_com_vn,https://www.24h.com.vn/thi-truong-tieu-dung/shopee-tiktok-shop-lien-tuc-tang-phi-cuoc-dua-gia-re-tren-san-sap-ket-thuc-c52a1762716.html,scrapy_pipeline,AccessControlDetected,paywall=False login=False captcha=True,2026-05-18 13:12:28.205075
29cba1b2-0218-461c-acf5-e2535efaee36,apnews_com,https://apnews.com/video/africa-cdc-chief-comments-on-day-global-health-emergency-declared-over-ebola-outbreak-440e0f3f2cc84471b41a99eb614ac375,scrapy_pipeline,AccessControlDetected,paywall=False login=False captcha=True,2026-05-18 13:12:31.319102
d852a351-d446-4223-9eab-171f0b3368be,eluniversal_com_mx,https://www.eluniversal.com.mx/nacion/matan-a-agente-federal-que-vigilaba-consulado-de-eu-agresores-impactaron-contra-los-uniformados-en-tamaulipas-informan/,scrapy_pipeline,AccessControlDetected,paywall=False login=False captcha=True,2026-05-18 13:12:31.753915
c843ceec-53e7-4f3b-ac6d-2b7e7c23af8c,theglobeandmail_com,https://www.theglobeandmail.com/sports/article-charge-eye-rebound-in-return-home-for-walter-cup-final/,scrapy_pipeline,AccessControlDetected,paywall=False login=False captcha=True,2026-05-18 13:12:32.017639
3bf39ddb-2a59-4927-98cd-ca10d1b609cf,tass_com,https://tass.com/politics/2132111,scrapy_pipeline,AccessControlDetected,paywall=False login=False captcha=True,2026-05-18 13:12:32.556271
c75c3ddf-7791-41e1-8032-87ef6febaea4,theaustralian_com_au,https://www.theaustralian.com.au/sitemap.xml?yyyy=2026&mm=04&dd=24,scrapy_fetch,FetchError,IgnoreRequest('Forbidden by robots.txt'),2026-05-18 13:12:32.863301
8859159d-925f-4d3e-a4ce-3dd6e75e95a4,wsj_com,https://www.wsj.com/sitemaps/web/wsj/en/sitemap_wsj_en_m9_2024.xml,scrapy_fetch,FetchError,IgnoreRequest('Forbidden by robots.txt'),2026-05-18 13:12:32.963756
a9971f15-a432-4bca-bc60-c128506e13c0,ft_com,https://www.ft.com/content/5b1dcd37-7567-4302-9f7a-424ec7e43ee0,scrapy_pipeline,HttpError,status=403,2026-05-18 13:12:33.107539
2d8f2329-9e72-4d21-9c53-6617201a8bef,singstat_gov_sg,https://www.singstat.gov.sg/standard-classifications/national-classifications/singapore-standard-classification-of-individual-consumption-according-to-purpose-s-coicop,scrapy_pipeline,AccessControlDetected,paywall=False login=False captcha=True,2026-05-18 13:12:33.358990
5d0052f9-2885-4101-b4df-68ee05bda3f1,tass_com,https://tass.com/politics/2132113,scrapy_pipeline,AccessControlDetected,paywall=False login=False captcha=True,2026-05-18 13:12:36.172949
2a2cc842-d780-48a4-8195-d74aa8cf9918,chosun_com,https://www.chosun.com/english/kpop-culture-en/2026/05/18/DCG3IHCM6NAHPEQ3Y4R455XD44/,scrapy_pipeline,ShortContent,length=0 min=80,2026-05-18 13:12:37.669680
21902400-ed72-4fdf-92e4-9af75d18c862,apnews_com,https://apnews.com/article/argentina-tourism-hantavirus-cruise-ship-ushuaia-7e16664e2d031797ed2c043c34956353,scrapy_pipeline,AccessControlDetected,paywall=False login=False captcha=True,2026-05-18 13:12:38.140016
c8fd2608-ef1a-4375-bd8a-708712173855,theaustralian_com_au,https://www.theaustralian.com.au/sitemap.xml?yyyy=2026&mm=04&dd=23,scrapy_fetch,FetchError,IgnoreRequest('Forbidden by robots.txt'),2026-05-18 13:12:38.463907
c8a73f41-88ed-48b1-ba49-c03539a202ac,wsj_com,https://www.wsj.com/sitemaps/web/wsj/en/sitemap_wsj_en_m8_2024.xml,scrapy_fetch,FetchError,IgnoreRequest('Forbidden by robots.txt'),2026-05-18 13:12:38.530084
839404d3-d319-4d72-ba6b-c491aab0a405,thenationalnews_com,https://www.thenationalnews.com/sport/combat-sports/2026/05/18/ufc-fight-night-returns-to-abu-dhabi-in-july/,scrapy_pipeline,AccessControlDetected,paywall=False login=False captcha=True,2026-05-18 13:12:38.781049
6d2dace9-a8b3-4852-9b1e-edec52e41a06,dw_com,https://www.dw.com/ur/%D8%B5%D9%84%D8%A7%D8%AD-%D8%A7%D9%84%D8%AF%DB%8C%D9%86-%D8%B2%DB%8C%D9%86/person-53937508,scrapy_pipeline,AccessControlDetected,paywall=False login=False captcha=True,2026-05-18 13:12:39.706511
8fe152b5-f146-4334-95c0-d1c1c623008a,24h_com_vn,https://www.24h.com.vn/giai-tri/nu-nghe-si-tung-la-dao-chanh-cai-luong-gio-song-don-doc-nhat-ve-chai-muu-sinh-c731a1761706.html,scrapy_pipeline,AccessControlDetected,paywall=False login=False captcha=True,2026-05-18 13:12:39.854736
a0b55cf8-938c-4253-b7cf-65680dd98f5e,vnexpress_net,https://vnexpress.net/oto-xe-may/xe-dien/tu-van,scrapy_pipeline,AccessControlDetected,paywall=False login=False captcha=True,2026-05-18 13:12:40.046832
4b326778-5d51-4bf4-a544-52827268382e,theglobeandmail_com,https://www.theglobeandmail.com/business/article-after-organizing-victorias-uber-drivers-union-officials-hope-to-do-the/,scrapy_pipeline,AccessControlDetected,paywall=False login=False captcha=True,2026-05-18 13:12:40.689323
38f24075-3837-4c0d-ba6c-125fa1fc75d0,eluniversal_com_mx,https://www.eluniversal.com.mx/nacion/tumo-el-modelo-educativo-que-quiere-llegar-a-al/,scrapy_pipeline,AccessControlDetected,paywall=False login=False captcha=True,2026-05-18 13:12:40.873870
d61253ea-a7e0-4264-be2b-82f6526ad7ea,ft_com,https://www.ft.com/content/b0283843-21e6-42e2-bc71-b98cacf107f7,scrapy_pipeline,HttpError,status=403,2026-05-18 13:12:41.574256
07f96655-9408-4fb0-9ed8-3109f73307f4,24h_com_vn,https://www.24h.com.vn/tin-tuc-quoc-te/dai-loan-thuc-giuc-ong-trump-ban-vu-khi-cho-hon-dao-c415a1762706.html,scrapy_pipeline,AccessControlDetected,paywall=False login=False captcha=True,2026-05-18 13:12:46.036236
4de2db19-5cfb-4587-899a-dba628063bfd,vnexpress_net,https://vnexpress.net/oto-xe-may/xe-dien/tin-tuc,scrapy_pipeline,AccessControlDetected,paywall=False login=False captcha=True,2026-05-18 13:12:46.401090
af03f5e3-8e6d-44df-a8cf-2a6f25357ce1,wsj_com,https://www.wsj.com/sitemaps/web/wsj/en/sitemap_wsj_en_m5_2024.xml,scrapy_fetch,FetchError,IgnoreRequest('Forbidden by robots.txt'),2026-05-18 13:12:46.773625
0da2a5dc-3cdc-4e5e-9175-3bcc3c1dbcc0,wsj_com,https://www.wsj.com/sitemaps/web/wsj/en/sitemap_wsj_en_m7_2024.xml,scrapy_fetch,FetchError,IgnoreRequest('Forbidden by robots.txt'),2026-05-18 13:12:46.852673
ff489830-d01b-4843-8d00-b45d5cd35032,theaustralian_com_au,https://www.theaustralian.com.au/sitemap.xml?yyyy=2026&mm=04&dd=21,scrapy_fetch,FetchError,IgnoreRequest('Forbidden by robots.txt'),2026-05-18 13:12:46.930124
29faed6c-9be7-4096-be01-529098e29824,wsj_com,https://www.wsj.com/sitemaps/web/wsj/en/sitemap_wsj_en_m6_2024.xml,scrapy_fetch,FetchError,IgnoreRequest('Forbidden by robots.txt'),2026-05-18 13:12:47.008603
d6faf835-cff3-4d3b-b55b-3ad6a8617b51,theaustralian_com_au,https://www.theaustralian.com.au/sitemap.xml?yyyy=2026&mm=04&dd=20,scrapy_fetch,FetchError,IgnoreRequest('Forbidden by robots.txt'),2026-05-18 13:12:47.085083
e1deede8-f4a4-417b-9077-1bc6adeb9560,theaustralian_com_au,https://www.theaustralian.com.au/sitemap.xml?yyyy=2026&mm=04&dd=22,scrapy_fetch,FetchError,IgnoreRequest('Forbidden by robots.txt'),2026-05-18 13:12:47.153048
ab0394ea-3f48-4ac6-8820-edcd47ce87c7,singstat_gov_sg,https://www.singstat.gov.sg/standard-classifications/national-classifications/singapore-standard-educational-classification-ssec,scrapy_pipeline,AccessControlDetected,paywall=False login=False captcha=True,2026-05-18 13:12:48.056855
b93d35bb-4b04-45d9-9d26-8c8135fa1d2b,apnews_com,https://apnews.com/article/bangladesh-pakistan-test-cricket-f6dad65ed172f1298309a039edc2297c,scrapy_pipeline,AccessControlDetected,paywall=False login=False captcha=True,2026-05-18 13:12:50.132989
58531735-6bcc-455d-9504-dbaff5b4629f,wsj_com,https://www.wsj.com/sitemaps/web/wsj/en/sitemap_wsj_en_m4_2024.xml,scrapy_fetch,FetchError,IgnoreRequest('Forbidden by robots.txt'),2026-05-18 13:12:50.464066
0de0b53a-6483-4624-9b23-83314ef439bc,theaustralian_com_au,https://www.theaustralian.com.au/sitemap.xml?yyyy=2026&mm=04&dd=19,scrapy_fetch,FetchError,IgnoreRequest('Forbidden by robots.txt'),2026-05-18 13:12:50.542595
e1f5719f-dd61-4557-b479-4924afbd6eb5,wsj_com,https://www.wsj.com/sitemaps/web/wsj/en/sitemap_wsj_en_m3_2024.xml,scrapy_fetch,FetchError,IgnoreRequest('Forbidden by robots.txt'),2026-05-18 13:12:50.974695
01798d12-92dc-4f05-a2ee-87980cf7e042,theaustralian_com_au,https://www.theaustralian.com.au/sitemap.xml?yyyy=2026&mm=04&dd=18,scrapy_fetch,FetchError,IgnoreRequest('Forbidden by robots.txt'),2026-05-18 13:12:51.042110
df63bbd5-c61f-408f-bbff-d5538f1f1afc,chosun_com,https://www.chosun.com/kid/kid_nie/kid_lower-grades/2026/05/18/UMSVHCNCNZAYVD4KRNYVB5CGQQ/,scrapy_pipeline,ShortContent,length=0 min=80,2026-05-18 13:12:51.459416
b1583c45-daab-4906-8bf3-f6cf2e956b3b,dw_com,https://www.dw.com/ur/%D8%B5%D8%A8%D8%A7-%D8%AD%D8%B3%DB%8C%D9%86/person-53922495,scrapy_pipeline,AccessControlDetected,paywall=False login=False captcha=True,2026-05-18 13:12:52.050890
a2d7c21e-1058-49a9-9981-c5810af2f63e,tass_com,https://tass.com/politics/2132117,scrapy_pipeline,AccessControlDetected,paywall=False login=False captcha=True,2026-05-18 13:12:52.560087
846605b8-75f4-4ccd-8db8-27fb5d87bcac,24h_com_vn,https://www.24h.com.vn/dep/6-sao-viet-tuoi-tu-tuan-duoc-khen-tre-dep-bat-chap-thoi-gian-c78a1762619.html,scrapy_pipeline,AccessControlDetected,paywall=False login=False captcha=True,2026-05-18 13:12:52.708891
d457c71a-9f5b-4bf4-9649-05a1425a8bec,vnexpress_net,https://vnexpress.net/oto-xe-may/xe-dien,scrapy_pipeline,AccessControlDetected,paywall=False login=False captcha=True,2026-05-18 13:12:52.882947
59b93070-4fff-4316-9776-ce8efc5757dc,eluniversal_com_mx,https://www.eluniversal.com.mx/nacion/en-chocolate-figuras-alusivas-al-mundial-2026/,scrapy_pipeline,AccessControlDetected,paywall=False login=False captcha=True,2026-05-18 13:12:53.417504
266bec39-c3c3-43f8-9523-de894ecac9e9,singstat_gov_sg,https://www.singstat.gov.sg/standard-classifications/national-classifications/singapore-classification-of-environmental-purposes-s-cep,scrapy_pipeline,AccessControlDetected,paywall=False login=False captcha=True,2026-05-18 13:12:53.605467
fa4037cc-324a-4f03-a99d-32dcc5c62cd7,theglobeandmail_com,https://www.theglobeandmail.com/sports/golf/article-aaron-rai-of-england-wins-the-pga-championship-for-his-first-major/,scrapy_pipeline,AccessControlDetected,paywall=False login=False captcha=True,2026-05-18 13:12:53.926410
e7fb29b3-571d-48f8-a618-4ee19356ca80,ft_com,https://www.ft.com/content/1ee1dd82-ccdc-4da0-9d75-c8af3bbcd70b,scrapy_pipeline,HttpError,status=403,2026-05-18 13:12:55.141800
2670a35d-376b-4b4d-98a9-c4cbe40c4801,apnews_com,https://apnews.com/article/fifa-world-cup-flying-kiwis-d89fa23a56cb8f2b4a76d5964ed11122,scrapy_pipeline,AccessControlDetected,paywall=False login=False captcha=True,2026-05-18 13:12:56.509009
c7cde3b9-0b23-4d93-adf1-dca95db9e264,cnn_com,https://www.cnn.com/2026/05/18/style/ron-howard-film-photographer-richard-avedon,scrapy_pipeline,AccessControlDetected,paywall=False login=False captcha=True,2026-05-18 13:12:57.113074
a171e3ad-307f-4599-b814-f29dbb157bb4,tass_com,https://tass.com/sports/2132121,scrapy_pipeline,AccessControlDetected,paywall=False login=False captcha=True,2026-05-18 13:12:57.554049
656cc497-e7bc-493e-9568-f67a0589d453,theaustralian_com_au,https://www.theaustralian.com.au/sitemap.xml?yyyy=2026&mm=04&dd=17,scrapy_fetch,FetchError,IgnoreRequest('Forbidden by robots.txt'),2026-05-18 13:13:00.564524
3b01b35f-fc99-4c04-97d8-19a0f8ae601c,wsj_com,https://www.wsj.com/sitemaps/web/wsj/en/sitemap_wsj_en_m2_2024.xml,scrapy_fetch,FetchError,IgnoreRequest('Forbidden by robots.txt'),2026-05-18 13:13:00.630691
4e05f33b-d783-4a5f-bf44-5cbd72ea174b,chosun_com,https://www.chosun.com/english/kpop-culture-en/2026/05/18/Y3P2AHWUVZAYFNLXSFSBAE35XM/,scrapy_pipeline,ShortContent,length=0 min=80,2026-05-18 13:13:00.825150
a5b82c20-c0ff-45f1-9cae-5eef029df856,tass_com,https://tass.com/economy/2132125,scrapy_pipeline,AccessControlDetected,paywall=False login=False captcha=True,2026-05-18 13:13:02.051099
80b8a225-8359-4cba-a269-bf3b6d179639,dw_com,https://www.dw.com/ur/%D8%B3%DB%8C%D8%AF%DB%81-%D8%AB%D9%86%D8%A7%D8%A1-%D8%A8%D8%AA%D9%88%D9%84/person-53906741,scrapy_pipeline,AccessControlDetected,paywall=False login=False captcha=True,2026-05-18 13:13:02.688977
8ba8d3dc-8113-4abe-98ec-54dcbe53e779,eib_org,https://www.eib.org/en/videos/one-week-one-minute,scrapy_pipeline,AccessControlDetected,paywall=False login=False captcha=True,2026-05-18 13:13:03.002812
3ec47147-13fd-452a-a05d-07d5572ef761,apnews_com,https://apnews.com/article/china-earthquake-guangxi-liuzhou-ab23014c9b6c014d2f756bfd7aa94068,scrapy_pipeline,AccessControlDetected,paywall=False login=False captcha=True,2026-05-18 13:13:03.608314
5562712e-6564-438c-8cf1-f770df4d6385,eluniversal_com_mx,https://www.eluniversal.com.mx/nacion/aseguran-tren-interoceanico-y-suben-prima-para-accidentes/,scrapy_pipeline,AccessControlDetected,paywall=False login=False captcha=True,2026-05-18 13:13:04.949103
ab5aa15c-c271-44b9-b713-77392fd7978d,vnexpress_net,https://vnexpress.net/oto-xe-may/cam-lai/danh-gia-xe,scrapy_pipeline,AccessControlDetected,paywall=False login=False captcha=True,2026-05-18 13:13:05.232360
06ce18d8-eab7-4386-8597-d87681f33c62,theglobeandmail_com,https://www.theglobeandmail.com/sports/article-avs-forward-roy-puts-vegas-friendships-on-hold-as-he-meets-his-old/,scrapy_pipeline,AccessControlDetected,paywall=False login=False captcha=True,2026-05-18 13:13:05.415319
0f4b454e-90e7-4ea8-80b2-cb1878212135,wsj_com,https://www.wsj.com/sitemaps/web/wsj/en/sitemap_wsj_en_m1_2024.xml,scrapy_fetch,FetchError,IgnoreRequest('Forbidden by robots.txt'),2026-05-18 13:13:09.998085
e3aef956-99fe-4f6d-b61d-4b89ae096447,theaustralian_com_au,https://www.theaustralian.com.au/sitemap.xml?yyyy=2026&mm=04&dd=16,scrapy_fetch,FetchError,IgnoreRequest('Forbidden by robots.txt'),2026-05-18 13:13:10.064439
33035fe2-6af4-41a1-ac61-9e48c0d79bed,ft_com,https://www.ft.com/content/1a71f5cf-504c-4e28-af26-29d464634cd2,scrapy_pipeline,HttpError,status=403,2026-05-18 13:13:10.520687
cc3cc816-26f6-479f-a0f9-d06d78466bc1,chosun_com,https://www.chosun.com/economy/tech_it/2026/05/18/GQ4DEYJWMY3TIOJTHEZGCOLEGA/,scrapy_pipeline,ShortContent,length=0 min=80,2026-05-18 13:13:10.606823
fe1ccd12-3c42-49d7-addc-57d6b09fef23,thejakartapost_com,https://www.thejakartapost.com/seasia/images/sitemap.xml,scrapy_pipeline,HttpError,status=404,2026-05-18 13:13:10.676376
ee2fb5e0-cf7a-473a-b6fc-6e34140b205e,tass_com,https://tass.com/politics/2132127,scrapy_pipeline,AccessControlDetected,paywall=False login=False captcha=True,2026-05-18 13:13:11.251276
ed0500c1-9af6-4669-8e57-b6f2868d642d,dw_com,https://www.dw.com/ur/%D8%B5%D8%A7%D8%AF%D9%82%DB%81-%D8%AE%D8%A7%D9%86/person-53899443,scrapy_pipeline,AccessControlDetected,paywall=False login=False captcha=True,2026-05-18 13:13:11.996631
3a8e9876-974b-404a-954e-605a11ee9566,vnexpress_net,https://vnexpress.net/oto-xe-may/cam-lai/ky-nang-lai,scrapy_pipeline,AccessControlDetected,paywall=False login=False captcha=True,2026-05-18 13:13:12.306456
7b1e9a2d-0e06-4423-aceb-fd28eb798aa0,apnews_com,https://apnews.com/article/trump-xi-china-agricultores-comercio-soya-carne-8b9f07a8d958a903e6daecdbbbd4cced,scrapy_pipeline,AccessControlDetected,paywall=False login=False captcha=True,2026-05-18 13:13:13.415766
5acd2c9e-bad9-4bcf-849d-0a44da91ecc1,cnn_com,https://www.cnn.com/2026/05/18/politics/reflecting-pool-trump-paint,scrapy_pipeline,AccessControlDetected,paywall=False login=False captcha=True,2026-05-18 13:13:15.322354
0c66ee79-2e8b-4dd4-a4b5-5b2d18237c2e,24h_com_vn,https://www.24h.com.vn/an-ninh-xa-hoi/gia-dinh-phat-hien-nguoi-dan-ong-65-tuoi-tu-vong-voi-dao-cam-tren-nguoi-c51a1762709.html,scrapy_pipeline,AccessControlDetected,paywall=False login=False captcha=True,2026-05-18 13:13:15.866048
e456de95-8a2a-41e5-821b-0a4b31767f6a,ft_com,https://www.ft.com/content/b064e3b9-2f41-4476-9058-f3f30e29228f,scrapy_pipeline,HttpError,status=403,2026-05-18 13:13:16.442016
10e9bca5-8f36-43e3-a3c6-d620f1bed76a,cnn_com,https://www.cnn.com/2026/05/15/style/look-of-the-week-alton-mason-is-shirtmaxxing,scrapy_pipeline,AccessControlDetected,paywall=False login=False captcha=True,2026-05-18 13:13:16.987504
f365cac4-1163-42e8-9065-8d9b3b102ae2,imf_org,https://www.imf.org/-/media/files/research/research-perspective/2025/imf-research-perspectives-2025.pdf,scrapy_fetch,FetchError,DownloadTimeoutError('Getting https://www.imf.org/-/media/files/research/research-perspective/2025/imf-research-perspectives-2025.pdf took longer than 35.0 seconds.'),2026-05-18 13:13:17.164539
24d4a1eb-d318-4207-9856-50a80b72684b,theaustralian_com_au,https://www.theaustralian.com.au/sitemap.xml?yyyy=2026&mm=04&dd=15,scrapy_fetch,FetchError,IgnoreRequest('Forbidden by robots.txt'),2026-05-18 13:13:17.921111
1d8da7e9-643e-4646-97cb-c2ac5c9f4442,theaustralian_com_au,https://www.theaustralian.com.au/sitemap.xml?yyyy=2026&mm=04&dd=14,scrapy_fetch,FetchError,IgnoreRequest('Forbidden by robots.txt'),2026-05-18 13:13:17.986636
38b689c7-aff4-4331-a69e-ccbf5ac45730,wsj_com,https://www.wsj.com/sitemaps/web/wsj/en/sitemap_wsj_en_m11_2023.xml,scrapy_fetch,FetchError,IgnoreRequest('Forbidden by robots.txt'),2026-05-18 13:13:18.054488
443ac4f3-39b0-477b-be36-9fd81ab8248f,wsj_com,https://www.wsj.com/sitemaps/web/wsj/en/sitemap_wsj_en_m12_2023.xml,scrapy_fetch,FetchError,IgnoreRequest('Forbidden by robots.txt'),2026-05-18 13:13:18.120576
5b6831cf-fb53-44d8-b277-1ee89f7b1f6a,dw_com,https://www.dw.com/ur/%D9%81%D8%B1%D8%B2%D8%A7%D9%86%DB%81-%D9%86%D8%B0%D8%B1/person-53897163,scrapy_pipeline,AccessControlDetected,paywall=False login=False captcha=True,2026-05-18 13:13:18.660425
2d52d2f6-3b04-499b-af66-e4846e016bea,thejakartapost_com,https://www.thejakartapost.com/seasia/web/sitemap.xml,scrapy_pipeline,HttpError,status=404,2026-05-18 13:13:19.186781
a4daef34-b6bd-47da-82c7-886f3f493f95,tass_com,https://tass.com/politics/2132129,scrapy_pipeline,AccessControlDetected,paywall=False login=False captcha=True,2026-05-18 13:13:19.469000
f2d9eb30-996e-4c86-aa5a-0cf11e6b2468,apnews_com,https://apnews.com/article/baseball-los-angeles-angels-athletics-illinois-83ecb87382e4402491567e4dbbd00f87,scrapy_pipeline,AccessControlDetected,paywall=False login=False captcha=True,2026-05-18 13:13:19.994921
1dc412bb-7deb-4bae-b647-3bc4d2251c6d,chosun_com,https://www.chosun.com/english/industry-en/2026/05/18/55LUF6Q3IBE2PKYWHM63EABBHY/,scrapy_pipeline,ShortContent,length=0 min=80,2026-05-18 13:13:21.024442
b61c3b2f-b194-4270-b4f2-18819dbd7eb8,wsj_com,https://www.wsj.com/sitemaps/web/wsj/en/sitemap_wsj_en_m10_2023.xml,scrapy_fetch,FetchError,IgnoreRequest('Forbidden by robots.txt'),2026-05-18 13:13:22.154677
887baa5d-62c1-4340-bfa5-3af6003bbbcf,theaustralian_com_au,https://www.theaustralian.com.au/sitemap.xml?yyyy=2026&mm=04&dd=13,scrapy_fetch,FetchError,IgnoreRequest('Forbidden by robots.txt'),2026-05-18 13:13:22.220826
602d384b-1ba1-4d8a-a9fc-8741ebad3936,eluniversal_com_mx,https://www.eluniversal.com.mx/mundo/reportan-choque-de-aviones-en-espectaculo-aereo-en-estados-unidos-inician-investigacion/,scrapy_pipeline,AccessControlDetected,paywall=False login=False captcha=True,2026-05-18 13:13:23.041814
9e231334-e1d0-46ea-95cf-f3dd0998ea48,tass_com,https://tass.com/world/2132131,scrapy_pipeline,AccessControlDetected,paywall=False login=False captcha=True,2026-05-18 13:13:24.354251
30dea51d-d165-42ca-b505-9e8756e7f9f3,thejakartapost_com,https://www.thejakartapost.com/seasia/news/sitemap.xml,scrapy_pipeline,HttpError,status=404,2026-05-18 13:13:24.420585
78b44eb0-b382-43d7-ab5d-0ddc8ff2ad6b,vnexpress_net,https://vnexpress.net/oto-xe-may/cam-lai/luat-giao-thong,scrapy_pipeline,AccessControlDetected,paywall=False login=False captcha=True,2026-05-18 13:13:24.732727
2b0b2caf-2425-4dcc-852f-f91961ffd9da,dw_com,https://www.dw.com/ur/%D9%85%D9%86%DB%81%D8%A7-%D8%AD%DB%8C%D8%AF%D8%B1/person-53895152,scrapy_pipeline,AccessControlDetected,paywall=False login=False captcha=True,2026-05-18 13:13:25.672476
6ec67aa4-c60b-45a3-a74b-8d8fd22fdacb,apnews_com,https://apnews.com/article/baseball-detroit-tigers-cleveland-guardians-athlete-injuries-de6a12301ad04093a90f8d7a78ea7ef7,scrapy_pipeline,AccessControlDetected,paywall=False login=False captcha=True,2026-05-18 13:13:26.084065
e383160e-80a8-4d82-94b2-c034297a3796,chosun_com,https://www.chosun.com/economy/science/2026/05/18/NWYWLLFQVRGDTF2CXLJKXMV7YI/,scrapy_pipeline,ShortContent,length=0 min=80,2026-05-18 13:13:26.655070
44f321cd-c219-4849-9cd2-63a48bd5500a,theglobeandmail_com,https://www.theglobeandmail.com/politics/article-defence-minister-expected-to-lay-out-future-of-snowbirds-jets-on/,scrapy_pipeline,AccessControlDetected,paywall=False login=False captcha=True,2026-05-18 13:13:27.478881
dcb2ac43-6f68-49cb-ae64-18302d580677,24h_com_vn,https://www.24h.com.vn/tin-tuc-trong-ngay/5-con-bo-bi-set-danh-chet-giua-dong-o-ha-tinh-c46a1762682.html,scrapy_pipeline,AccessControlDetected,paywall=False login=False captcha=True,2026-05-18 13:13:27.636962
6f186568-3f9a-42f6-9b3e-f2a628c6f243,ft_com,https://www.ft.com/content/d2dda018-2627-41b0-aecb-7ca2f0f7a955,scrapy_pipeline,HttpError,status=403,2026-05-18 13:13:27.721053
fc3b7317-05b1-4ab4-b6e5-24a6e27b61ce,tass_com,https://tass.com/world/2132133,scrapy_pipeline,AccessControlDetected,paywall=False login=False captcha=True,2026-05-18 13:13:28.209484
9ff5d308-d41d-49db-87bc-a090395e1320,theglobeandmail_com,https://www.theglobeandmail.com/sports/basketball/article-canadas-shai-gilgeous-alexander-becomes-the-14th-player-to-win-back-to/,scrapy_pipeline,AccessControlDetected,paywall=False login=False captcha=True,2026-05-18 13:13:28.411473
4e6f8b65-9757-454d-8b0d-d1ac80a96ed5,wsj_com,https://www.wsj.com/sitemaps/web/wsj/en/sitemap_wsj_en_m9_2023.xml,scrapy_fetch,FetchError,IgnoreRequest('Forbidden by robots.txt'),2026-05-18 13:13:28.621805
d077476c-32d6-49a7-84d4-2df7924819fd,theaustralian_com_au,https://www.theaustralian.com.au/sitemap.xml?yyyy=2026&mm=04&dd=11,scrapy_fetch,FetchError,IgnoreRequest('Forbidden by robots.txt'),2026-05-18 13:13:28.720994
d449afe9-e9c8-40eb-9a09-bcc32d644d17,theaustralian_com_au,https://www.theaustralian.com.au/sitemap.xml?yyyy=2026&mm=04&dd=12,scrapy_fetch,FetchError,IgnoreRequest('Forbidden by robots.txt'),2026-05-18 13:13:28.821646
846652da-fc66-4b00-b435-9a87e449f2d0,apnews_com,https://apnews.com/article/new-york-yankees-baseball-toronto-blue-jays-illinois-00179b1dd63d4b4e9cc258f8574fddf8,scrapy_pipeline,AccessControlDetected,paywall=False login=False captcha=True,2026-05-18 13:13:30.504788
a6cb7c8b-aaa3-4d0a-a637-a6b415d3b969,wsj_com,https://www.wsj.com/sitemaps/web/wsj/en/sitemap_wsj_en_m8_2023.xml,scrapy_fetch,FetchError,IgnoreRequest('Forbidden by robots.txt'),2026-05-18 13:13:31.243858
aae75a88-8c8e-45cf-9b1a-c32435334f56,theaustralian_com_au,https://www.theaustralian.com.au/sitemap.xml?yyyy=2026&mm=04&dd=10,scrapy_fetch,FetchError,IgnoreRequest('Forbidden by robots.txt'),2026-05-18 13:13:31.343235
257e4571-e5f9-40ff-b1bd-04166aabec0b,theaustralian_com_au,https://www.theaustralian.com.au/sitemap.xml?yyyy=2026&mm=04&dd=08,scrapy_fetch,FetchError,IgnoreRequest('Forbidden by robots.txt'),2026-05-18 13:13:31.710001
929def7c-6305-4350-b678-838275609e91,wsj_com,https://www.wsj.com/sitemaps/web/wsj/en/sitemap_wsj_en_m6_2023.xml,scrapy_fetch,FetchError,IgnoreRequest('Forbidden by robots.txt'),2026-05-18 13:13:31.777289
62268c50-91bb-40bc-9e62-84a55fed49d0,wsj_com,https://www.wsj.com/sitemaps/web/wsj/en/sitemap_wsj_en_m7_2023.xml,scrapy_fetch,FetchError,IgnoreRequest('Forbidden by robots.txt'),2026-05-18 13:13:31.843364
75c395f0-4f50-41f9-acca-c4ec10d9e7be,theaustralian_com_au,https://www.theaustralian.com.au/sitemap.xml?yyyy=2026&mm=04&dd=09,scrapy_fetch,FetchError,IgnoreRequest('Forbidden by robots.txt'),2026-05-18 13:13:31.910671
99ab8ce0-945d-4be1-a4b0-e68d3672300e,eib_org,https://www.eib.org/en/projects/topics/energy-natural-resources/energy/index,scrapy_pipeline,AccessControlDetected,paywall=False login=False captcha=True,2026-05-18 13:13:32.212303
914c5d11-a3cd-4531-8d13-34e20d011fec,wsj_com,https://www.wsj.com/sitemaps/web/wsj/en/sitemap_wsj_en_m5_2023.xml,scrapy_fetch,FetchError,IgnoreRequest('Forbidden by robots.txt'),2026-05-18 13:13:32.643483
b2afdb30-b266-42e4-a83c-ad13d7ad0da4,chosun_com,https://www.chosun.com/national/court_law/2026/05/18/HXO7A7JVMBFGHKZCGDKTIWGQCQ/,scrapy_pipeline,ShortContent,length=0 min=80,2026-05-18 13:13:32.755272
bd2736d3-26b6-4327-b47a-1eeff770aad1,tass_com,https://tass.com/economy/2132135,scrapy_pipeline,AccessControlDetected,paywall=False login=False captcha=True,2026-05-18 13:13:34.147402
99460dac-fa21-4c42-b8bd-72c824892890,dw_com,https://www.dw.com/ur/%D8%B3%D9%85%D8%B9%DB%8C%DB%81-%D8%B4%D8%A7%DB%81/person-53888949,scrapy_pipeline,AccessControlDetected,paywall=False login=False captcha=True,2026-05-18 13:13:34.395012
143376f7-6823-4931-8b8b-e14e449e40f0,vnexpress_net,https://vnexpress.net/oto-xe-may/cam-lai/cham-soc-xe,scrapy_pipeline,AccessControlDetected,paywall=False login=False captcha=True,2026-05-18 13:13:34.729188
264db00e-4f8c-461d-bf8f-61d51f338166,wsj_com,https://www.wsj.com/sitemaps/web/wsj/en/sitemap_wsj_en_m4_2023.xml,scrapy_fetch,FetchError,IgnoreRequest('Forbidden by robots.txt'),2026-05-18 13:13:36.366233
d6647564-acfb-4482-8f54-8249cf0d80af,eluniversal_com_mx,https://www.eluniversal.com.mx/mundo/ucrania-responde-con-masivo-ataque-de-drones-contra-rusia-zelensky-lo-califica-de-justificado/,scrapy_pipeline,AccessControlDetected,paywall=False login=False captcha=True,2026-05-18 13:13:36.799344
005c0649-ec08-4a44-b2be-7859618f28ce,theaustralian_com_au,https://www.theaustralian.com.au/sitemap.xml?yyyy=2026&mm=04&dd=07,scrapy_fetch,FetchError,IgnoreRequest('Forbidden by robots.txt'),2026-05-18 13:13:36.876149
6c67aafd-4817-49f4-8c92-394b3280b305,theglobeandmail_com,https://www.theglobeandmail.com/canada/article-cris-derksen-cree-cellist-killed-car-accident-fathers-funeral/,scrapy_pipeline,AccessControlDetected,paywall=False login=False captcha=True,2026-05-18 13:13:37.043522
c570ce53-1203-4b5a-8ca2-345e03d3c782,ft_com,https://www.ft.com/content/914e1bd8-4cc8-40a4-9f41-632789b37caf,scrapy_pipeline,HttpError,status=403,2026-05-18 13:13:37.843961
47cf4889-1d47-4022-bd79-20ec80a14db5,cnn_com,https://www.cnn.com/2026/05/17/asia/maldives-diving-italians-die-cave-hnk-intl,scrapy_pipeline,AccessControlDetected,paywall=False login=False captcha=True,2026-05-18 13:13:38.386857
01a41677-59fe-449c-80bf-9a7e6494ba16,wsj_com,https://www.wsj.com/sitemaps/web/wsj/en/sitemap_wsj_en_m3_2023.xml,scrapy_fetch,FetchError,IgnoreRequest('Forbidden by robots.txt'),2026-05-18 13:13:38.488419
43e3a09e-9fc6-4069-a8df-947160013f31,theaustralian_com_au,https://www.theaustralian.com.au/sitemap.xml?yyyy=2026&mm=04&dd=06,scrapy_fetch,FetchError,IgnoreRequest('Forbidden by robots.txt'),2026-05-18 13:13:38.554586
df0e2ef0-affc-4b85-ba35-938ecb60b749,eib_org,https://www.eib.org/en/index,scrapy_pipeline,AccessControlDetected,paywall=False login=False captcha=True,2026-05-18 13:13:39.019241
b9e98ec7-d74e-40af-934d-a4b43bab9bb5,apnews_com,https://apnews.com/article/kansas-city-royals-baseball-boston-red-sox-924ca42cbb12471b88ae8073df146dcf,scrapy_pipeline,AccessControlDetected,paywall=False login=False captcha=True,2026-05-18 13:13:40.066392
3383119b-c37f-4db9-910f-e94b85de45ff,vnexpress_net,https://vnexpress.net/oto-xe-may/cam-lai/do-xe,scrapy_pipeline,AccessControlDetected,paywall=False login=False captcha=True,2026-05-18 13:13:40.342842
aa85eab7-fe75-4829-aa91-baa41950f553,24h_com_vn,https://www.24h.com.vn/kinh-doanh/pc1-len-tieng-sau-thong-tin-chu-tich-tong-giam-doc-cung-loat-lanh-dao-bi-khoi-to-c161a1762690.html,scrapy_pipeline,AccessControlDetected,paywall=False login=False captcha=True,2026-05-18 13:13:40.559794
8d2d5178-5774-47df-9380-2bc556a8e27d,24h_com_vn,https://www.24h.com.vn/thoi-trang-hi-tech/iqoo-15t-lo-thong-so-khung-pin-sieu-mong-8000-mah-camera-200mp-c407a1762687.html,scrapy_pipeline,AccessControlDetected,paywall=False login=False captcha=True,2026-05-18 13:13:44.890997
e607caed-0d1d-427b-ab13-10cc2499f724,theaustralian_com_au,https://www.theaustralian.com.au/sitemap.xml?yyyy=2026&mm=04&dd=05,scrapy_fetch,FetchError,IgnoreRequest('Forbidden by robots.txt'),2026-05-18 13:13:46.043586
18ec760f-36c4-423f-9f8f-6dcd27fc6b7f,wsj_com,https://www.wsj.com/sitemaps/web/wsj/en/sitemap_wsj_en_m2_2023.xml,scrapy_fetch,FetchError,IgnoreRequest('Forbidden by robots.txt'),2026-05-18 13:13:46.132841
aed4abd9-4080-41ad-9c70-6d865d2efa69,theaustralian_com_au,https://www.theaustralian.com.au/sitemap.xml?yyyy=2026&mm=04&dd=04,scrapy_fetch,FetchError,IgnoreRequest('Forbidden by robots.txt'),2026-05-18 13:13:46.588420
9519b4e7-c13a-4396-b023-2e19907a4bb7,wsj_com,https://www.wsj.com/sitemaps/web/wsj/en/sitemap_wsj_en_m1_2023.xml,scrapy_fetch,FetchError,IgnoreRequest('Forbidden by robots.txt'),2026-05-18 13:13:46.688176
b92c05ba-4986-49dc-9770-8c6882c49a8b,wsj_com,https://www.wsj.com/sitemaps/web/wsj/en/sitemap_wsj_en_m12_2022.xml,scrapy_fetch,FetchError,IgnoreRequest('Forbidden by robots.txt'),2026-05-18 13:13:47.721476
d087a4e7-eafc-43bd-866f-f0efd71c7bc7,theaustralian_com_au,https://www.theaustralian.com.au/sitemap.xml?yyyy=2026&mm=04&dd=03,scrapy_fetch,FetchError,IgnoreRequest('Forbidden by robots.txt'),2026-05-18 13:13:48.199846
53a007ff-19b0-405f-b1b1-4c2d94f503ac,apnews_com,https://apnews.com/article/arizona-diamondbacks-casey-schmitt-san-francisco-giants-baseball-athlete-injuries-3a085d8c205a46599c943a23e4928f59,scrapy_pipeline,AccessControlDetected,paywall=False login=False captcha=True,2026-05-18 13:13:49.432253
33992916-e37a-4847-a14e-18e96a6172e5,chosun_com,https://www.chosun.com/english/industry-en/2026/05/18/TCEQDB3HMZG2HAOBCIRSOZRD54/,scrapy_pipeline,ShortContent,length=0 min=80,2026-05-18 13:13:49.803415
6c117a77-d5f6-41b2-82bf-dc58b431020e,wsj_com,https://www.wsj.com/sitemaps/web/wsj/en/sitemap_wsj_en_m11_2022.xml,scrapy_fetch,FetchError,IgnoreRequest('Forbidden by robots.txt'),2026-05-18 13:13:50.066391
fcfaa270-f70f-4e81-ac58-da69b1838ec5,wsj_com,https://www.wsj.com/sitemaps/web/wsj/en/sitemap_wsj_en_m10_2022.xml,scrapy_fetch,FetchError,IgnoreRequest('Forbidden by robots.txt'),2026-05-18 13:13:50.155815
ed3c81f8-f6de-4817-bea0-8c150fae71ea,theaustralian_com_au,https://www.theaustralian.com.au/sitemap.xml?yyyy=2026&mm=04&dd=01,scrapy_fetch,FetchError,IgnoreRequest('Forbidden by robots.txt'),2026-05-18 13:13:50.255250
b2fce518-2d1a-4e2b-9688-46fbe218adfa,theaustralian_com_au,https://www.theaustralian.com.au/sitemap.xml?yyyy=2026&mm=04&dd=02,scrapy_fetch,FetchError,IgnoreRequest('Forbidden by robots.txt'),2026-05-18 13:13:50.344259
c5bbf27a-87f1-4844-b77a-240bdef3c6da,tass_com,https://tass.com/economy/2132149,scrapy_pipeline,AccessControlDetected,paywall=False login=False captcha=True,2026-05-18 13:13:50.923509
008b7da4-4931-42c7-bbcf-f0a79adbf970,dw_com,https://www.dw.com/ur/%D8%A7%D9%86%D8%B9%D9%85-%D9%85%D9%84%DA%A9/person-53880158,scrapy_pipeline,AccessControlDetected,paywall=False login=False captcha=True,2026-05-18 13:13:51.479486
a3f6a97e-ffa0-4fc7-af49-102e6fac7e27,ft_com,https://www.ft.com/content/95a51a35-950f-4143-a20b-088f7c42b4ff,scrapy_pipeline,HttpError,status=403,2026-05-18 13:13:52.110618
61fbf668-fa1a-4501-b1f5-2d7dd5b92350,vnexpress_net,https://vnexpress.net/oto-xe-may/cam-lai,scrapy_pipeline,AccessControlDetected,paywall=False login=False captcha=True,2026-05-18 13:13:52.432133
0aad0a67-af35-42ac-a499-77e9d4370e65,eluniversal_com_mx,https://www.eluniversal.com.mx/mundo/oms-mantiene-riesgo-bajo-por-brote-de-hantavirus-en-crucero-autoridades-vigilan-posibles-nuevos-contagios/,scrapy_pipeline,AccessControlDetected,paywall=False login=False captcha=True,2026-05-18 13:13:52.716763
3eb7bea6-9b51-4353-a0d9-4ceec72c41ff,theglobeandmail_com,https://www.theglobeandmail.com/sports/article-a-medicine-game-cj-kirst-adds-to-illustrious-lacrosse-resume-with-nll/,scrapy_pipeline,AccessControlDetected,paywall=False login=False captcha=True,2026-05-18 13:13:52.888191
48ee855b-6230-4e41-93f6-cd28fc07318a,chinadaily_com_cn,http://www.chinadaily.com.cn/chinagate/sitemap.htm,scrapy_pipeline,HttpError,status=404,2026-05-18 13:13:53.143805
ff94eed3-1142-4271-8202-a5a1773224da,apnews_com,https://apnews.com/article/san-diego-padres-los-angeles-dodgers-baseball-athlete-injuries-36403b4ecbaf441687dfd273253f1873,scrapy_pipeline,AccessControlDetected,paywall=False login=False captcha=True,2026-05-18 13:13:54.081658
d285c7e3-dfb5-41ca-9b10-33860e34ee33,24h_com_vn,https://www.24h.com.vn/o-to/gia-xe-kia-sonet-lan-banh-kem-uu-dai-thang-5-2026-c747a1762568.html,scrapy_pipeline,AccessControlDetected,paywall=False login=False captcha=True,2026-05-18 13:13:54.703844
44c43f33-3705-4d4e-8801-a8dcb4ca9c7f,theaustralian_com_au,https://www.theaustralian.com.au/sitemap.xml?yyyy=2026&mm=03&dd=30,scrapy_fetch,FetchError,IgnoreRequest('Forbidden by robots.txt'),2026-05-18 13:13:55.144654
7c3df47e-62ea-4edb-aba4-0f192b663329,wsj_com,https://www.wsj.com/sitemaps/web/wsj/en/sitemap_wsj_en_m8_2022.xml,scrapy_fetch,FetchError,IgnoreRequest('Forbidden by robots.txt'),2026-05-18 13:13:55.232936
23fbbe92-b5ff-498c-a652-3e8a7b509272,wsj_com,https://www.wsj.com/sitemaps/web/wsj/en/sitemap_wsj_en_m9_2022.xml,scrapy_fetch,FetchError,IgnoreRequest('Forbidden by robots.txt'),2026-05-18 13:13:55.311319
f7c0a098-b163-4030-b9bf-2b05c7d0b820,eluniversal_com_mx,https://www.eluniversal.com.mx/mundo/partido-socialista-de-pedro-sanchez-perfila-derrota-historica-en-andalucia-conservadores-amplian-dominio/,scrapy_pipeline,AccessControlDetected,paywall=False login=False captcha=True,2026-05-18 13:13:55.499496
ca180066-0ff7-43d6-97f9-e3b4837ba84c,theaustralian_com_au,https://www.theaustralian.com.au/sitemap.xml?yyyy=2026&mm=03&dd=31,scrapy_fetch,FetchError,IgnoreRequest('Forbidden by robots.txt'),2026-05-18 13:13:55.578138
9686049e-6b67-429d-8e67-b9982d14ed41,tass_com,https://tass.com/world/2132151,scrapy_pipeline,AccessControlDetected,paywall=False login=False captcha=True,2026-05-18 13:13:57.049028
00380634-5afe-491e-899b-214b07f71473,dw_com,https://www.dw.com/ur/%D8%B1%D8%A7%D8%A8%D8%B9%DB%81-%D8%A8%DA%AF%D9%B9%DB%8C/person-53825916,scrapy_pipeline,AccessControlDetected,paywall=False login=False captcha=True,2026-05-18 13:13:58.089066
7a1f4e6b-f058-490e-8a57-6e7269381b54,chosun_com,https://www.chosun.com/entertainments/broadcast/2026/05/18/MUZGKNZZGMYDCNZXMJSWMOBSGI/,scrapy_pipeline,ShortContent,length=0 min=80,2026-05-18 13:13:58.605928
d1d4c67f-8baa-4aea-b5b1-a018da11c0df,ft_com,https://www.ft.com/content/d4dd2412-57f9-4973-81e1-c637e148f8d6,scrapy_pipeline,HttpError,status=403,2026-05-18 13:13:58.811004
e25ebbc3-4c14-4207-bde2-d7913eeb3330,apnews_com,https://apnews.com/article/baltimore-orioles-gunnar-henderson-baseball-tampa-bay-rays-illinois-d48cbb88ddf344ceb98cab3add73d150,scrapy_pipeline,AccessControlDetected,paywall=False login=False captcha=True,2026-05-18 13:14:00.006084
c3907794-7624-437a-86a2-93e5b43d1ae3,theaustralian_com_au,https://www.theaustralian.com.au/sitemap.xml?yyyy=2026&mm=03&dd=29,scrapy_fetch,FetchError,IgnoreRequest('Forbidden by robots.txt'),2026-05-18 13:14:01.066557
fe4ec5d3-38d3-47bf-904e-e760d8a9bffa,wsj_com,https://www.wsj.com/sitemaps/web/wsj/en/sitemap_wsj_en_m7_2022.xml,scrapy_fetch,FetchError,IgnoreRequest('Forbidden by robots.txt'),2026-05-18 13:14:01.300116
9f620842-6fe0-487c-b0bf-5adbef6c6c0c,tass_com,https://tass.com/economy/2132155,scrapy_pipeline,AccessControlDetected,paywall=False login=False captcha=True,2026-05-18 13:14:06.827381
8886a2a2-7ba1-43cd-8b3f-4284fe1dc679,theaustralian_com_au,https://www.theaustralian.com.au/sitemap.xml?yyyy=2026&mm=03&dd=28,scrapy_fetch,FetchError,IgnoreRequest('Forbidden by robots.txt'),2026-05-18 13:14:07.067349
5d30e1e5-5f5e-4d2f-9777-c67175a5e80f,wsj_com,https://www.wsj.com/sitemaps/web/wsj/en/sitemap_wsj_en_m6_2022.xml,scrapy_fetch,FetchError,IgnoreRequest('Forbidden by robots.txt'),2026-05-18 13:14:07.166806
3c6d3eef-685d-47a5-8c9b-fa6ab7e3ea1d,chosun_com,https://www.chosun.com/entertainments/enter_general/2026/05/18/GEZTMNZSGVSWGMRWMMZDEYLEHA/,scrapy_pipeline,ShortContent,length=0 min=80,2026-05-18 13:14:07.285292
b16f4aa2-712b-49f3-b745-9d8e5fbea0d1,dw_com,https://www.dw.com/ur/%D8%B3%D9%85%DB%8C%D8%B1%D8%A7-%D9%84%D8%B7%DB%8C%D9%81/person-53803337,scrapy_pipeline,AccessControlDetected,paywall=False login=False captcha=True,2026-05-18 13:14:08.001115
e992bff2-9964-45df-8599-9b45117831f5,apnews_com,https://apnews.com/article/baseball-chicago-cubs-milwaukee-brewers-illinois-athlete-injuries-d518a2a2182d4cc3a6d76339a8f845dd,scrapy_pipeline,AccessControlDetected,paywall=False login=False captcha=True,2026-05-18 13:14:08.605969
3340cdb7-55f2-410e-84c1-f438075f1dae,tass_com,https://tass.com/world/2132157,scrapy_pipeline,AccessControlDetected,paywall=False login=False captcha=True,2026-05-18 13:14:09.014628
3ab0678c-9e65-46d3-b5d6-afb37eac1dbe,vnexpress_net,https://vnexpress.net/oto-xe-may/dien-dan/hoi-dap,scrapy_pipeline,AccessControlDetected,paywall=False login=False captcha=True,2026-05-18 13:14:09.889491
8136e9ce-4c42-4289-9112-81df9486aad8,eluniversal_com_mx,https://www.eluniversal.com.mx/mundo/trump-llama-debil-y-patetico-al-congresista-thomas-massie-es-el-peor-republicano-afirma/,scrapy_pipeline,AccessControlDetected,paywall=False login=False captcha=True,2026-05-18 13:14:11.485125
62677478-b84e-4591-a3ec-fb566290d6f8,theglobeandmail_com,https://www.theglobeandmail.com/canada/article-iraqi-man-facing-us-terrorism-charges-linked-to-toronto-shootings/,scrapy_pipeline,AccessControlDetected,paywall=False login=False captcha=True,2026-05-18 13:14:11.642365
19cb49e3-124a-462e-ad64-73fc41b945af,ft_com,https://www.ft.com/content/2a6c1cb9-6c11-41c8-a8ea-a367b8799126,scrapy_pipeline,HttpError,status=403,2026-05-18 13:14:11.711476
1c0c4ad7-089c-481e-9fc3-89b2cc62cdd1,24h_com_vn,https://www.24h.com.vn/the-thao/khung-long-thanh-thuy-so-tai-ghi-diem-voi-chan-dai-quynh-huong-ai-loi-hai-hon-c101a1762701.html,scrapy_pipeline,AccessControlDetected,paywall=False login=False captcha=True,2026-05-18 13:14:12.515729
2c81b93d-b24d-4a00-9304-3185a4cccd0b,theaustralian_com_au,https://www.theaustralian.com.au/sitemap.xml?yyyy=2026&mm=03&dd=27,scrapy_fetch,FetchError,IgnoreRequest('Forbidden by robots.txt'),2026-05-18 13:14:13.311708
0f650716-93b8-416e-aae2-7ebba19163e9,wsj_com,https://www.wsj.com/sitemaps/web/wsj/en/sitemap_wsj_en_m5_2022.xml,scrapy_fetch,FetchError,IgnoreRequest('Forbidden by robots.txt'),2026-05-18 13:14:13.501234
cab939fe-216d-46ba-be93-16cb4268279c,theaustralian_com_au,https://www.theaustralian.com.au/sitemap.xml?yyyy=2026&mm=03&dd=26,scrapy_fetch,FetchError,IgnoreRequest('Forbidden by robots.txt'),2026-05-18 13:14:13.566443
a486c350-2b35-4fb9-a7ac-f4e5593c9030,wsj_com,https://www.wsj.com/sitemaps/web/wsj/en/sitemap_wsj_en_m4_2022.xml,scrapy_fetch,FetchError,IgnoreRequest('Forbidden by robots.txt'),2026-05-18 13:14:13.633412
efcf97e5-873e-4c98-aed1-f6f0406bf14e,theaustralian_com_au,https://www.theaustralian.com.au/sitemap.xml?yyyy=2026&mm=03&dd=25,scrapy_fetch,FetchError,IgnoreRequest('Forbidden by robots.txt'),2026-05-18 13:14:13.700131
65068545-3489-4c06-b6b7-c3cfdb5a4044,wsj_com,https://www.wsj.com/sitemaps/web/wsj/en/sitemap_wsj_en_m3_2022.xml,scrapy_fetch,FetchError,IgnoreRequest('Forbidden by robots.txt'),2026-05-18 13:14:13.767295
f6f8ef8d-e236-4a2f-bd9c-b4a9aeb1cbf6,chosun_com,https://www.chosun.com/english/kpop-culture-en/2026/05/18/U5M3ZI5EUFFXXBHX7LI7U7JVSA/,scrapy_pipeline,ShortContent,length=0 min=80,2026-05-18 13:14:14.151176
09a70f07-e3e7-436e-9b66-122ebb3ce23e,vnexpress_net,https://vnexpress.net/oto-xe-may/dien-dan/y-kien,scrapy_pipeline,AccessControlDetected,paywall=False login=False captcha=True,2026-05-18 13:14:14.946775
0076cce1-b13f-4d01-af70-c7125c763fa9,tass_com,https://tass.com/world/2132167,scrapy_pipeline,AccessControlDetected,paywall=False login=False captcha=True,2026-05-18 13:14:15.857977
b31c405c-df84-472c-ad1a-d133102f35ba,dw_com,https://www.dw.com/ur/%D8%A7%D9%81%D8%B4%D8%A7%DA%BA-%D9%85%D8%B5%D8%B9%D8%A8/person-53783801,scrapy_pipeline,AccessControlDetected,paywall=False login=False captcha=True,2026-05-18 13:14:16.184651
991b27ee-46e9-4617-bc87-831b680ecb05,24h_com_vn,https://www.24h.com.vn/giai-tri/vu-nhac-si-giang-son-bi-bh-media-xam-pham-ban-quyen-tung-doi-den-bu-1-ty-dong-va-5-nam-theo-kien-day-met-moi-c731a1762707.html,scrapy_pipeline,AccessControlDetected,paywall=False login=False captcha=True,2026-05-18 13:14:16.503816
7b419956-9e6d-447a-80f7-c9690d2f3778,apnews_com,https://apnews.com/article/philadelphia-phillies-cincinnati-reds-baseball-0b04f21a3a214ee4936c00efe59997f4,scrapy_pipeline,AccessControlDetected,paywall=False login=False captcha=True,2026-05-18 13:14:16.920792
da729d9a-5dda-4b81-9993-64cff7ceac63,theglobeandmail_com,https://www.theglobeandmail.com/sports/article-guerreros-homer-backs-gausmans-strong-outing-in-blue-jays-win-over/,scrapy_pipeline,AccessControlDetected,paywall=False login=False captcha=True,2026-05-18 13:14:17.815506
b17d8a49-7129-4c56-8de8-0921684b5198,eluniversal_com_mx,https://www.eluniversal.com.mx/mundo/israel-impulsa-aplicacion-de-pena-de-muerte-a-palestinos-condenados-por-terrorismo-en-cisjordania-crece-la-tension-internacional/,scrapy_pipeline,AccessControlDetected,paywall=False login=False captcha=True,2026-05-18 13:14:18.009186
8f3768b9-e105-4c4d-8320-6c602c9d316a,theglobeandmail_com,https://www.theglobeandmail.com/canada/science/article-genomics-pioneer-craig-venters-dna-used-in-canadian-study/,scrapy_pipeline,AccessControlDetected,paywall=False login=False captcha=True,2026-05-18 13:14:19.695183
462a140c-319a-47b2-ada9-5c3b95e3507b,eluniversal_com_mx,https://www.eluniversal.com.mx/mundo/iran-dispara-numero-de-ejecuciones-en-el-mundo-amnistia-reporta-cifra-record-desde-1981/,scrapy_pipeline,AccessControlDetected,paywall=False login=False captcha=True,2026-05-18 13:14:19.889459
4b575bc9-f4e1-4a7d-a2e7-924956382a6c,theaustralian_com_au,https://www.theaustralian.com.au/sitemap.xml?yyyy=2026&mm=03&dd=23,scrapy_fetch,FetchError,IgnoreRequest('Forbidden by robots.txt'),2026-05-18 13:14:20.167580
cfd0a938-d56a-48b9-837c-a4210cbea1ba,wsj_com,https://www.wsj.com/sitemaps/web/wsj/en/sitemap_wsj_en_m2_2022.xml,scrapy_fetch,FetchError,IgnoreRequest('Forbidden by robots.txt'),2026-05-18 13:14:20.266208
90c81803-bf76-4bac-9741-21650bf46ffb,wsj_com,https://www.wsj.com/sitemaps/web/wsj/en/sitemap_wsj_en_m1_2022.xml,scrapy_fetch,FetchError,IgnoreRequest('Forbidden by robots.txt'),2026-05-18 13:14:20.367386
0cb90fa9-bb8a-4c61-bcf7-945417b05685,theaustralian_com_au,https://www.theaustralian.com.au/sitemap.xml?yyyy=2026&mm=03&dd=24,scrapy_fetch,FetchError,IgnoreRequest('Forbidden by robots.txt'),2026-05-18 13:14:20.466998
edc77761-c204-44c8-81e4-e4a5a350c498,tass_com,https://tass.com/world/2132169,scrapy_pipeline,AccessControlDetected,paywall=False login=False captcha=True,2026-05-18 13:14:20.801013
28d57780-2904-4122-9d4a-722a754e8b70,chosun_com,https://www.chosun.com/economy/stock-finance/2026/05/18/MQ2WMNDBMIZDSMZSMM2GKN3BG4/,scrapy_pipeline,ShortContent,length=0 min=80,2026-05-18 13:14:20.997858
c3aef4ef-d00e-4529-923f-0652805ad329,dw_com,https://www.dw.com/ur/%D8%B3%D9%85%DB%8C%D8%B1%D8%A7-%D8%B1%D8%A7%D8%AC%D9%BE%D9%88%D8%AA/person-53772025,scrapy_pipeline,AccessControlDetected,paywall=False login=False captcha=True,2026-05-18 13:14:21.400798
f4d1dc32-2ea5-4353-bc59-7b12271e0765,apnews_com,https://apnews.com/article/atlanta-braves-miami-marlins-baseball-athlete-injuries-ba9a63357b2547768670c484f0ded53f,scrapy_pipeline,AccessControlDetected,paywall=False login=False captcha=True,2026-05-18 13:14:23.326537
d07b5eee-528d-47aa-98e6-84929ccf009b,vnexpress_net,https://vnexpress.net/oto-xe-may/dien-dan/tinh-huong,scrapy_pipeline,AccessControlDetected,paywall=False login=False captcha=True,2026-05-18 13:14:23.607612
106c06f8-42db-4390-9245-accd0d14c749,24h_com_vn,https://www.24h.com.vn/tin-tuc-trong-ngay/quang-ninh-nuoc-lu-bat-ngo-tran-vao-tru-so-xa-cuoc-hop-phai-dung-giua-chung-c46a1762730.html,scrapy_pipeline,AccessControlDetected,paywall=False login=False captcha=True,2026-05-18 13:14:29.149378
c5f85141-f2ef-4fae-8672-76ee1d200793,theglobeandmail_com,https://www.theglobeandmail.com/life/horoscopes/article-your-daily-horoscope-may-18-2026/,scrapy_pipeline,AccessControlDetected,paywall=False login=False captcha=True,2026-05-18 13:14:29.490825
8bd5f2aa-e8b5-4e35-b57c-cdafff698d96,meduza_io,https://meduza.io/audio/1771627688/en/episodes/2026/02/21/russia-s-recruitment-machine-runs-on-cash-and-the-regions-bankrolling-it-are-starting-to-run-out-we-asked-researcher-janis-kluge-how-much-longer-putin-can-avoid-another-mobilization.mp3,scrapy_fetch,FetchError,DownloadTimeoutError('Getting https://meduza.io/audio/1771627688/en/episodes/2026/02/21/russia-s-recruitment-machine-runs-on-cash-and-the-regions-bankrolling-it-are-starting-to-run-out-we-asked-researcher-janis-kluge-how-much-longer-putin-can-avoid-another-mobilization.mp3 took longer than 35.0 seconds.'),2026-05-18 13:14:29.879284
eb289d5a-d025-4028-a233-e25affdedb09,dw_com,https://www.dw.com/ur/%D8%B9%D9%81%D8%AA-%D8%AD%D8%B3%D9%86-%D8%B1%D8%B6%D9%88%DB%8C/person-53695639,scrapy_pipeline,AccessControlDetected,paywall=False login=False captcha=True,2026-05-18 13:14:30.762941
b981554d-ac88-4397-939d-2f7d9cddf344,cnn_com,https://www.cnn.com/2026/05/18/middleeast/iran-night-rallies-guns-intl-hnk,scrapy_pipeline,AccessControlDetected,paywall=False login=False captcha=True,2026-05-18 13:14:31.345465
8ed5fb9b-fde4-4b13-a730-756516385998,ft_com,https://www.ft.com/content/5e7f4da1-6cb4-44d8-9bce-4ddad53c7fd1,scrapy_pipeline,HttpError,status=403,2026-05-18 13:14:31.445501
d982ce14-cf98-4003-827b-6cfdc9cd5431,eluniversal_com_mx,https://www.eluniversal.com.mx/mundo/gobierno-de-ecuador-promete-colaborar-con-eu-en-caso-saab-ministro-asegura-que-muchos-estan-nerviosos/,scrapy_pipeline,AccessControlDetected,paywall=False login=False captcha=True,2026-05-18 13:14:31.656292
31a6167d-9995-4ab7-83f5-a098a9578ec1,eluniversal_com_mx,https://www.eluniversal.com.mx/mundo/muere-madre-de-preso-politico-venezolano-familia-aun-exige-justicia-por-victor-quero/,scrapy_pipeline,AccessControlDetected,paywall=False login=False captcha=True,2026-05-18 13:14:31.860295
ab4a9c52-3474-4e1b-8774-9ab34327040e,ft_com,https://www.ft.com/content/fa96e027-6727-484b-895b-c1f193b0ce35,scrapy_pipeline,HttpError,status=403,2026-05-18 13:14:32.279046
bf875baa-7e60-4380-8709-decd1ebe2ea2,meduza_io,https://meduza.io/audio/1770351678/en/episodes/2026/02/06/what-happens-when-you-drunk-text-the-fbi-about-russian-spies-and-prostitutes-at-4-a-m-the-curious-case-of-nomma-zarubina.mp3,scrapy_fetch,FetchError,DownloadTimeoutError('Getting https://meduza.io/audio/1770351678/en/episodes/2026/02/06/what-happens-when-you-drunk-text-the-fbi-about-russian-spies-and-prostitutes-at-4-a-m-the-curious-case-of-nomma-zarubina.mp3 took longer than 35.0 seconds.'),2026-05-18 13:14:32.468042
b794a338-dc3c-455e-aa02-92e87bc1a613,chosun_com,https://www.chosun.com/economy/realty/apartment_sales/2026/05/18/MI3WGZRVMEZWKNBVGM3TINLGMM/,scrapy_fetch,FetchError,IgnoreRequest('Forbidden by robots.txt'),2026-05-18 13:14:32.666556
de6e4545-c6f8-469a-9bf0-bb693e341f41,theaustralian_com_au,https://www.theaustralian.com.au/sitemap.xml?yyyy=2026&mm=03&dd=22,scrapy_fetch,FetchError,IgnoreRequest('Forbidden by robots.txt'),2026-05-18 13:14:32.733995
2c5df684-5879-473c-9928-fda982d74d03,wsj_com,https://www.wsj.com/sitemaps/web/wsj/en/sitemap_wsj_en_m12_2021.xml,scrapy_fetch,FetchError,IgnoreRequest('Forbidden by robots.txt'),2026-05-18 13:14:32.800802
73ffe817-0867-4bc2-bbd4-c729cecc2a15,theaustralian_com_au,https://www.theaustralian.com.au/sitemap.xml?yyyy=2026&mm=03&dd=20,scrapy_fetch,FetchError,IgnoreRequest('Forbidden by robots.txt'),2026-05-18 13:14:33.055772
c5dde1e3-00c5-4a18-82de-0deb686cc8fc,theaustralian_com_au,https://www.theaustralian.com.au/sitemap.xml?yyyy=2026&mm=03&dd=21,scrapy_fetch,FetchError,IgnoreRequest('Forbidden by robots.txt'),2026-05-18 13:14:33.134775
2237824a-35b9-4182-ad2a-3e7e054d6b35,wsj_com,https://www.wsj.com/sitemaps/web/wsj/en/sitemap_wsj_en_m11_2021.xml,scrapy_fetch,FetchError,IgnoreRequest('Forbidden by robots.txt'),2026-05-18 13:14:33.200832
837ad430-e0d5-4330-94c0-aa5ddd2b14c2,wsj_com,https://www.wsj.com/sitemaps/web/wsj/en/sitemap_wsj_en_m10_2021.xml,scrapy_fetch,FetchError,IgnoreRequest('Forbidden by robots.txt'),2026-05-18 13:14:33.312597
05946821-6bef-4850-8411-1469f95f08c9,apnews_com,https://apnews.com/article/baseball-new-york-mets-washington-nationals-illinois-e45c5590093948ff9fe384140c91e625,scrapy_pipeline,AccessControlDetected,paywall=False login=False captcha=True,2026-05-18 13:14:33.937942
a5e6ee5a-8d1e-410e-8092-7b2b7f165453,theaustralian_com_au,https://www.theaustralian.com.au/sitemap.xml?yyyy=2026&mm=03&dd=19,scrapy_fetch,FetchError,IgnoreRequest('Forbidden by robots.txt'),2026-05-18 13:14:35.145551
67a17328-8b15-42e3-965f-1190e2cbdf50,wsj_com,https://www.wsj.com/sitemaps/web/wsj/en/sitemap_wsj_en_m9_2021.xml,scrapy_fetch,FetchError,IgnoreRequest('Forbidden by robots.txt'),2026-05-18 13:14:35.323837
02da21fc-c58f-47b9-98c4-b251b5e19674,dw_com,https://www.dw.com/ur/%D8%B9%D8%A7%D9%84%DB%8C%DB%81-%D8%B4%D8%A7%DB%81/person-49597012,scrapy_pipeline,AccessControlDetected,paywall=False login=False captcha=True,2026-05-18 13:14:35.726066
2868360e-7571-4f64-9486-f045ac9d9c22,tass_com,https://tass.com/world/2132171,scrapy_pipeline,AccessControlDetected,paywall=False login=False captcha=True,2026-05-18 13:14:36.091531
7551ceaa-0df4-450c-b2db-65f3c8388dee,theaustralian_com_au,https://www.theaustralian.com.au/sitemap.xml?yyyy=2026&mm=03&dd=17,scrapy_fetch,FetchError,IgnoreRequest('Forbidden by robots.txt'),2026-05-18 13:14:36.413086
bcfd04d1-7850-4c31-8cea-b2cb24df4feb,wsj_com,https://www.wsj.com/sitemaps/web/wsj/en/sitemap_wsj_en_m7_2021.xml,scrapy_fetch,FetchError,IgnoreRequest('Forbidden by robots.txt'),2026-05-18 13:14:36.479203
91509560-40a0-4659-98e4-4b0d77951250,theaustralian_com_au,https://www.theaustralian.com.au/sitemap.xml?yyyy=2026&mm=03&dd=18,scrapy_fetch,FetchError,IgnoreRequest('Forbidden by robots.txt'),2026-05-18 13:14:36.546392
1b867efe-9551-48d6-8d26-38916676e923,wsj_com,https://www.wsj.com/sitemaps/web/wsj/en/sitemap_wsj_en_m8_2021.xml,scrapy_fetch,FetchError,IgnoreRequest('Forbidden by robots.txt'),2026-05-18 13:14:36.605752
6438f297-6c8c-4933-a4a2-32190b952835,vnexpress_net,https://vnexpress.net/oto-xe-may/dien-dan,scrapy_pipeline,AccessControlDetected,paywall=False login=False captcha=True,2026-05-18 13:14:37.206406
9c23d6e0-492b-499b-8416-2b3c2b04c0eb,chosun_com,https://www.chosun.com/english/kpop-culture-en/2026/05/18/MICUWUIVXRFWJAHP4IDK3HSKXQ/,scrapy_pipeline,ShortContent,length=0 min=80,2026-05-18 13:14:37.375191
313a29f4-79ac-4a06-8b1f-2e45ee78da80,ft_com,https://www.ft.com/content/6228616c-0231-4926-ac1b-7125759c34a7,scrapy_pipeline,HttpError,status=403,2026-05-18 13:14:37.944521
a4f56d6c-a09c-4eb1-bd7b-58ccd12447d2,eluniversal_com_mx,https://www.eluniversal.com.mx/mundo/trump-amenaza-a-iran-se-le-acaba-el-tiempo/,scrapy_pipeline,AccessControlDetected,paywall=False login=False captcha=True,2026-05-18 13:14:38.176713
3ffe743c-234b-4c3f-a2cf-c48c89b8b619,cnn_com,https://www.cnn.com/2026/05/18/china/xi-trump-trade-agreements-china-visit-intl-hnk,scrapy_pipeline,AccessControlDetected,paywall=False login=False captcha=True,2026-05-18 13:14:38.660196
eb296d6e-5ea9-4f21-a175-8f0916d63ced,theglobeandmail_com,https://www.theglobeandmail.com/opinion/letters/article-what-historical-value-how-many-canadians-even-recognize-24-sussex/,scrapy_pipeline,AccessControlDetected,paywall=False login=False captcha=True,2026-05-18 13:14:38.874412
f9658640-2839-4437-bcc6-9a4db40c7a9b,theaustralian_com_au,https://www.theaustralian.com.au/sitemap.xml?yyyy=2026&mm=03&dd=16,scrapy_fetch,FetchError,IgnoreRequest('Forbidden by robots.txt'),2026-05-18 13:14:38.968319
cf87bbe4-5ca3-4194-ba77-b93a19da8b1a,apnews_com,https://apnews.com/article/houston-astros-baseball-minnesota-twins-illinois-byron-buxton-e9c5f328e9504489ac7bdb64822e3750,scrapy_pipeline,AccessControlDetected,paywall=False login=False captcha=True,2026-05-18 13:14:39.822123
e363bbd7-05ec-4121-a6ba-00fe0dd0f5db,wsj_com,https://www.wsj.com/sitemaps/web/wsj/en/sitemap_wsj_en_m6_2021.xml,scrapy_fetch,FetchError,IgnoreRequest('Forbidden by robots.txt'),2026-05-18 13:14:39.968445
fc6f2d42-030a-4fba-91e0-682d1d4d3973,wsj_com,https://www.wsj.com/sitemaps/web/wsj/en/sitemap_wsj_en_m4_2021.xml,scrapy_fetch,FetchError,IgnoreRequest('Forbidden by robots.txt'),2026-05-18 13:14:40.033931
c21c5f7c-87dc-41ab-b4f6-8907c1bcd9d9,wsj_com,https://www.wsj.com/sitemaps/web/wsj/en/sitemap_wsj_en_m5_2021.xml,scrapy_fetch,FetchError,IgnoreRequest('Forbidden by robots.txt'),2026-05-18 13:14:40.101729
e73ee853-3cda-486d-ad94-150649f06d93,theaustralian_com_au,https://www.theaustralian.com.au/sitemap.xml?yyyy=2026&mm=03&dd=14,scrapy_fetch,FetchError,IgnoreRequest('Forbidden by robots.txt'),2026-05-18 13:14:40.167858
3f5ec492-6ee0-488b-8f67-1db32ad56e5d,theaustralian_com_au,https://www.theaustralian.com.au/sitemap.xml?yyyy=2026&mm=03&dd=15,scrapy_fetch,FetchError,IgnoreRequest('Forbidden by robots.txt'),2026-05-18 13:14:40.379158
c5f7ccb1-6cb6-4490-a884-67db33c0277d,tass_com,https://tass.com/economy/2132173,scrapy_pipeline,AccessControlDetected,paywall=False login=False captcha=True,2026-05-18 13:14:41.408805
1aaf87b3-3cb3-419b-8442-7901235bab7d,24h_com_vn,https://www.24h.com.vn/an-ninh-xa-hoi/triet-pha-duong-day-van-chuyen-trai-phep-gan-90-tan-chat-phong-xa-ra-nuoc-ngoai-c51a1762647.html,scrapy_pipeline,AccessControlDetected,paywall=False login=False captcha=True,2026-05-18 13:14:41.625698
57df465f-5f94-460c-8381-d84ae0171521,apnews_com,https://apnews.com/article/texas-rangers-baseball-colorado-rockies-illinois-63b4d4d33660490d97f28d58307236c0,scrapy_pipeline,AccessControlDetected,paywall=False login=False captcha=True,2026-05-18 13:14:42.309098
e89b2249-bdfe-46fc-81f2-f44c6f85ea2f,meduza_io,https://meduza.io/audio/1770901090/en/episodes/2026/02/12/russia-has-crushed-open-defiance-in-occupied-ukraine-scholar-jade-mcglynn-explains-how-the-resistance-went-underground-to-survive.mp3,scrapy_fetch,FetchError,DownloadTimeoutError('Getting https://meduza.io/audio/1770901090/en/episodes/2026/02/12/russia-has-crushed-open-defiance-in-occupied-ukraine-scholar-jade-mcglynn-explains-how-the-resistance-went-underground-to-survive.mp3 took longer than 35.0 seconds.'),2026-05-18 13:14:42.478938
e56e7030-5745-4070-87de-1e96db15c401,chosun_com,https://www.chosun.com/english/national-en/2026/05/18/RPVZ3BC45JD45JVFRWUYMEXOWI/,scrapy_pipeline,ShortContent,length=0 min=80,2026-05-18 13:14:44.195047
011930f5-a553-499f-98a6-784056416fb7,dw_com,https://www.dw.com/ur/%D8%B3%DB%81%DB%8C%D9%84-%D9%88%D8%AD%DB%8C%D8%AF/person-47266641,scrapy_pipeline,AccessControlDetected,paywall=False login=False captcha=True,2026-05-18 13:14:44.350855
497ac6d5-7d42-4eb8-8ac9-9af12f2caa98,24h_com_vn,https://www.24h.com.vn/tin-tuc-quoc-te/bi-mat-phia-sau-he-thong-dieu-khien-co-lo-si-cua-ten-lua-dan-dao-hat-nhan-dang-so-nhat-nuoc-my-c415a1762637.html,scrapy_pipeline,AccessControlDetected,paywall=False login=False captcha=True,2026-05-18 13:14:44.848201
fe83fe33-c839-4bea-8c03-679bd975a862,meduza_io,https://meduza.io/audio/1766000152/en/episodes/2025/12/16/pavel-durov-s-tech-bro-feudalism.mp3,scrapy_fetch,FetchError,DownloadTimeoutError('Getting https://meduza.io/audio/1766000152/en/episodes/2025/12/16/pavel-durov-s-tech-bro-feudalism.mp3 took longer than 35.0 seconds.'),2026-05-18 13:14:45.257528
1cf0d002-719a-447f-8aed-50f683ad09fd,ft_com,https://www.ft.com/content/846479c8-4ab0-4812-a1d5-08abdd8b952b,scrapy_pipeline,HttpError,status=403,2026-05-18 13:14:50.356778
0ec3b58b-ad94-497e-bd4f-2e57af914fcc,meduza_io,https://meduza.io/audio/1766511017/en/episodes/2025/12/23/moscow-times-opinion-editor-charlie-hancock-discusses-the-challenges-of-commissioning-commentary-on-russia-amid-the-war-in-ukraine.mp3,scrapy_fetch,FetchError,DownloadTimeoutError('Getting https://meduza.io/audio/1766511017/en/episodes/2025/12/23/moscow-times-opinion-editor-charlie-hancock-discusses-the-challenges-of-commissioning-commentary-on-russia-amid-the-war-in-ukraine.mp3 took longer than 35.0 seconds.'),2026-05-18 13:14:50.434791
579841a0-fd14-405f-9d48-b534c713875c,wsj_com,https://www.wsj.com/sitemaps/web/wsj/en/sitemap_wsj_en_m3_2021.xml,scrapy_fetch,FetchError,IgnoreRequest('Forbidden by robots.txt'),2026-05-18 13:14:50.702048
fcad07fa-6419-4efb-8675-85f8657a6c22,theaustralian_com_au,https://www.theaustralian.com.au/sitemap.xml?yyyy=2026&mm=03&dd=13,scrapy_fetch,FetchError,IgnoreRequest('Forbidden by robots.txt'),2026-05-18 13:14:50.768107
024d9b23-95f4-4ed5-bc0b-ecf01297c7f2,chosun_com,https://www.chosun.com/english/market-money-en/2026/05/18/PN2W3QT2CZAIZK5JKNYD3E2K34/,scrapy_pipeline,ShortContent,length=0 min=80,2026-05-18 13:14:51.605526
4531751b-5880-4f73-8816-023143204865,dw_com,https://www.dw.com/ur/%D8%B1%D8%A7%D9%81%D8%B9%DB%81-%D8%A7%D8%B9%D9%88%D8%A7%D9%86/person-46959494,scrapy_pipeline,AccessControlDetected,paywall=False login=False captcha=True,2026-05-18 13:14:51.971205
2c7db8b5-c397-47c9-a43f-a03f7112df96,tass_com,https://tass.com/world/2132175,scrapy_pipeline,AccessControlDetected,paywall=False login=False captcha=True,2026-05-18 13:14:53.383077
ff3911c9-7e97-440e-af17-4004c77c9df1,24h_com_vn,https://www.24h.com.vn/an-choi/ngan-ngo-ve-dep-canh-dong-hoa-rong-mo-tren-bien-hon-kho-o-gia-lai-c76a1762636.html,scrapy_pipeline,AccessControlDetected,paywall=False login=False captcha=True,2026-05-18 13:14:54.241003
0ac04028-c984-472b-8ad5-fe8ac4b1c9cc,apnews_com,https://apnews.com/article/chicago-white-sox-baseball-seattle-mariners-7f6b7eb7ee134bbdbba06d6f7297fe4f,scrapy_pipeline,AccessControlDetected,paywall=False login=False captcha=True,2026-05-18 13:14:54.657882
ff55cc4b-7db9-4c84-ba7e-4e9f6c25bf53,theglobeandmail_com,https://www.theglobeandmail.com/business/commentary/article-globalization-gutted-canadas-manufacturing-heres-how-we-make-things/,scrapy_pipeline,AccessControlDetected,paywall=False login=False captcha=True,2026-05-18 13:14:54.884052
a7202dc9-f332-45cb-9647-091604c80681,theaustralian_com_au,https://www.theaustralian.com.au/sitemap.xml?yyyy=2026&mm=03&dd=12,scrapy_fetch,FetchError,IgnoreRequest('Forbidden by robots.txt'),2026-05-18 13:14:55.100875
caeea0e3-9b7b-4f22-837f-43d9c788bf4c,wsj_com,https://www.wsj.com/sitemaps/web/wsj/en/sitemap_wsj_en_m2_2021.xml,scrapy_fetch,FetchError,IgnoreRequest('Forbidden by robots.txt'),2026-05-18 13:14:55.202283
d9547716-90fc-4d84-b13e-a69fb6a4d33a,theaustralian_com_au,https://www.theaustralian.com.au/sitemap.xml?yyyy=2026&mm=03&dd=11,scrapy_fetch,FetchError,IgnoreRequest('Forbidden by robots.txt'),2026-05-18 13:14:55.301089
84cb2894-d593-47d4-aeee-0de3899abbb6,meduza_io,https://meduza.io/audio/1771919989/en/episodes/2026/02/24/on-the-fourth-anniversary-of-russia-s-invasion-of-ukraine-journalist-lucian-kim-argues-that-a-generational-clash-over-soviet-nostalgia-made-the-war-possible.mp3,scrapy_fetch,FetchError,DownloadTimeoutError('Getting https://meduza.io/audio/1771919989/en/episodes/2026/02/24/on-the-fourth-anniversary-of-russia-s-invasion-of-ukraine-journalist-lucian-kim-argues-that-a-generational-clash-over-soviet-nostalgia-made-the-war-possible.mp3 took longer than 35.0 seconds.'),2026-05-18 13:14:55.401755
fe2310c9-59d8-4203-a770-47ed132d406f,tass_com,https://tass.com/world/2132179,scrapy_pipeline,AccessControlDetected,paywall=False login=False captcha=True,2026-05-18 13:14:55.720505
e750ef88-740f-4e07-ae23-128f8ec25e3f,chosun_com,https://www.chosun.com/entertainments/movie/2026/05/18/MMZGIZRXGA2DMMLFHBQTAMRVG4/,scrapy_pipeline,ShortContent,length=0 min=80,2026-05-18 13:14:56.020451
42b0f970-3307-4d73-92e0-7c812f4e4cdc,dw_com,https://www.dw.com/ur/%D8%A7%D8%B9%D8%B2%D8%A7%D8%B2-%D8%B3%DB%8C%D8%AF/person-46913626,scrapy_pipeline,AccessControlDetected,paywall=False login=False captcha=True,2026-05-18 13:14:56.678960
b016ab40-08ba-4974-814d-63896b383ea7,vnexpress_net,https://vnexpress.net/oto-xe-may/mua-ban,scrapy_pipeline,AccessControlDetected,paywall=False login=False captcha=True,2026-05-18 13:14:57.000810
ef64dc7c-38a0-47b1-a027-69b5cd840041,cnn_com,https://www.cnn.com/2026/05/18/africa/ebola-outbreak-global-efforts-americans-intl-hnk,scrapy_pipeline,AccessControlDetected,paywall=False login=False captcha=True,2026-05-18 13:14:57.601502
e6d7ce10-b4d0-4891-b83a-0ea071fad9f4,apnews_com,https://apnews.com/article/lirr-long-island-train-strike-c3e05bd1593e41f736dfca74d03e234b,scrapy_pipeline,AccessControlDetected,paywall=False login=False captcha=True,2026-05-18 13:14:58.642772
b1a8b913-e778-405d-8b6c-0b9d88ffc7e9,wsj_com,https://www.wsj.com/sitemaps/web/wsj/en/sitemap_wsj_en_m1_2021.xml,scrapy_fetch,FetchError,IgnoreRequest('Forbidden by robots.txt'),2026-05-18 13:14:58.824483
05391135-4607-4470-a690-ab1414b199ed,meduza_io,https://meduza.io/audio/1768434690/en/episodes/2026/01/15/historian-william-jay-risch-looks-back-at-euromaidan-and-ukraine-s-road-from-revolutionary-euphoria-to-the-madness-of-war.mp3,scrapy_fetch,FetchError,DownloadTimeoutError('Getting https://meduza.io/audio/1768434690/en/episodes/2026/01/15/historian-william-jay-risch-looks-back-at-euromaidan-and-ukraine-s-road-from-revolutionary-euphoria-to-the-madness-of-war.mp3 took longer than 35.0 seconds.'),2026-05-18 13:14:58.935000
d5199f81-2275-438b-89c1-923da0cfd807,meduza_io,https://meduza.io/audio/1768167054/en/episodes/2026/01/10/is-trump-s-venezuela-operation-a-gift-to-putin-and-what-is-the-state-of-russia-s-shadow-fleet.mp3,scrapy_fetch,FetchError,DownloadTimeoutError('Getting https://meduza.io/audio/1768167054/en/episodes/2026/01/10/is-trump-s-venezuela-operation-a-gift-to-putin-and-what-is-the-state-of-russia-s-shadow-fleet.mp3 took longer than 35.0 seconds.'),2026-05-18 13:14:59.013355
8a32b04e-3cf5-43dc-a358-f6e0bbc8346e,tass_com,https://tass.com/politics/2132185,scrapy_pipeline,AccessControlDetected,paywall=False login=False captcha=True,2026-05-18 13:14:59.437576
1979b24a-8f22-49f3-828f-e3c775a63b9f,meduza_io,https://meduza.io/audio/1765274008/en/episodes/2025/12/09/simon-shuster-on-the-fall-of-andriy-yermak.mp3,scrapy_fetch,FetchError,DownloadTimeoutError('Getting https://meduza.io/audio/1765274008/en/episodes/2025/12/09/simon-shuster-on-the-fall-of-andriy-yermak.mp3 took longer than 35.0 seconds.'),2026-05-18 13:14:59.691233
f26472eb-6f01-4248-9172-ec5a1d42b500,24h_com_vn,https://www.24h.com.vn/tin-tuc-trong-ngay/dieu-tra-vu-tai-xe-tu-vong-trong-cabin-xe-dau-keo-o-tphcm-c46a1762727.html,scrapy_pipeline,AccessControlDetected,paywall=False login=False captcha=True,2026-05-18 13:15:00.242029
ac4e2d25-7a0f-4e4f-b7e0-2a3b30c2c632,theglobeandmail_com,https://www.theglobeandmail.com/drive/reviews/article-what-luxury-suv-with-buttons-and-knobs-is-best-for-my-aging-in-laws/,scrapy_pipeline,AccessControlDetected,paywall=False login=False captcha=True,2026-05-18 13:15:00.658554
cf1fcf12-5cce-4043-baea-779d8f02b497,ft_com,https://www.ft.com/content/19e68223-1b35-41e7-b1f2-2633f9d618db,scrapy_pipeline,HttpError,status=403,2026-05-18 13:15:00.779561
02cc6946-98ad-459c-9ee0-459e88d67129,wsj_com,https://www.wsj.com/sitemaps/web/wsj/en/sitemap_wsj_en_m12_2020.xml,scrapy_fetch,FetchError,IgnoreRequest('Forbidden by robots.txt'),2026-05-18 13:15:01.102760
9843c441-9138-4d12-8723-e9410131f196,theaustralian_com_au,https://www.theaustralian.com.au/sitemap.xml?yyyy=2026&mm=03&dd=10,scrapy_fetch,FetchError,IgnoreRequest('Forbidden by robots.txt'),2026-05-18 13:15:01.268896
7440f2b9-729c-4ce2-862f-98417da6040c,ft_com,https://www.ft.com/content/9d0b3cb4-04e9-45d4-9832-80a437b37bb4,scrapy_pipeline,HttpError,status=403,2026-05-18 13:15:01.336095
5bfbfc36-a181-4966-bf31-47578115ad64,wsj_com,https://www.wsj.com/sitemaps/web/wsj/en/sitemap_wsj_en_m11_2020.xml,scrapy_fetch,FetchError,IgnoreRequest('Forbidden by robots.txt'),2026-05-18 13:15:01.445560
4831ef2b-e10e-4df1-b42b-7abb952d7f1b,theaustralian_com_au,https://www.theaustralian.com.au/sitemap.xml?yyyy=2026&mm=03&dd=09,scrapy_fetch,FetchError,IgnoreRequest('Forbidden by robots.txt'),2026-05-18 13:15:01.513887
1f69fb93-52fa-460c-a288-b1f1059c1e57,eib_org,https://www.eib.org/fr/events/board-of-directors-meeting-593,scrapy_pipeline,AccessControlDetected,paywall=False login=False captcha=True,2026-05-18 13:15:01.690321
84a978b1-04a8-4648-bc5e-f2c0dea244af,cnbc_com,https://www.cnbc.com/2026/05/18/asia-pacific-markets-today-live-updates-nikkei-225-hang-seng-index-kospi-nifty-50.html,scrapy_pipeline,AccessControlDetected,paywall=False login=False captcha=True,2026-05-18 13:15:01.859610
66ab68cb-d370-46d1-9b67-cb9bd1d01405,tass_com,https://tass.com/world/2132181,scrapy_pipeline,AccessControlDetected,paywall=False login=False captcha=True,2026-05-18 13:15:02.794052
7ebfea8f-85e1-4df1-bf39-4881853bf7f6,apnews_com,https://apnews.com/article/buffalo-sabres-montreal-canadiens-0c91fb1a9de344cb8750655dae83856b,scrapy_pipeline,AccessControlDetected,paywall=False login=False captcha=True,2026-05-18 13:15:03.378254
6ec934e3-6658-4088-b5c4-1ae4de9caa95,theaustralian_com_au,https://www.theaustralian.com.au/sitemap.xml?yyyy=2026&mm=03&dd=08,scrapy_fetch,FetchError,IgnoreRequest('Forbidden by robots.txt'),2026-05-18 13:15:03.535954
33027536-2935-4ac7-8a5f-4d97dd5c78d8,wsj_com,https://www.wsj.com/sitemaps/web/wsj/en/sitemap_wsj_en_m10_2020.xml,scrapy_fetch,FetchError,IgnoreRequest('Forbidden by robots.txt'),2026-05-18 13:15:03.602071
1f2495de-8575-4339-a38b-0d70bc2783a1,dw_com,https://www.dw.com/ur/%DA%A9%D8%A7%D8%B8%D9%85-%D8%AE%D8%A7%D9%86/person-45869039,scrapy_pipeline,AccessControlDetected,paywall=False login=False captcha=True,2026-05-18 13:15:04.058275
cd4a47ab-0452-4f33-a9cc-9fedb45dba7c,chosun_com,https://www.chosun.com/economy/economy_general/2026/05/18/G4ZDIZBYGM2GGNRVGVRTSZTEMM/,scrapy_pipeline,ShortContent,length=0 min=80,2026-05-18 13:15:04.491117
520e1e49-8cc3-4984-a0c9-cc19b365730c,wsj_com,https://www.wsj.com/sitemaps/web/wsj/en/sitemap_wsj_en_m9_2020.xml,scrapy_fetch,FetchError,IgnoreRequest('Forbidden by robots.txt'),2026-05-18 13:15:04.869721
572e2d71-9446-4094-8437-0e342ca9bad4,theaustralian_com_au,https://www.theaustralian.com.au/sitemap.xml?yyyy=2026&mm=03&dd=07,scrapy_fetch,FetchError,IgnoreRequest('Forbidden by robots.txt'),2026-05-18 13:15:04.946735
066761da-be2c-4209-b907-53370c9fc6f4,vnexpress_net,https://vnexpress.net/oto-xe-may,scrapy_pipeline,AccessControlDetected,paywall=False login=False captcha=True,2026-05-18 13:15:05.225626
7696c33b-9695-4e5e-8407-a5940692fbf1,24h_com_vn,https://www.24h.com.vn/kinh-doanh/gia-vang-hom-nay-18-5-vang-sjc-vang-nhan-bao-tin-minh-chau-phu-quy-doji-giam-bao-nhieu-c161a1762712.html,scrapy_pipeline,AccessControlDetected,paywall=False login=False captcha=True,2026-05-18 13:15:05.364242
415fd87b-040d-4b4c-a4fd-c3111a89e474,theaustralian_com_au,https://www.theaustralian.com.au/sitemap.xml?yyyy=2026&mm=03&dd=06,scrapy_fetch,FetchError,IgnoreRequest('Forbidden by robots.txt'),2026-05-18 13:15:05.991598
b79f1bb2-b825-4981-85a3-85689d430011,wsj_com,https://www.wsj.com/sitemaps/web/wsj/en/sitemap_wsj_en_m8_2020.xml,scrapy_fetch,FetchError,IgnoreRequest('Forbidden by robots.txt'),2026-05-18 13:15:06.090988
aa3d0d3c-f8f8-4e19-8716-83312269a819,tass_com,https://tass.com/economy/2132187,scrapy_pipeline,AccessControlDetected,paywall=False login=False captcha=True,2026-05-18 13:15:07.094503
576955c5-6156-43b6-ad7e-4685cffc5f39,cnbc_com,https://www.cnbc.com/2026/05/18/oil-today-brent-wti-iran-trump-hormuz-iea-supply-crude-.html,scrapy_pipeline,AccessControlDetected,paywall=False login=False captcha=True,2026-05-18 13:15:07.511609
4785b43b-fc78-4b29-82e9-5616eef9679c,apnews_com,https://apnews.com/article/kenya-fuel-prices-protests-0195168fd0507d2b4800acbe43feb5a6,scrapy_pipeline,AccessControlDetected,paywall=False login=False captcha=True,2026-05-18 13:15:08.413015
09cc197b-09c5-4b4e-a968-0367a07ae01f,wsj_com,https://www.wsj.com/sitemaps/web/wsj/en/sitemap_wsj_en_m6_2020.xml,scrapy_fetch,FetchError,IgnoreRequest('Forbidden by robots.txt'),2026-05-18 13:15:08.958145
fd4fcb40-15d2-4114-9f8f-8e1d22c46bc0,theaustralian_com_au,https://www.theaustralian.com.au/sitemap.xml?yyyy=2026&mm=03&dd=05,scrapy_fetch,FetchError,IgnoreRequest('Forbidden by robots.txt'),2026-05-18 13:15:09.025249
b9f65be8-1280-4d9c-82b6-4cb90d0e32d7,cnn_com,https://www.cnn.com/2026/05/17/africa/ebola-outbreak-congo-uganda-explainer-intl,scrapy_pipeline,AccessControlDetected,paywall=False login=False captcha=True,2026-05-18 13:15:09.511680
14950ff0-7999-4228-938c-9f37cd35c03e,theaustralian_com_au,https://www.theaustralian.com.au/sitemap.xml?yyyy=2026&mm=03&dd=04,scrapy_fetch,FetchError,IgnoreRequest('Forbidden by robots.txt'),2026-05-18 13:15:09.580968
892cf12b-77c7-498e-b794-8e4dbe225a4d,bbc_com,https://www.bbc.com/urdu/articles/cm2pl2l08deo,scrapy_pipeline,ShortContent,length=54 min=80,2026-05-18 13:15:10.543147
08b8cae6-38dd-4ab6-89a6-a4d89c322b88,wsj_com,https://www.wsj.com/sitemaps/web/wsj/en/sitemap_wsj_en_m4_2020.xml,scrapy_fetch,FetchError,IgnoreRequest('Forbidden by robots.txt'),2026-05-18 13:15:10.657763
af35a534-5e9d-40f8-9c41-2021258a7a04,wsj_com,https://www.wsj.com/sitemaps/web/wsj/en/sitemap_wsj_en_m7_2020.xml,scrapy_fetch,FetchError,IgnoreRequest('Forbidden by robots.txt'),2026-05-18 13:15:10.724984
988bbe17-0962-4161-9744-5a90369263ec,wsj_com,https://www.wsj.com/sitemaps/web/wsj/en/sitemap_wsj_en_m5_2020.xml,scrapy_fetch,FetchError,IgnoreRequest('Forbidden by robots.txt'),2026-05-18 13:15:10.790642
eefe7b38-0198-4ab3-9410-07c533c36668,theaustralian_com_au,https://www.theaustralian.com.au/sitemap.xml?yyyy=2026&mm=03&dd=02,scrapy_fetch,FetchError,IgnoreRequest('Forbidden by robots.txt'),2026-05-18 13:15:10.858421
09163e42-8546-45d2-9164-6320b159efb7,theaustralian_com_au,https://www.theaustralian.com.au/sitemap.xml?yyyy=2026&mm=03&dd=03,scrapy_fetch,FetchError,IgnoreRequest('Forbidden by robots.txt'),2026-05-18 13:15:10.935597
51c1f24a-b574-4046-a0a9-8e38309caf72,chosun_com,https://www.chosun.com/politics/election2026/2026/05/18/56F6RQPHU5F5ZDZUC655I2PCBA/,scrapy_pipeline,ShortContent,length=0 min=80,2026-05-18 13:15:11.178238
eb333b2c-1de8-42e0-9169-2ae346885dd4,dw_com,https://www.dw.com/ur/%D8%AD%D8%A7%D9%85%D8%AF-%D9%85%DB%8C%D8%B1/person-44587181,scrapy_pipeline,AccessControlDetected,paywall=False login=False captcha=True,2026-05-18 13:15:11.554119
2d866813-228a-49ad-b5ec-3b44fd825dd7,ft_com,https://www.ft.com/content/978bda91-9215-45f8-861f-5c616cddfa4b,scrapy_pipeline,HttpError,status=403,2026-05-18 13:15:11.990991
8f913f3a-402d-45dc-bbd4-3fd72b2ef800,24h_com_vn,https://www.24h.com.vn/dep/tuyet-sac-giai-nhan-viet-tuoi-u90-dien-ao-dai-gay-chu-y-tham-do-lhp-cannes-2026-la-ai-c78a1762673.html,scrapy_pipeline,AccessControlDetected,paywall=False login=False captcha=True,2026-05-18 13:15:12.269586
71121c49-e33b-4cd3-837a-155cd4546947,cnn_com,https://www.cnn.com/2026/05/18/us/green-burials-natural-cemetery-hnk-dst,scrapy_pipeline,AccessControlDetected,paywall=False login=False captcha=True,2026-05-18 13:15:12.749789
989efc01-8b30-4310-ab4f-8d4bb20b8c85,vnexpress_net,https://vnexpress.net/y-kien/thoi-su,scrapy_pipeline,AccessControlDetected,paywall=False login=False captcha=True,2026-05-18 13:15:12.935583
dae267f4-a525-40a5-a4e4-61b0774b5de0,theaustralian_com_au,https://www.theaustralian.com.au/sitemap.xml?yyyy=2026&mm=03&dd=01,scrapy_fetch,FetchError,IgnoreRequest('Forbidden by robots.txt'),2026-05-18 13:15:16.991872
c601ffdd-20db-465c-b60e-36941193e55c,wsj_com,https://www.wsj.com/sitemaps/web/wsj/en/sitemap_wsj_en_m3_2020.xml,scrapy_fetch,FetchError,IgnoreRequest('Forbidden by robots.txt'),2026-05-18 13:15:17.057962
5bd30b51-2e9a-44dc-ab7a-abb3c1e1da96,theaustralian_com_au,https://www.theaustralian.com.au/sitemap.xml?yyyy=2026&mm=02&dd=28,scrapy_fetch,FetchError,IgnoreRequest('Forbidden by robots.txt'),2026-05-18 13:15:17.158630
cf76b9d6-7392-4928-a14c-4ac98c4520dc,wsj_com,https://www.wsj.com/sitemaps/web/wsj/en/sitemap_wsj_en_m2_2020.xml,scrapy_fetch,FetchError,IgnoreRequest('Forbidden by robots.txt'),2026-05-18 13:15:17.268921
bf36de89-3a2b-4ef7-8b7b-c4709fc4eb2d,dw_com,https://www.dw.com/ur/%DA%A9%D8%B1%D9%86-%D9%85%D8%B1%D8%B2%D8%A7/person-43906101,scrapy_pipeline,AccessControlDetected,paywall=False login=False captcha=True,2026-05-18 13:15:17.749007
72e76de1-bbe7-415d-afde-df7364dfcede,chosun_com,https://www.chosun.com/english/market-money-en/2026/05/18/NFXLMDGUQBGZHNQK7LGBQHYVOM/,scrapy_pipeline,ShortContent,length=0 min=80,2026-05-18 13:15:18.385147
1444b400-e5d7-48f8-8d67-65548a837b47,tass_com,https://tass.com/xi-jinping-visit-to-russia,scrapy_pipeline,AccessControlDetected,paywall=False login=False captcha=True,2026-05-18 13:15:19.011038
5cfb488f-d74a-417a-aa6f-9b2c693a24b0,apnews_com,https://apnews.com/article/israel-gaza-flotilla-ff1d74b694736d70ff596414f029c007,scrapy_pipeline,AccessControlDetected,paywall=False login=False captcha=True,2026-05-18 13:15:20.024623
a68b00b9-1713-49a0-b3cb-e80eec034b42,cnbc_com,https://www.cnbc.com/2026/05/18/cnbc-daily-open-trump-iran-conflict-putin-china.html,scrapy_pipeline,AccessControlDetected,paywall=False login=False captcha=True,2026-05-18 13:15:20.645933
002e5d9e-9373-46b8-8e96-b82e38162ac7,theaustralian_com_au,https://www.theaustralian.com.au/sitemap.xml?yyyy=2026&mm=02&dd=27,scrapy_fetch,FetchError,IgnoreRequest('Forbidden by robots.txt'),2026-05-18 13:15:20.769881
267d4f19-cea7-49b3-928d-a65cf135e52d,vnexpress_net,https://vnexpress.net/y-kien/doi-song,scrapy_pipeline,AccessControlDetected,paywall=False login=False captcha=True,2026-05-18 13:15:20.961323
917f3742-2c68-4eca-8860-c8847d10f500,wsj_com,https://www.wsj.com/sitemaps/web/wsj/en/sitemap_wsj_en_m1_2020.xml,scrapy_fetch,FetchError,IgnoreRequest('Forbidden by robots.txt'),2026-05-18 13:15:21.147726
7a71dfb2-aba8-4dc0-a50c-76b899758269,theaustralian_com_au,https://www.theaustralian.com.au/sitemap.xml?yyyy=2026&mm=02&dd=26,scrapy_fetch,FetchError,IgnoreRequest('Forbidden by robots.txt'),2026-05-18 13:15:21.236184
b6da4259-e857-46ab-b9b5-7eb0c9c60e26,wsj_com,https://www.wsj.com/sitemaps/web/wsj/en/sitemap_wsj_en_m12_2019.xml,scrapy_fetch,FetchError,IgnoreRequest('Forbidden by robots.txt'),2026-05-18 13:15:21.314487
79d9d98a-dfdc-45b1-a4ee-bedd78d55ebd,chosun_com,https://www.chosun.com/international/international_general/2026/05/18/VEBPPMOZ7BD2HFO43TG6BW6BIM/,scrapy_pipeline,ShortContent,length=0 min=80,2026-05-18 13:15:22.079392
834d8877-0a79-407f-b9c1-67ce2d451a6c,dw_com,https://www.dw.com/ur/%D8%AD%D8%A7%D9%81%D8%B8-%D8%A7%D8%AD%D9%85%D8%AF/person-43218192,scrapy_pipeline,AccessControlDetected,paywall=False login=False captcha=True,2026-05-18 13:15:22.935332
32a61b56-ccdd-4d2e-8fb6-e64d56d0d064,ft_com,https://www.ft.com/content/32ff9d8d-0103-42f8-8a78-10e2216b8fe2,scrapy_pipeline,HttpError,status=403,2026-05-18 13:15:23.025247
761efb2b-3694-4f08-a147-51897a4e4058,apnews_com,https://apnews.com/article/russia-ukraine-war-drone-missile-attacks-putin-cfdab5379fa9c68b9a494da7473445d7,scrapy_pipeline,AccessControlDetected,paywall=False login=False captcha=True,2026-05-18 13:15:23.899843
9b748222-9f4b-4297-8071-07b2e59a9100,cnn_com,https://www.cnn.com/2026/05/18/politics/solicitor-general-john-sauer-supreme-court-conservative-majority,scrapy_pipeline,AccessControlDetected,paywall=False login=False captcha=True,2026-05-18 13:15:24.415774
c9e7591b-5add-4564-aaf0-0fa66a2d4342,eluniversal_com_mx,https://www.eluniversal.com.mx/cultura/confabulario/fracking-un-deja-vu-energetico/,scrapy_pipeline,AccessControlDetected,paywall=False login=False captcha=True,2026-05-18 13:15:24.632720
69ce9c72-5c93-4fe5-bb6f-215519e1b200,cnbc_com,https://www.cnbc.com/2026/05/18/us-china-announce-deals-after-trump-xi-summit.html,scrapy_pipeline,AccessControlDetected,paywall=False login=False captcha=True,2026-05-18 13:15:25.211548
4853beac-cb1e-4e20-a66e-a6ac46f96a20,eluniversal_com_mx,https://www.eluniversal.com.mx/espectaculos/zoe-kravitz-se-roba-las-miradas-en-el-arranque-de-la-gira-de-harry-styles/,scrapy_pipeline,AccessControlDetected,paywall=False login=False captcha=True,2026-05-18 13:15:25.384307
7673a32a-ff8d-4c40-9aad-f54dbdc9014c,tass_com,https://tass.com/direct-line-and-vladimir-putins-press-conference,scrapy_pipeline,AccessControlDetected,paywall=False login=False captcha=True,2026-05-18 13:15:25.575185
849ceb23-23e1-4e01-a8a9-3cc0bf729d9d,ft_com,https://www.ft.com/content/4d6651e1-17ff-4a72-b30b-065322cd58d0,scrapy_pipeline,HttpError,status=403,2026-05-18 13:15:26.647879
6f41c982-8e74-4d7d-8abc-45fad1fab57e,tass_com,https://tass.com/putin-trump-alaska-summit,scrapy_pipeline,AccessControlDetected,paywall=False login=False captcha=True,2026-05-18 13:15:27.096388
9822e251-5b0f-476b-bf97-270f889099b7,apnews_com,https://apnews.com/article/hantavirus-ship-rotterdam-b45915182f4c8ad6f273f10ffe89286a,scrapy_pipeline,AccessControlDetected,paywall=False login=False captcha=True,2026-05-18 13:15:27.582700
30a65d1d-dcd3-4dc9-a129-a1fafa0f9313,cnn_com,https://www.cnn.com/2026/05/18/us/luigi-mangione-murder-trial-evidence,scrapy_pipeline,AccessControlDetected,paywall=False login=False captcha=True,2026-05-18 13:15:28.126824
eea1d09a-d21e-4577-9dbb-87ce3066487d,24h_com_vn,https://www.24h.com.vn/thi-truong-tieu-dung/gia-sau-rieng-ri6-bat-tang-tro-lai-c52a1762734.html,scrapy_pipeline,AccessControlDetected,paywall=False login=False captcha=True,2026-05-18 13:15:28.308084
50b4395a-7765-45db-9642-97fb92c9f4d7,wsj_com,https://www.wsj.com/sitemaps/web/wsj/en/sitemap_wsj_en_m11_2019.xml,scrapy_fetch,FetchError,IgnoreRequest('Forbidden by robots.txt'),2026-05-18 13:15:29.048239
5e891255-6b16-4d6d-806e-2909eea3b38e,theaustralian_com_au,https://www.theaustralian.com.au/sitemap.xml?yyyy=2026&mm=02&dd=25,scrapy_fetch,FetchError,IgnoreRequest('Forbidden by robots.txt'),2026-05-18 13:15:29.147658
14b3b9e2-d496-4717-ad0d-3f1bad96ec7d,ft_com,https://www.ft.com/content/57b4852c-f323-45b8-b8d0-5a6426dd781e,scrapy_pipeline,HttpError,status=403,2026-05-18 13:15:29.536556
15660be6-f3d3-4fb8-9117-d2fde4c2156e,theaustralian_com_au,https://www.theaustralian.com.au/sitemap.xml?yyyy=2026&mm=02&dd=24,scrapy_fetch,FetchError,IgnoreRequest('Forbidden by robots.txt'),2026-05-18 13:15:29.692459
9beb79bf-871f-48a1-b59a-50e6be298bd4,theaustralian_com_au,https://www.theaustralian.com.au/sitemap.xml?yyyy=2026&mm=02&dd=23,scrapy_fetch,FetchError,IgnoreRequest('Forbidden by robots.txt'),2026-05-18 13:15:29.824461
2d86af34-9f5b-4820-8163-fd8b0c079c83,wsj_com,https://www.wsj.com/sitemaps/web/wsj/en/sitemap_wsj_en_m10_2019.xml,scrapy_fetch,FetchError,IgnoreRequest('Forbidden by robots.txt'),2026-05-18 13:15:29.925055
30260cd4-a3e0-474e-a706-9fdede482b86,wsj_com,https://www.wsj.com/sitemaps/web/wsj/en/sitemap_wsj_en_m9_2019.xml,scrapy_fetch,FetchError,IgnoreRequest('Forbidden by robots.txt'),2026-05-18 13:15:30.024887
e1cbfc32-d0e8-4b3c-9b7f-165efdf2e587,eib_org,https://www.eib.org/fr/press/news/joint-statement-by-seven-multilateral-development-banks-pledging-support-to-address-impacts-of-the-middle-east-conflict,scrapy_pipeline,AccessControlDetected,paywall=False login=False captcha=True,2026-05-18 13:15:30.258844
36396d83-4516-4055-acd5-0e6b804cff73,apnews_com,https://apnews.com/article/hong-kong-china-tiananmen-vigil-security-trial-2dbd813474ff1131ccac0a4cf0b635e8,scrapy_pipeline,AccessControlDetected,paywall=False login=False captcha=True,2026-05-18 13:15:30.903851
ab813149-2cdf-4381-b7eb-bf70aebeddbf,theaustralian_com_au,https://www.theaustralian.com.au/sitemap.xml?yyyy=2026&mm=02&dd=22,scrapy_fetch,FetchError,IgnoreRequest('Forbidden by robots.txt'),2026-05-18 13:15:31.069334
c284bcb0-c316-4fd2-92df-75edda603579,dw_com,https://www.dw.com/ur/%D9%85%D9%88%D9%86%D8%A7-%DA%A9%D8%A7%D8%B8%D9%85-%D8%B4%D8%A7%DB%81/person-42076634,scrapy_pipeline,AccessControlDetected,paywall=False login=False captcha=True,2026-05-18 13:15:31.914627
96a9ba58-b05e-43bc-96cc-4fe50336ed0d,chosun_com,https://www.chosun.com/economy/2026/05/18/OAPNAPMDOBCVZDKSTKHKJTEFHA/,scrapy_pipeline,ShortContent,length=0 min=80,2026-05-18 13:15:32.212814
46980dc8-b9a1-4d00-94a9-1cc6a752ebeb,tass_com,https://tass.com/us-strikes-on-venezuela,scrapy_pipeline,AccessControlDetected,paywall=False login=False captcha=True,2026-05-18 13:15:32.388322
677dcd4f-426a-40df-b903-174468e09053,cnbc_com,https://www.cnbc.com/2026/05/18/china-april-retail-sales-industrial-output-investment-unemployment-iran-war.html,scrapy_pipeline,AccessControlDetected,paywall=False login=False captcha=True,2026-05-18 13:15:32.645458
2bf10c66-8982-4ea0-8f67-177b769b6e9a,wsj_com,https://www.wsj.com/sitemaps/web/wsj/en/sitemap_wsj_en_m8_2019.xml,scrapy_fetch,FetchError,IgnoreRequest('Forbidden by robots.txt'),2026-05-18 13:15:33.103916
e176e63d-5d5e-4bec-bc29-f021311151b5,wsj_com,https://www.wsj.com/sitemaps/web/wsj/en/sitemap_wsj_en_m7_2019.xml,scrapy_fetch,FetchError,IgnoreRequest('Forbidden by robots.txt'),2026-05-18 13:15:33.202990
f031e9dc-a627-4a98-9a1e-3df7f307b077,theaustralian_com_au,https://www.theaustralian.com.au/sitemap.xml?yyyy=2026&mm=02&dd=21,scrapy_fetch,FetchError,IgnoreRequest('Forbidden by robots.txt'),2026-05-18 13:15:33.304029
598b06b8-b633-4872-9a60-71bed95539be,chosun_com,https://www.chosun.com/english/world-en/2026/05/18/G4WVOWJNFFA63CD7GFYWWHMTSE/,scrapy_pipeline,ShortContent,length=0 min=80,2026-05-18 13:15:33.786423
8ba5f4b3-7e4f-44ef-9170-ffa4bff5f54c,vnexpress_net,https://vnexpress.net/y-kien,scrapy_pipeline,AccessControlDetected,paywall=False login=False captcha=True,2026-05-18 13:15:34.351564
9aa1e084-ce37-42db-ac36-bed58293c84a,24h_com_vn,https://www.24h.com.vn/giao-duc/dien-bien-moi-ve-vu-40-hoc-vien-co-bang-dh-nuoc-ngoai-nhung-khong-duoc-bo-gddt-cong-nhan-c216a1762738.html,scrapy_pipeline,AccessControlDetected,paywall=False login=False captcha=True,2026-05-18 13:15:34.498529
6160d3b9-7cd3-4790-99fe-95251af7f713,apnews_com,https://apnews.com/article/congo-ebola-305bf410419bdb1311020b72111c12e7,scrapy_pipeline,AccessControlDetected,paywall=False login=False captcha=True,2026-05-18 13:15:35.253820
d897a403-0b77-45ea-8343-4b8023525f54,theaustralian_com_au,https://www.theaustralian.com.au/sitemap.xml?yyyy=2026&mm=02&dd=19,scrapy_fetch,FetchError,IgnoreRequest('Forbidden by robots.txt'),2026-05-18 13:15:35.870474
4de7466c-0855-42fc-922e-384a7abb72b7,theaustralian_com_au,https://www.theaustralian.com.au/sitemap.xml?yyyy=2026&mm=02&dd=17,scrapy_fetch,FetchError,IgnoreRequest('Forbidden by robots.txt'),2026-05-18 13:15:35.936237
eb4503eb-f1d4-4422-85ea-8be3d903f9d3,wsj_com,https://www.wsj.com/sitemaps/web/wsj/en/sitemap_wsj_en_m4_2019.xml,scrapy_fetch,FetchError,IgnoreRequest('Forbidden by robots.txt'),2026-05-18 13:15:36.003907
36019918-d905-47bc-8255-a4af19ea0950,theaustralian_com_au,https://www.theaustralian.com.au/sitemap.xml?yyyy=2026&mm=02&dd=18,scrapy_fetch,FetchError,IgnoreRequest('Forbidden by robots.txt'),2026-05-18 13:15:36.070017
868d15ec-05be-483c-b3b0-92411d71573b,wsj_com,https://www.wsj.com/sitemaps/web/wsj/en/sitemap_wsj_en_m6_2019.xml,scrapy_fetch,FetchError,IgnoreRequest('Forbidden by robots.txt'),2026-05-18 13:15:36.137191
8a7b3009-f7f4-40c7-b33a-671ee7a0ebb0,wsj_com,https://www.wsj.com/sitemaps/web/wsj/en/sitemap_wsj_en_m5_2019.xml,scrapy_fetch,FetchError,IgnoreRequest('Forbidden by robots.txt'),2026-05-18 13:15:36.202867
0f89fabd-d3ee-474e-b05b-7ab561707068,theaustralian_com_au,https://www.theaustralian.com.au/sitemap.xml?yyyy=2026&mm=02&dd=20,scrapy_fetch,FetchError,IgnoreRequest('Forbidden by robots.txt'),2026-05-18 13:15:36.270414
235423a1-8daa-4f07-83ad-a6477e79f82c,eluniversal_com_mx,https://www.eluniversal.com.mx/espectaculos/tecate-emblema-2026-fans-viajan-desde-distintos-estados-para-ver-a-haash-kenia-os-y-paris-hilton-e/,scrapy_pipeline,AccessControlDetected,paywall=False login=False captcha=True,2026-05-18 13:15:36.767232
a3e772ac-1ff1-4b3d-b336-5f07fd85f622,cnn_com,https://www.cnn.com/2026/05/18/business/gas-prices-trump-iran-hormuz,scrapy_pipeline,AccessControlDetected,paywall=False login=False captcha=True,2026-05-18 13:15:37.740367
bbc3980e-6cb3-4003-acf1-c9e79cb37713,apnews_com,https://apnews.com/article/israel-gaza-flotilla-c0574562f3b5b53a6708b498b9143246,scrapy_pipeline,AccessControlDetected,paywall=False login=False captcha=True,2026-05-18 13:15:38.630979
0a079983-da6a-4229-aa43-dfcc73ec6ec7,wsj_com,https://www.wsj.com/sitemaps/web/wsj/en/sitemap_wsj_en_m3_2019.xml,scrapy_fetch,FetchError,IgnoreRequest('Forbidden by robots.txt'),2026-05-18 13:15:38.714536
038c32a8-3894-4a01-b37c-6564a95a7207,tass_com,https://tass.com/maduro-trial,scrapy_pipeline,AccessControlDetected,paywall=False login=False captcha=True,2026-05-18 13:15:38.906621
8343b65e-c2dc-416d-8423-5e2a3fa854d9,ft_com,https://www.ft.com/content/ceaaff8e-719f-4fa6-b64f-491c05fb2fcc,scrapy_pipeline,HttpError,status=403,2026-05-18 13:15:39.170475
05ef9c6a-8e67-48d9-ae83-c3d7c90c90ff,dw_com,https://www.dw.com/ur/%D8%B4%D8%A7%DB%81-%D9%85%DB%8C%D8%B1-%D8%A8%D9%84%D9%88%DA%86-%D8%A8%DB%8C%D9%86%D8%B4-%D8%AC%D8%A7%D9%88%DB%8C%D8%AF/person-42044594,scrapy_pipeline,AccessControlDetected,paywall=False login=False captcha=True,2026-05-18 13:15:39.720544
305b12f8-83cc-4f3e-8880-af129a60c8f7,cnbc_com,https://www.cnbc.com/2026/05/18/mizuho-shares-rakuten-bank-investment-card-yomiuri-shimbun-report.html,scrapy_pipeline,AccessControlDetected,paywall=False login=False captcha=True,2026-05-18 13:15:40.142643
cbed32c1-c469-447e-abe6-80fe8f2751d9,cnn_com,https://www.cnn.com/2026/05/18/us/school-shooting-ebony-parker-trial,scrapy_pipeline,AccessControlDetected,paywall=False login=False captcha=True,2026-05-18 13:15:40.635748
e637ba90-9b64-4f3a-a010-581ca266abb6,theglobeandmail_com,https://www.theglobeandmail.com/sports/hockey/article-game-7-can-alter-montreals-fortunes-for-years-to-come/,scrapy_pipeline,AccessControlDetected,paywall=False login=False captcha=True,2026-05-18 13:15:40.959486
df9a380c-6449-4491-a5ca-0428898a72e1,eluniversal_com_mx,https://www.eluniversal.com.mx/espectaculos/sech-y-haash-marcan-el-inicio-del-tecate-emblema-con-momentos-de-alta-emocion/,scrapy_pipeline,AccessControlDetected,paywall=False login=False captcha=True,2026-05-18 13:15:41.418937
fd9b0041-ac1f-4776-b112-80ee765a5a78,vnexpress_net,https://vnexpress.net/tam-su/hen-ho,scrapy_pipeline,AccessControlDetected,paywall=False login=False captcha=True,2026-05-18 13:15:41.536994
93e4b1a0-1710-426f-ab8e-fa7cf1b33100,chosun_com,https://www.chosun.com/english/industry-en/2026/05/18/DFBYALWBD5BMTIINR2YFUMMCFQ/,scrapy_pipeline,ShortContent,length=0 min=80,2026-05-18 13:15:41.787866
9b118e1c-546a-4b8f-b72d-0974bb808d72,24h_com_vn,https://www.24h.com.vn/an-ninh-xa-hoi/tam-giam-doi-tuong-nhieu-lan-lam-chuyen-nguoi-lon-voi-be-gai-c51a1762728.html,scrapy_pipeline,AccessControlDetected,paywall=False login=False captcha=True,2026-05-18 13:15:42.081099
993164dd-0f9b-4f8b-b332-84a64d023be1,vietnamnet_vn,https://vietnamnet.vn/trang-diem-tag12606368453008963383.html,scrapy_pipeline,HttpError,status=404,2026-05-18 13:15:42.436855
5557beb8-91a4-44b8-aa4a-4708c2a66546,theaustralian_com_au,https://www.theaustralian.com.au/sitemap.xml?yyyy=2026&mm=02&dd=16,scrapy_fetch,FetchError,IgnoreRequest('Forbidden by robots.txt'),2026-05-18 13:15:44.770324
feb9ca9a-0078-4ba4-96a0-79a8c0257a9e,wsj_com,https://www.wsj.com/sitemaps/web/wsj/en/sitemap_wsj_en_m1_2019.xml,scrapy_fetch,FetchError,IgnoreRequest('Forbidden by robots.txt'),2026-05-18 13:15:44.948842
0ae1529f-b481-49bc-a72d-babfb14d11ea,theaustralian_com_au,https://www.theaustralian.com.au/sitemap.xml?yyyy=2026&mm=02&dd=15,scrapy_fetch,FetchError,IgnoreRequest('Forbidden by robots.txt'),2026-05-18 13:15:45.048311
b8680c3f-52df-44d8-a9b3-e2f25c9ed13b,wsj_com,https://www.wsj.com/sitemaps/web/wsj/en/sitemap_wsj_en_m2_2019.xml,scrapy_fetch,FetchError,IgnoreRequest('Forbidden by robots.txt'),2026-05-18 13:15:45.148088
999da910-c0f6-4f41-a91a-06235b84468b,theaustralian_com_au,https://www.theaustralian.com.au/sitemap.xml?yyyy=2026&mm=02&dd=13,scrapy_fetch,FetchError,IgnoreRequest('Forbidden by robots.txt'),2026-05-18 13:15:46.070654
30aae758-ec55-4a43-bd22-7aee058fdbe1,theaustralian_com_au,https://www.theaustralian.com.au/sitemap.xml?yyyy=2026&mm=02&dd=14,scrapy_fetch,FetchError,IgnoreRequest('Forbidden by robots.txt'),2026-05-18 13:15:46.159046
8b21ee46-2289-40c8-9ef0-a88298f63005,wsj_com,https://www.wsj.com/sitemaps/web/wsj/en/sitemap_wsj_en_m12_2018.xml,scrapy_fetch,FetchError,IgnoreRequest('Forbidden by robots.txt'),2026-05-18 13:15:46.259185
585299ce-25b8-48d7-9dd5-5ba930ab5c82,theaustralian_com_au,https://www.theaustralian.com.au/sitemap.xml?yyyy=2026&mm=02&dd=12,scrapy_fetch,FetchError,IgnoreRequest('Forbidden by robots.txt'),2026-05-18 13:15:46.625308
dd02514c-b9b8-4fd4-9c70-d02b201f1c8d,theaustralian_com_au,https://www.theaustralian.com.au/sitemap.xml?yyyy=2026&mm=02&dd=11,scrapy_fetch,FetchError,IgnoreRequest('Forbidden by robots.txt'),2026-05-18 13:15:46.725660
dd69ed8f-21dd-481c-bded-80aef0f3ef72,wsj_com,https://www.wsj.com/sitemaps/web/wsj/en/sitemap_wsj_en_m10_2018.xml,scrapy_fetch,FetchError,IgnoreRequest('Forbidden by robots.txt'),2026-05-18 13:15:46.803617
5bf59356-0efb-4232-966e-3764e47038ad,wsj_com,https://www.wsj.com/sitemaps/web/wsj/en/sitemap_wsj_en_m11_2018.xml,scrapy_fetch,FetchError,IgnoreRequest('Forbidden by robots.txt'),2026-05-18 13:15:46.892390
95e7fdd4-e2b8-494a-981d-78ff87f59c86,tass_com,https://tass.com/greenland-issue,scrapy_pipeline,AccessControlDetected,paywall=False login=False captcha=True,2026-05-18 13:15:47.589952
647e4dd1-d139-4ca6-85b2-2609b346a74b,apnews_com,https://apnews.com/article/philippines-duterte-impeachment-senate-3c327acffc1c9a364a9e670c74225d83,scrapy_pipeline,AccessControlDetected,paywall=False login=False captcha=True,2026-05-18 13:15:48.069691
59774c65-ae1b-423a-966c-9eb2c440bf1f,cnbc_com,https://www.cnbc.com/2026/05/18/s-korea-market-volatility-near-record-as-foreigners-sell-13-billion.html,scrapy_pipeline,AccessControlDetected,paywall=False login=False captcha=True,2026-05-18 13:15:48.257564
c55e3eed-d3c1-44c8-90f3-aeedb659ce4e,24h_com_vn,https://www.24h.com.vn/cong-nghe-thong-tin/cong-nghe-dot-pha-tu-ai-giup-phat-hien-ung-thu-kho-chua-nhat-tu-rat-som-c55a1761697.html,scrapy_pipeline,AccessControlDetected,paywall=False login=False captcha=True,2026-05-18 13:15:48.443161
f8337361-1707-47d7-8bd9-fa350763e4ba,ft_com,https://www.ft.com/content/d74dea05-3054-41e7-9556-8f4debed3763,scrapy_pipeline,HttpError,status=403,2026-05-18 13:15:48.536331
ae0a4bdb-f695-4f15-93a9-07ea1b2b972d,dw_com,https://www.dw.com/ur/%D8%B9%D9%86%D8%A8%D8%B1%DB%8C%D9%86-%D9%81%D8%A7%D8%B7%D9%85%DB%81/person-41683008,scrapy_pipeline,AccessControlDetected,paywall=False login=False captcha=True,2026-05-18 13:15:48.834270
f467a10c-b6a3-4df7-8fd1-0d419808aa59,chosun_com,https://www.chosun.com/culture-life/k-culture/2026/05/18/4Y5DNU744RE75CDGXAJPVXBDLM/,scrapy_pipeline,ShortContent,length=0 min=80,2026-05-18 13:15:48.975578
48cc60df-88a9-4d0c-8bc3-b0ff9fe3faea,vnexpress_net,https://vnexpress.net/tam-su,scrapy_pipeline,AccessControlDetected,paywall=False login=False captcha=True,2026-05-18 13:15:49.332805
12d8845b-ebe4-47f2-ad57-fb504062530e,wsj_com,https://www.wsj.com/sitemaps/web/wsj/en/sitemap_wsj_en_m8_2018.xml,scrapy_fetch,FetchError,IgnoreRequest('Forbidden by robots.txt'),2026-05-18 13:15:49.648495
561989b2-1cef-4956-8b01-2c4b265ae290,wsj_com,https://www.wsj.com/sitemaps/web/wsj/en/sitemap_wsj_en_m9_2018.xml,scrapy_fetch,FetchError,IgnoreRequest('Forbidden by robots.txt'),2026-05-18 13:15:49.714830
a60f0b25-100c-4949-aea0-4c52d086c2a6,theaustralian_com_au,https://www.theaustralian.com.au/sitemap.xml?yyyy=2026&mm=02&dd=10,scrapy_fetch,FetchError,IgnoreRequest('Forbidden by robots.txt'),2026-05-18 13:15:49.781907
3558e62c-d038-44f9-9119-3e7d1dd45c07,theaustralian_com_au,https://www.theaustralian.com.au/sitemap.xml?yyyy=2026&mm=02&dd=09,scrapy_fetch,FetchError,IgnoreRequest('Forbidden by robots.txt'),2026-05-18 13:15:50.380755
c6994a25-02af-4c74-94b6-e97db601ddc3,wsj_com,https://www.wsj.com/sitemaps/web/wsj/en/sitemap_wsj_en_m7_2018.xml,scrapy_fetch,FetchError,IgnoreRequest('Forbidden by robots.txt'),2026-05-18 13:15:50.482094
beb81c9f-6488-4937-8f90-c9e126ce72f2,theglobeandmail_com,https://www.theglobeandmail.com/business/article-jet-fuel-shortages-loom-but-widespread-flight-cancellations-provide/,scrapy_pipeline,AccessControlDetected,paywall=False login=False captcha=True,2026-05-18 13:15:50.677212
3ed009a3-d851-43c2-95fa-546c364b661c,eluniversal_com_mx,https://www.eluniversal.com.mx/espectaculos/arcangel-desata-polemica-en-redes-llaman-a-boicotear-sus-conciertos-tras-declaraciones-en-madrid/,scrapy_pipeline,AccessControlDetected,paywall=False login=False captcha=True,2026-05-18 13:15:50.895254
a5dd9900-73cd-447b-b27d-d56075c6e882,wsj_com,https://www.wsj.com/sitemaps/web/wsj/en/sitemap_wsj_en_m6_2018.xml,scrapy_fetch,FetchError,IgnoreRequest('Forbidden by robots.txt'),2026-05-18 13:15:50.970334
dff1b206-2358-4c3e-8dd1-604e5d55e25c,theaustralian_com_au,https://www.theaustralian.com.au/sitemap.xml?yyyy=2026&mm=02&dd=08,scrapy_fetch,FetchError,IgnoreRequest('Forbidden by robots.txt'),2026-05-18 13:15:51.037796
47265c53-485e-4878-91b5-b0ce2be649a5,apnews_com,https://apnews.com/article/stocks-markets-china-trump-iran-e7b781e8e2394be6486fa5f006e5e06e,scrapy_pipeline,AccessControlDetected,paywall=False login=False captcha=True,2026-05-18 13:15:52.003920
5bac890d-b622-4984-8887-7db849f51ac6,vnexpress_net,https://vnexpress.net/goc-nhin/chinh-tri-chinh-sach,scrapy_pipeline,AccessControlDetected,paywall=False login=False captcha=True,2026-05-18 13:15:52.160423
b5b86e9a-d632-43f9-84b8-add8ba8203db,tass_com,https://tass.com/talks-on-ukraine-in-geneva,scrapy_pipeline,AccessControlDetected,paywall=False login=False captcha=True,2026-05-18 13:15:52.434426
d9f2f9df-d2a8-4a78-9a0f-f6171a6ee8c3,theaustralian_com_au,https://www.theaustralian.com.au/sitemap.xml?yyyy=2026&mm=02&dd=07,scrapy_fetch,FetchError,IgnoreRequest('Forbidden by robots.txt'),2026-05-18 13:15:53.448081
09e7a456-c8fc-42e9-af59-7bc5fd0a5309,theaustralian_com_au,https://www.theaustralian.com.au/sitemap.xml?yyyy=2026&mm=02&dd=06,scrapy_fetch,FetchError,IgnoreRequest('Forbidden by robots.txt'),2026-05-18 13:15:53.515401
a85db57c-70bf-4fe2-87fb-dd44010d1d45,cnbc_com,https://www.cnbc.com/2026/05/18/samsung-strike-lee-jae-myung-labor-deal.html,scrapy_pipeline,AccessControlDetected,paywall=False login=False captcha=True,2026-05-18 13:15:53.837151
01c4e2af-4f69-432f-a9b0-be271b685259,wsj_com,https://www.wsj.com/sitemaps/web/wsj/en/sitemap_wsj_en_m5_2018.xml,scrapy_fetch,FetchError,IgnoreRequest('Forbidden by robots.txt'),2026-05-18 13:15:53.926335
0b51408f-b75e-4677-afa7-febae4e1dbaa,cnn_com,https://www.cnn.com/2026/05/18/travel/mount-everest-record-sherpa-scli-intl,scrapy_pipeline,AccessControlDetected,paywall=False login=False captcha=True,2026-05-18 13:15:54.447465
41266d4d-79cf-4d00-bc5f-5f13569c3ac0,theglobeandmail_com,https://www.theglobeandmail.com/canada/article-canada-hantavirus-case-mv-hondius-who/,scrapy_pipeline,AccessControlDetected,paywall=False login=False captcha=True,2026-05-18 13:15:54.640469
0c007423-c6db-4ae7-9ac9-fd152abfa9b3,24h_com_vn,https://www.24h.com.vn/tin-tuc-trong-ngay/nhan-vien-gac-chan-ke-phut-chay-dua-cuu-doan-tau-van-toc-80km-h-khoi-trat-banh-c46a1762711.html,scrapy_pipeline,AccessControlDetected,paywall=False login=False captcha=True,2026-05-18 13:15:55.056051
51949967-eadc-47b5-8614-c7afe0fef6e3,chosun_com,https://www.chosun.com/english/kpop-culture-en/2026/05/18/63ILBTQCFRCU3BBGDNQRNAOUGE/,scrapy_pipeline,ShortContent,length=0 min=80,2026-05-18 13:15:55.305601
7d3b4d9d-5e2c-4f54-b9f8-e39e8fcae345,cnbc_com,https://www.cnbc.com/2026/05/18/how-elon-musk-and-sam-altman-went-from-besties-to-bitter-rivals.html,scrapy_pipeline,AccessControlDetected,paywall=False login=False captcha=True,2026-05-18 13:15:55.792721
97d37ed0-9a96-4dd4-89de-bc1eb5588727,dw_com,https://www.dw.com/ur/%D8%AC%D8%A7%D9%88%DB%8C%D8%AF-%D8%A7%D8%AE%D8%AA%D8%B1/person-37733313,scrapy_pipeline,AccessControlDetected,paywall=False login=False captcha=True,2026-05-18 13:15:56.624425
8db9828c-ec6e-423a-bbb5-cc0f9e8f23d5,chosun_com,https://www.chosun.com/sports/volleyball/2026/05/18/LRI7NGN6R5FIVNZ4EPZ6J7EM7U/,scrapy_pipeline,ShortContent,length=0 min=80,2026-05-18 13:15:56.768222
75cf6d94-e517-46f8-9e0e-5a57dd058ff4,dw_com,https://www.dw.com/ur/%D8%A8%DB%8C%D9%86%D8%B4-%D8%AC%D8%A7%D9%88%DB%8C%D8%AF-%D9%86%DB%8C%D9%88%D8%B2-%D8%A7%DB%8C%D8%AC%D9%86%D8%B3%DB%8C%D8%A7%DA%BA/person-39213117,scrapy_pipeline,AccessControlDetected,paywall=False login=False captcha=True,2026-05-18 13:15:57.131161
ce92166d-71d5-44ce-9df3-3d26eaa79db0,ft_com,https://www.ft.com/content/c8f77520-e9db-4185-8725-3859aa5e86a3,scrapy_pipeline,HttpError,status=403,2026-05-18 13:15:57.426111
a27efa98-63bc-4686-9de5-124ee685233f,ft_com,https://www.ft.com/content/7d309f94-3618-4511-9778-d1447799c5e4,scrapy_pipeline,HttpError,status=403,2026-05-18 13:15:57.548265
761e5005-682c-4fa0-a071-c2b1990974d3,wsj_com,https://www.wsj.com/sitemaps/web/wsj/en/sitemap_wsj_en_m4_2018.xml,scrapy_fetch,FetchError,IgnoreRequest('Forbidden by robots.txt'),2026-05-18 13:15:57.937201
68802672-d6d8-4629-ae2d-3cbb53fff06b,theaustralian_com_au,https://www.theaustralian.com.au/sitemap.xml?yyyy=2026&mm=02&dd=05,scrapy_fetch,FetchError,IgnoreRequest('Forbidden by robots.txt'),2026-05-18 13:15:58.003484
25376876-dfe5-4a63-9dad-219d66e8ef01,wsj_com,https://www.wsj.com/sitemaps/web/wsj/en/sitemap_wsj_en_m3_2018.xml,scrapy_fetch,FetchError,IgnoreRequest('Forbidden by robots.txt'),2026-05-18 13:15:58.071174
d2076d1c-4c03-44e8-8c9b-1f957b27690d,wsj_com,https://www.wsj.com/sitemaps/web/wsj/en/sitemap_wsj_en_m1_2018.xml,scrapy_fetch,FetchError,IgnoreRequest('Forbidden by robots.txt'),2026-05-18 13:15:59.282605
b856d47f-a3df-4320-9cd3-62fab2f453d4,wsj_com,https://www.wsj.com/sitemaps/web/wsj/en/sitemap_wsj_en_m2_2018.xml,scrapy_fetch,FetchError,IgnoreRequest('Forbidden by robots.txt'),2026-05-18 13:15:59.370903
2de0a247-1930-42a6-be63-b55ecf4ea578,theaustralian_com_au,https://www.theaustralian.com.au/sitemap.xml?yyyy=2026&mm=02&dd=04,scrapy_fetch,FetchError,IgnoreRequest('Forbidden by robots.txt'),2026-05-18 13:15:59.460427
b73fa23b-b061-4ad2-8107-bd075c3d9fa5,theaustralian_com_au,https://www.theaustralian.com.au/sitemap.xml?yyyy=2026&mm=02&dd=03,scrapy_fetch,FetchError,IgnoreRequest('Forbidden by robots.txt'),2026-05-18 13:15:59.682078
f1e1113e-00ab-45f4-bf6d-9673d2e717af,tass_com,https://tass.com/pakistan-afghanistan-clashes,scrapy_pipeline,AccessControlDetected,paywall=False login=False captcha=True,2026-05-18 13:16:00.268637
ad7614da-5ff8-4b5e-bdf7-813d680ca751,apnews_com,https://apnews.com/video/4-crew-members-eject-safely-after-two-navy-jets-collide-during-air-show-in-idaho-d586446cf8ab44e09b135255b9ba65ee,scrapy_pipeline,AccessControlDetected,paywall=False login=False captcha=True,2026-05-18 13:16:02.543328
22c50b51-0d92-40b7-8d34-7fbda0ee57fc,theaustralian_com_au,https://www.theaustralian.com.au/sitemap.xml?yyyy=2026&mm=02&dd=02,scrapy_fetch,FetchError,IgnoreRequest('Forbidden by robots.txt'),2026-05-18 13:16:02.737615
52b0859d-d89f-4307-8aba-cdc72d00af70,wsj_com,https://www.wsj.com/sitemaps/web/wsj/en/sitemap_wsj_en_m11_2017.xml,scrapy_fetch,FetchError,IgnoreRequest('Forbidden by robots.txt'),2026-05-18 13:16:02.815737
d3116eaf-1f89-4166-92b6-3b92d73323c4,wsj_com,https://www.wsj.com/sitemaps/web/wsj/en/sitemap_wsj_en_m12_2017.xml,scrapy_fetch,FetchError,IgnoreRequest('Forbidden by robots.txt'),2026-05-18 13:16:02.891753
12b37f6f-9e83-4660-9760-da179f077b4e,theaustralian_com_au,https://www.theaustralian.com.au/sitemap.xml?yyyy=2026&mm=02&dd=01,scrapy_fetch,FetchError,IgnoreRequest('Forbidden by robots.txt'),2026-05-18 13:16:02.960272
bdb14303-ba66-43d9-ab91-d5baa090fa7f,dw_com,https://www.dw.com/ur/%D8%B4%DA%A9%D9%88%D8%B1-%D8%B1%D8%AD%DB%8C%D9%85/person-36969351,scrapy_pipeline,AccessControlDetected,paywall=False login=False captcha=True,2026-05-18 13:16:03.408887
71721ff3-7004-47b6-a566-82a597b77024,tass_com,https://tass.com/military-operation,scrapy_pipeline,AccessControlDetected,paywall=False login=False captcha=True,2026-05-18 13:16:03.741257
93afb785-632c-40ee-8d24-4bda0fc20d42,24h_com_vn,https://www.24h.com.vn/thoi-trang-hi-tech/cuoc-khung-hoang-chip-cua-samsung-se-anh-huong-toi-vi-tien-cua-hang-trieu-nguoi-c407a1762704.html,scrapy_pipeline,AccessControlDetected,paywall=False login=False captcha=True,2026-05-18 13:16:03.872054
6d3b7f02-6001-408f-90b7-98525d7c1048,ft_com,https://www.ft.com/content/955f2421-7dc6-4bea-9501-b8646c8ba0a1,scrapy_pipeline,HttpError,status=403,2026-05-18 13:16:04.505241
fe9afd56-8a20-4a28-9045-318b40046c93,cnbc_com,https://www.cnbc.com/2026/05/18/novo-nordisk-wegovy-pill-launch-eli-lilly-foundayo-weight-loss.html,scrapy_pipeline,AccessControlDetected,paywall=False login=False captcha=True,2026-05-18 13:16:04.683554
0a26c73c-8618-4d8f-8745-e479611de49e,vnexpress_net,https://vnexpress.net/goc-nhin/y-te-suc-khoe,scrapy_pipeline,AccessControlDetected,paywall=False login=False captcha=True,2026-05-18 13:16:04.839706
15158305-42f4-41c2-a26f-7932599afb4d,chosun_com,https://www.chosun.com/english/sports-en/2026/05/18/A7JO65MI2RAR3I4TPEPLJV2FHY/,scrapy_pipeline,ShortContent,length=0 min=80,2026-05-18 13:16:04.941051
2afd18e8-517e-4d09-a665-eef7d8fb1eb3,eluniversal_com_mx,https://www.eluniversal.com.mx/espectaculos/entre-irreverencia-y-nostalgia-gloria-trevi-convierte-el-tecate-emblema-en-una-catarsis-emocional/,scrapy_pipeline,AccessControlDetected,paywall=False login=False captcha=True,2026-05-18 13:16:05.128612
3a358228-779a-472f-ba65-e14c24cb3d65,wsj_com,https://www.wsj.com/sitemaps/web/wsj/en/sitemap_wsj_en_m10_2017.xml,scrapy_fetch,FetchError,IgnoreRequest('Forbidden by robots.txt'),2026-05-18 13:16:05.293452
6a2fc629-153a-407e-ab1c-31fea8b11458,theglobeandmail_com,https://www.theglobeandmail.com/politics/article-pilot-program-for-transgender-refugees-allows-them-to-change-identity/,scrapy_pipeline,AccessControlDetected,paywall=False login=False captcha=True,2026-05-18 13:16:05.436632
13cf4624-69b1-427d-97a8-0155b1cb166a,theaustralian_com_au,https://www.theaustralian.com.au/sitemap.xml?yyyy=2026&mm=01&dd=31,scrapy_fetch,FetchError,IgnoreRequest('Forbidden by robots.txt'),2026-05-18 13:16:05.571181
938ece13-6dbd-46d2-b1f9-cd842d7bd140,apnews_com,https://apnews.com/article/air-show-idaho-incident-lockdown-cf2c98134c068cfcb8987e68a3177c62,scrapy_pipeline,AccessControlDetected,paywall=False login=False captcha=True,2026-05-18 13:16:07.081772
b426b73e-1f9c-48ee-bf65-e994882734f5,vnexpress_net,https://vnexpress.net/goc-nhin/kinh-doanh-quan-tri,scrapy_pipeline,AccessControlDetected,paywall=False login=False captcha=True,2026-05-18 13:16:07.547738
9e198ec9-700e-469c-bfee-d437f8f7d1be,24h_com_vn,https://www.24h.com.vn/suc-khoe/thu-hoi-lo-thuoc-nho-mat-natri-clorid-09-khong-dat-chat-luong-can-binh-tinh-va-ung-pho-phu-hop-c62a1762699.html,scrapy_pipeline,AccessControlDetected,paywall=False login=False captcha=True,2026-05-18 13:16:07.687361
327c2c18-84f5-41b7-8ca4-7673011342a1,theglobeandmail_com,https://www.theglobeandmail.com/politics/article-michael-chong-taiwan-visit-china/,scrapy_pipeline,AccessControlDetected,paywall=False login=False captcha=True,2026-05-18 13:16:08.375898
e934550a-65cd-477b-a807-07dd87edc549,wsj_com,https://www.wsj.com/sitemaps/web/wsj/en/sitemap_wsj_en_m8_2017.xml,scrapy_fetch,FetchError,IgnoreRequest('Forbidden by robots.txt'),2026-05-18 13:16:08.948709
a7fe8da0-5322-4e5d-a37e-a23f52b6992c,theaustralian_com_au,https://www.theaustralian.com.au/sitemap.xml?yyyy=2026&mm=01&dd=29,scrapy_fetch,FetchError,IgnoreRequest('Forbidden by robots.txt'),2026-05-18 13:16:09.027377
bb7dad06-7812-4b95-9915-153523b2f3c1,theaustralian_com_au,https://www.theaustralian.com.au/sitemap.xml?yyyy=2026&mm=01&dd=30,scrapy_fetch,FetchError,IgnoreRequest('Forbidden by robots.txt'),2026-05-18 13:16:09.104548
7df5a987-28d2-4d9b-a77c-d3a90a9730cb,wsj_com,https://www.wsj.com/sitemaps/web/wsj/en/sitemap_wsj_en_m9_2017.xml,scrapy_fetch,FetchError,IgnoreRequest('Forbidden by robots.txt'),2026-05-18 13:16:09.183012
8539ae5e-f0a4-4564-8379-77b08647530b,theaustralian_com_au,https://www.theaustralian.com.au/sitemap.xml?yyyy=2026&mm=01&dd=28,scrapy_fetch,FetchError,IgnoreRequest('Forbidden by robots.txt'),2026-05-18 13:16:09.961004
d8400c94-f040-4c94-ba58-7c504c5137c8,eib_org,https://www.eib.org/fr/videos/one-week-one-minute,scrapy_pipeline,AccessControlDetected,paywall=False login=False captcha=True,2026-05-18 13:16:10.132414
b29b1ba4-0f43-49e1-916b-f4d27993b0fd,theaustralian_com_au,https://www.theaustralian.com.au/sitemap.xml?yyyy=2026&mm=01&dd=24,scrapy_fetch,FetchError,IgnoreRequest('Forbidden by robots.txt'),2026-05-18 13:16:10.603834
dbf41841-fc6a-451d-8012-4016f2b77c49,wsj_com,https://www.wsj.com/sitemaps/web/wsj/en/sitemap_wsj_en_m4_2017.xml,scrapy_fetch,FetchError,IgnoreRequest('Forbidden by robots.txt'),2026-05-18 13:16:10.671404
f6b0a061-8541-4e5b-b165-17ce20202287,theaustralian_com_au,https://www.theaustralian.com.au/sitemap.xml?yyyy=2026&mm=01&dd=26,scrapy_fetch,FetchError,IgnoreRequest('Forbidden by robots.txt'),2026-05-18 13:16:10.737697
33284c1c-2f90-4c58-a102-3cfff1bee878,theaustralian_com_au,https://www.theaustralian.com.au/sitemap.xml?yyyy=2026&mm=01&dd=27,scrapy_fetch,FetchError,IgnoreRequest('Forbidden by robots.txt'),2026-05-18 13:16:10.804941
9b5ee3e2-c8b8-45ff-b1ad-fa71eafcee5d,wsj_com,https://www.wsj.com/sitemaps/web/wsj/en/sitemap_wsj_en_m7_2017.xml,scrapy_fetch,FetchError,IgnoreRequest('Forbidden by robots.txt'),2026-05-18 13:16:10.871032
cc2ce9f1-5f11-4b31-99d0-a4b65a7b988c,wsj_com,https://www.wsj.com/sitemaps/web/wsj/en/sitemap_wsj_en_m3_2017.xml,scrapy_fetch,FetchError,IgnoreRequest('Forbidden by robots.txt'),2026-05-18 13:16:10.938368
b572e39f-2f1c-4027-94b7-ab7cfd50a82c,wsj_com,https://www.wsj.com/sitemaps/web/wsj/en/sitemap_wsj_en_m6_2017.xml,scrapy_fetch,FetchError,IgnoreRequest('Forbidden by robots.txt'),2026-05-18 13:16:11.004413
9a5880bf-e3fb-4f70-a3d9-243d34541ce6,theaustralian_com_au,https://www.theaustralian.com.au/sitemap.xml?yyyy=2026&mm=01&dd=25,scrapy_fetch,FetchError,IgnoreRequest('Forbidden by robots.txt'),2026-05-18 13:16:11.215631
7600e2f3-30ae-432e-94b2-269f4c27587e,wsj_com,https://www.wsj.com/sitemaps/web/wsj/en/sitemap_wsj_en_m5_2017.xml,scrapy_fetch,FetchError,IgnoreRequest('Forbidden by robots.txt'),2026-05-18 13:16:11.282565
109f9c32-e5c4-4f16-86bb-5dcbc787f822,tass_com,https://tass.com/fifa-world-cup-2026,scrapy_pipeline,AccessControlDetected,paywall=False login=False captcha=True,2026-05-18 13:16:11.778531
64110bbe-9aa3-4acd-b70c-e20e8fda0170,apnews_com,https://apnews.com/article/hantavirus-crucero-rotterdam-40fe77267379e2e8ea6ac2e99cbb8df8,scrapy_pipeline,AccessControlDetected,paywall=False login=False captcha=True,2026-05-18 13:16:12.266459
2b18b0c2-0b67-4be1-ba15-5186d9c12de7,theglobeandmail_com,https://www.theglobeandmail.com/world/article-canadian-funded-programs-in-occupied-ukraine-accused-of-putting/,scrapy_pipeline,AccessControlDetected,paywall=False login=False captcha=True,2026-05-18 13:16:12.457629
706f99b2-1adb-4f3b-8512-7a8e562bf1d3,24h_com_vn,https://www.24h.com.vn/o-to/clip-o-to-mat-lai-dam-vang-nguoi-di-xe-may-c747a1762676.html,scrapy_pipeline,AccessControlDetected,paywall=False login=False captcha=True,2026-05-18 13:16:12.595865
7c139768-47a4-4aaa-83cc-c9f50a01a74e,cnbc_com,https://www.cnbc.com/2026/05/18/mfs-private-credit-insolvency-banks-failure-collapse-barclays-mortgage.html,scrapy_pipeline,AccessControlDetected,paywall=False login=False captcha=True,2026-05-18 13:16:12.734500
46f54dcd-361a-469a-b186-83a89702057c,dw_com,https://www.dw.com/ur/%D8%B8%DB%81%DB%8C%D8%B1-%DA%86%D9%88%DA%BE%D8%AF%D8%B1%DB%8C/person-36360061,scrapy_pipeline,AccessControlDetected,paywall=False login=False captcha=True,2026-05-18 13:16:13.545922
a5a58631-17bb-4054-bd4a-298802256e90,chosun_com,https://www.chosun.com/sports/world-football/2026/05/18/MQ4GGOJVMFSDONJSME2GCZRRGA/,scrapy_pipeline,ShortContent,length=0 min=80,2026-05-18 13:16:13.657246
28851ae2-eb44-42da-aeff-e93fab3b5a68,vnexpress_net,https://vnexpress.net/goc-nhin/giao-duc-tri-thuc,scrapy_pipeline,AccessControlDetected,paywall=False login=False captcha=True,2026-05-18 13:16:13.803495
5180049a-4b24-4e3c-b305-babac5f7f730,wsj_com,https://www.wsj.com/sitemaps/web/wsj/en/sitemap_wsj_en_m11_2016.xml,scrapy_fetch,FetchError,IgnoreRequest('Forbidden by robots.txt'),2026-05-18 13:16:14.037709
b9310a26-0f73-4f10-b3e9-45dd2e77dab8,wsj_com,https://www.wsj.com/sitemaps/web/wsj/en/sitemap_wsj_en_m12_2016.xml,scrapy_fetch,FetchError,IgnoreRequest('Forbidden by robots.txt'),2026-05-18 13:16:14.104999
b21554e0-9aa6-4dd6-8042-a0bf8f169069,wsj_com,https://www.wsj.com/sitemaps/web/wsj/en/sitemap_wsj_en_m2_2017.xml,scrapy_fetch,FetchError,IgnoreRequest('Forbidden by robots.txt'),2026-05-18 13:16:14.171397
17fd2f4e-ff7f-4bd1-9a3a-cff8555c9aa7,theaustralian_com_au,https://www.theaustralian.com.au/sitemap.xml?yyyy=2026&mm=01&dd=20,scrapy_fetch,FetchError,IgnoreRequest('Forbidden by robots.txt'),2026-05-18 13:16:14.238544
6b904838-d513-44ec-a57e-f3c72ec61939,theaustralian_com_au,https://www.theaustralian.com.au/sitemap.xml?yyyy=2026&mm=01&dd=21,scrapy_fetch,FetchError,IgnoreRequest('Forbidden by robots.txt'),2026-05-18 13:16:14.304693
20840aa4-30e8-4fd1-b5f1-df3661147a30,theaustralian_com_au,https://www.theaustralian.com.au/sitemap.xml?yyyy=2026&mm=01&dd=23,scrapy_fetch,FetchError,IgnoreRequest('Forbidden by robots.txt'),2026-05-18 13:16:14.371948
1c5c4a5d-26d7-42f8-99be-31b2e74630f9,theaustralian_com_au,https://www.theaustralian.com.au/sitemap.xml?yyyy=2026&mm=01&dd=22,scrapy_fetch,FetchError,IgnoreRequest('Forbidden by robots.txt'),2026-05-18 13:16:14.438048
fbf2351f-8fc7-4650-9085-7b4b78613082,wsj_com,https://www.wsj.com/sitemaps/web/wsj/en/sitemap_wsj_en_m1_2017.xml,scrapy_fetch,FetchError,IgnoreRequest('Forbidden by robots.txt'),2026-05-18 13:16:14.504128
2478fd59-9674-481a-a9c6-19a1dd615947,ft_com,https://www.ft.com/content/933ac23d-f7ea-44ac-8253-53d045471df5,scrapy_pipeline,HttpError,status=403,2026-05-18 13:16:15.149755
d6665aaa-441e-4980-8433-53080d1a9e04,dw_com,https://www.dw.com/ur/%D8%A8%DB%8C%D9%86%D8%B4-%D8%AC%D8%A7%D9%88%DB%8C%D8%AF-dpa/person-36307647,scrapy_pipeline,AccessControlDetected,paywall=False login=False captcha=True,2026-05-18 13:16:15.756946
781b9d67-17d5-466e-bc28-f5096294bc7d,chosun_com,https://www.chosun.com/sports/sports_general/2026/05/18/MFQWKZRUHBSDCYZSMYYTEOLGGY/,scrapy_pipeline,ShortContent,length=0 min=80,2026-05-18 13:16:16.026582
6f23d6f2-febf-4d6b-9dd2-d06796ec9562,vnexpress_net,https://vnexpress.net/goc-nhin/moi-truong,scrapy_pipeline,AccessControlDetected,paywall=False login=False captcha=True,2026-05-18 13:16:16.594910
c78db9d8-3023-4385-8e86-96d0530c6c44,tass_com,https://tass.com/situation-around-the-strait-of-hormuz,scrapy_pipeline,AccessControlDetected,paywall=False login=False captcha=True,2026-05-18 13:16:16.778064
f641385d-ae93-495d-9336-abd349e312dc,cnbc_com,https://www.cnbc.com/2026/05/18/europe-ai-energy-electricity-costs-data-centers-china-us.html,scrapy_pipeline,AccessControlDetected,paywall=False login=False captcha=True,2026-05-18 13:16:17.208706
a203de5d-21c4-457f-9fd5-938909310bfc,apnews_com,https://apnews.com/article/iran-us-uae-nuclear-drones-71e7e58f45193b7dee3df28740532a7b,scrapy_pipeline,AccessControlDetected,paywall=False login=False captcha=True,2026-05-18 13:16:17.744604
e5be1288-8aed-45f1-9dad-d4044f842ad2,eluniversal_com_mx,https://www.eluniversal.com.mx/espectaculos/u2-volvera-a-mexico-el-proximo-ano/,scrapy_pipeline,AccessControlDetected,paywall=False login=False captcha=True,2026-05-18 13:16:17.964499
30ae2cab-0acb-4165-9cdf-d29904100db7,24h_com_vn,https://www.24h.com.vn/an-choi/me-9x-mang-quan-hu-tieu-go-vao-bep-nha-de-chieu-so-thich-cac-con-c76a1762649.html,scrapy_pipeline,AccessControlDetected,paywall=False login=False captcha=True,2026-05-18 13:16:18.394061
d7c731de-63e2-4103-ab33-516961699377,theglobeandmail_com,https://www.theglobeandmail.com/canada/article-canadian-hantavirus-presumptive-positive-test-bonnie-henry/,scrapy_pipeline,AccessControlDetected,paywall=False login=False captcha=True,2026-05-18 13:16:18.713123
cf75f7d2-7049-4732-becf-9bc925378536,eib_org,https://www.eib.org/fr/projects/topics/energy-natural-resources/energy/index,scrapy_pipeline,AccessControlDetected,paywall=False login=False captcha=True,2026-05-18 13:16:20.825569
e11ebdba-7b9d-4e85-9619-bb1991f627de,dw_com,https://www.dw.com/ur/%D8%B9%D8%A8%D8%AF%D8%A7%D9%84%D8%BA%D9%86%DB%8C-%DA%A9%D8%A7%DA%A9%DA%91/person-36296745,scrapy_pipeline,AccessControlDetected,paywall=False login=False captcha=True,2026-05-18 13:16:21.601914
89f09a63-9d16-418f-888f-9f0ebcb26573,tass_com,https://tass.com/81st-anniversary-of-victory-over-nazi-germany,scrapy_pipeline,AccessControlDetected,paywall=False login=False captcha=True,2026-05-18 13:16:22.439740
e6def131-56d9-4e64-bbf4-85910f826737,cnbc_com,https://www.cnbc.com/2026/05/18/european-markets-stoxx-600-ftse-dax-iran-latest-uk-news.html,scrapy_pipeline,AccessControlDetected,paywall=False login=False captcha=True,2026-05-18 13:16:22.976431
a0cb00c7-94ae-4f7a-94ed-5e55194b5094,chosun_com,https://www.chosun.com/english/sports-en/2026/05/18/KGDPBMEVYNAFVHEJQJX3XZWMCA/,scrapy_pipeline,ShortContent,length=0 min=80,2026-05-18 13:16:23.054109
1a08ac1b-ba69-404b-bd90-3662d292f9d9,eluniversal_com_mx,https://www.eluniversal.com.mx/estados/hallan-y-desactivan-explosivos-artesanales-en-zacatecas-investigan-posible-ataque-contra-militares/,scrapy_pipeline,AccessControlDetected,paywall=False login=False captcha=True,2026-05-18 13:16:23.238348
c04ca374-d4ca-4c99-acb8-c1ed170d0b40,24h_com_vn,https://www.24h.com.vn/xe-may-xe-dap/bat-chap-xu-huong-xe-dien-nguoi-viet-van-chuong-honda-c748a1762632.html,scrapy_pipeline,AccessControlDetected,paywall=False login=False captcha=True,2026-05-18 13:16:23.791317
12d0d498-41d4-49eb-9472-7479a2e5a41e,vnexpress_net,https://vnexpress.net/goc-nhin/van-hoa-loi-song,scrapy_pipeline,AccessControlDetected,paywall=False login=False captcha=True,2026-05-18 13:16:24.080423
4fe5905d-3596-41b2-8ea8-bcf3cb92c08a,cnbc_com,https://www.cnbc.com/2026/05/18/citi-wealth-warns-markets-may-be-uncomfortably-strong-as-risks-mount.html,scrapy_pipeline,AccessControlDetected,paywall=False login=False captcha=True,2026-05-18 13:16:24.508660
88c342d1-5fab-4490-b049-57bf64de1517,chosun_com,https://www.chosun.com/english/sports-en/2026/05/18/7PNFD5TNA5DUZFIUI7LGQM6YZY/,scrapy_pipeline,ShortContent,length=0 min=80,2026-05-18 13:16:25.346592
49172d79-81f3-41e8-9221-8fce552b810a,vnexpress_net,https://vnexpress.net/goc-nhin/covid-19,scrapy_pipeline,AccessControlDetected,paywall=False login=False captcha=True,2026-05-18 13:16:25.739989
823a0598-1e71-439f-9630-cceb7635f040,tass_com,https://tass.com/shooting-at-a-hotel-reception-with-trump,scrapy_pipeline,AccessControlDetected,paywall=False login=False captcha=True,2026-05-18 13:16:26.051927
34b03794-f0e5-4333-afea-85bcc30b16ab,dw_com,https://www.dw.com/ur/%D8%B9%D8%B1%D9%81%D8%A7%D9%86-%D8%A2%D9%81%D8%AA%D8%A7%D8%A8/person-36127880,scrapy_pipeline,AccessControlDetected,paywall=False login=False captcha=True,2026-05-18 13:16:26.448559
0abfd0b7-4d93-4d8e-bce9-29704cc4f1b4,eib_org,https://www.eib.org/fr/index,scrapy_pipeline,AccessControlDetected,paywall=False login=False captcha=True,2026-05-18 13:16:26.928644
e05c9b5e-a94d-41d2-a310-26cd4c4f1914,ft_com,https://www.ft.com/content/e69d5285-03c1-4f8a-9ff1-6d6a90ac8cf1,scrapy_pipeline,HttpError,status=403,2026-05-18 13:16:27.039394
61fc791d-4a4c-4255-b00d-60148df7f2cb,dw_com,https://www.dw.com/ur/%DB%8C%D9%88%D9%86%D8%B3-%D8%AE%D8%A7%D9%86/person-35990308,scrapy_pipeline,AccessControlDetected,paywall=False login=False captcha=True,2026-05-18 13:16:28.520855
3a063c41-cae2-4836-956e-898f7cb2abd3,24h_com_vn,https://www.24h.com.vn/ban-tre-cuoc-song/ky-sinh-trung-ngoai-doi-that-sat-hai-ban-gai-cu-roi-song-trong-nha-nan-nhan-c64a1762590.html,scrapy_pipeline,AccessControlDetected,paywall=False login=False captcha=True,2026-05-18 13:16:29.211431
2b46c549-39f0-4b36-addc-5296d3ded29f,cnbc_com,https://www.cnbc.com/2026/05/18/ryanair-earnings-fy-jet-fuel-crunch-airlines.html,scrapy_pipeline,AccessControlDetected,paywall=False login=False captcha=True,2026-05-18 13:16:29.368860
8657ebac-abfe-4505-afe2-3e0d656eb963,tass_com,https://tass.com/spief-2026,scrapy_pipeline,AccessControlDetected,paywall=False login=False captcha=True,2026-05-18 13:16:31.422132
eb600362-3fe1-49b2-a4a9-59b084dc6b24,dw_com,https://www.dw.com/ur/%D8%B1%D9%81%D8%B9%D8%AA-%D8%B3%D8%B9%DB%8C%D8%AF/person-35930566,scrapy_pipeline,AccessControlDetected,paywall=False login=False captcha=True,2026-05-18 13:16:31.980798
d15e58eb-2c67-40f2-a6db-d4384e3eac11,eib_org,https://www.eib.org/fr/investor-relations/disclaimer.htm,scrapy_pipeline,AccessControlDetected,paywall=False login=False captcha=True,2026-05-18 13:16:32.129430
6c0daba4-8394-4e40-9215-5cea38dc7af2,cnbc_com,https://www.cnbc.com/2026/05/18/cctv-script-18/05/26.html,scrapy_pipeline,AccessControlDetected,paywall=False login=False captcha=True,2026-05-18 13:16:32.461299
02eec104-ad91-4d2f-86a9-179d036c12f0,chosun_com,https://www.chosun.com/sports/sports_general/2026/05/18/ME2DIZBSGA4DQNJXG4YGMOBXGY/,scrapy_pipeline,ShortContent,length=0 min=80,2026-05-18 13:16:32.550184
3f4d3840-e220-453e-80c8-8194ec51f978,24h_com_vn,https://www.24h.com.vn/bong-da/xa-sung-kinh-hoang-lam-10-nguoi-chet-o-mexico-hoi-chuong-bao-dong-truoc-them-world-cup-2026-c48a1762763.html,scrapy_pipeline,AccessControlDetected,paywall=False login=False captcha=True,2026-05-18 13:16:33.036439
8d4b3ee7-a23b-4c80-ae65-f8a21c9266df,vnexpress_net,https://vnexpress.net/goc-nhin,scrapy_pipeline,AccessControlDetected,paywall=False login=False captcha=True,2026-05-18 13:16:33.194260
4d7a5dd0-e395-4079-9c44-d944a2c4f0d4,eluniversal_com_mx,https://www.eluniversal.com.mx/estados/ataque-armado-a-vivienda-deja-dos-muertos-en-tamaulipas-hay-una-mujer-lesionada/,scrapy_pipeline,AccessControlDetected,paywall=False login=False captcha=True,2026-05-18 13:16:33.869680
11dffe4f-9806-45d1-bfb3-0f5ad60c0262,ft_com,https://www.ft.com/content/1fcadeb4-68f8-4ce6-87e2-765e50c6717d,scrapy_pipeline,HttpError,status=403,2026-05-18 13:16:35.627565
e59bd4ae-84b1-48f7-9144-b888ed2dbd5b,vnexpress_net,https://vnexpress.net/thu-gian/cuoi,scrapy_pipeline,AccessControlDetected,paywall=False login=False captcha=True,2026-05-18 13:16:35.927690
bdb128e3-61f8-4306-b2bb-667f1e21695d,chosun_com,https://www.chosun.com/english/sports-en/2026/05/18/PHRT3IDSTRBPPFWTRQ32EQNL7A/,scrapy_pipeline,ShortContent,length=0 min=80,2026-05-18 13:16:36.968390
a7ea8d45-1f35-41e4-8cca-a5fe1cbc16c7,cnbc_com,https://www.cnbc.com/2026/05/18/cnbc-daily-open-g7-finance-ministers-meeting-economic-shock.html,scrapy_pipeline,AccessControlDetected,paywall=False login=False captcha=True,2026-05-18 13:16:37.184329
d387297d-d2ed-4cb1-8175-ada9b813eafd,24h_com_vn,https://www.24h.com.vn/tin-tuc-trong-ngay/nguoi-dan-ong-pha-hoai-tai-san-tren-cao-toc-bac-nam-bi-phat-15-trieu-dong-c46a1762752.html,scrapy_pipeline,AccessControlDetected,paywall=False login=False captcha=True,2026-05-18 13:16:37.460420
ccf7c876-6936-40bf-a5d9-4669db07aae0,cnbc_com,https://www.cnbc.com/2026/05/18/treasury-yields-inflation-bond-rout-oil.html,scrapy_pipeline,AccessControlDetected,paywall=False login=False captcha=True,2026-05-18 13:16:39.291580
ed2d84f8-d691-4d5b-a62b-544d7167a344,ft_com,https://www.ft.com/content/2c00f2dd-7210-4855-a1bc-2f5e1eb64af7,scrapy_pipeline,HttpError,status=403,2026-05-18 13:16:39.394896
c0d91e16-8692-490f-8693-e9e8ddd881f8,dw_com,https://www.dw.com/ur/%D8%AA%D9%86%D9%88%DB%8C%D8%B1-%D8%B4%DB%81%D8%B2%D8%A7%D8%AF/person-35930547,scrapy_pipeline,AccessControlDetected,paywall=False login=False captcha=True,2026-05-18 13:16:39.999962
657e7159-bcb5-4ac4-8062-73900c5f66a8,24h_com_vn,https://www.24h.com.vn/kinh-doanh/xuat-hien-ngan-hang-tra-lai-suat-85-nam-cho-so-tien-gui-tu-500000-dong-so-tien-ve-tay-la-bao-nhieu-c161a1762736.html,scrapy_pipeline,AccessControlDetected,paywall=False login=False captcha=True,2026-05-18 13:16:40.346206
ccad94ab-d929-4203-939f-6bbd6e8c2fdd,eluniversal_com_mx,https://www.eluniversal.com.mx/estados/matan-a-cabo-de-la-guardia-nacional-en-san-miguel-de-allende-investigan-a-sargento-como-posible-responsable/,scrapy_pipeline,AccessControlDetected,paywall=False login=False captcha=True,2026-05-18 13:16:41.304056
8027d763-7572-4544-9588-98509a1085b5,24h_com_vn,https://www.24h.com.vn/dep/suc-hut-cua-mai-phuong-thuy-sau-2-thap-ky-dang-quang-hoa-hau-viet-nam-c78a1762452.html,scrapy_pipeline,AccessControlDetected,paywall=False login=False captcha=True,2026-05-18 13:16:43.154503
205f4360-c5f3-496b-af3c-b67265cebeb6,vnexpress_net,https://vnexpress.net/thu-gian/do-vui,scrapy_pipeline,AccessControlDetected,paywall=False login=False captcha=True,2026-05-18 13:16:44.003635
9080b70b-acb3-49ed-b193-5d745b673031,cnbc_com,https://www.cnbc.com/2026/05/18/burnham-gilts-inflation-starmer-interest-rates-bonds.html,scrapy_pipeline,AccessControlDetected,paywall=False login=False captcha=True,2026-05-18 13:16:44.307729
07efb43e-6125-4b20-921f-13be8eb46b2f,dw_com,https://www.dw.com/ur/%D8%B9%D8%B5%D9%85%D8%AA-%D8%AC%D8%A8%DB%8C%DA%BA/person-35925403,scrapy_pipeline,AccessControlDetected,paywall=False login=False captcha=True,2026-05-18 13:16:45.536338
392391d7-5104-4148-b812-30296eb4d5e8,vnexpress_net,https://vnexpress.net/thu-gian/chuyen-la,scrapy_pipeline,AccessControlDetected,paywall=False login=False captcha=True,2026-05-18 13:16:45.747542
67e97d3d-7ede-48a9-b8f1-fbc0b68e5ebc,eluniversal_com_mx,https://www.eluniversal.com.mx/estados/gobernador-de-tamaulipas-reporta-reduccion-en-deuda-publica-preve-impulsar-nuevas-inversiones/,scrapy_pipeline,AccessControlDetected,paywall=False login=False captcha=True,2026-05-18 13:16:46.787490
7f52a1b5-fd16-4011-a63d-5b6a6e538ebf,ft_com,https://www.ft.com/content/381fa2a2-cb54-4d2d-bcf0-c05dd493264d,scrapy_pipeline,HttpError,status=403,2026-05-18 13:16:47.672894
913450e6-c02b-4684-8fb9-5567534cb367,eluniversal_com_mx,https://www.eluniversal.com.mx/estados/vinculan-a-proceso-a-hombre-por-falso-robo-en-sonora-invento-asalto-de-227-mil-pesos-para-evadir-una-deuda/,scrapy_pipeline,AccessControlDetected,paywall=False login=False captcha=True,2026-05-18 13:16:51.460333
c65585ce-7613-44b7-9d1c-2e010484d2e4,ft_com,https://www.ft.com/content/d92d63a4-460d-416a-ae72-5e87a20a77c0,scrapy_pipeline,HttpError,status=403,2026-05-18 13:16:51.550895
d03bbbef-55bd-4f89-a4bf-a26e63548088,vnexpress_net,https://vnexpress.net/thu-gian/crossword,scrapy_pipeline,AccessControlDetected,paywall=False login=False captcha=True,2026-05-18 13:16:52.982851
11cda24c-5228-4714-9483-09d24917668e,24h_com_vn,https://www.24h.com.vn/giai-tri/con-ac-mong-cua-nha-san-xuat-phim-viet-c731a1762671.html,scrapy_pipeline,AccessControlDetected,paywall=False login=False captcha=True,2026-05-18 13:16:53.123779
87bcf1ea-416c-4aa4-be69-4c87a41db26b,vnexpress_net,https://vnexpress.net/thu-gian/thu-cung,scrapy_pipeline,AccessControlDetected,paywall=False login=False captcha=True,2026-05-18 13:16:53.481554
3afaea4d-6e90-48aa-914a-6d455cedb544,dw_com,https://www.dw.com/ur/%D9%85%D9%82%D8%A8%D9%88%D9%84-%D9%85%D9%84%DA%A9/person-35889171,scrapy_pipeline,AccessControlDetected,paywall=False login=False captcha=True,2026-05-18 13:16:53.778843
b2518dd0-5239-4788-907c-b4847ed0a99b,ft_com,https://www.ft.com/content/8e708b02-96cf-44be-8ac0-d1b6022bff11,scrapy_pipeline,HttpError,status=403,2026-05-18 13:16:54.195188
afc9d682-0491-4174-a727-118504f85682,dw_com,https://www.dw.com/ur/%D8%B9%D8%AF%D9%86%D8%A7%D9%86-%D8%A7%D8%B3%D8%AD%D8%A7%D9%82/person-35889142,scrapy_pipeline,AccessControlDetected,paywall=False login=False captcha=True,2026-05-18 13:16:55.358916
7127385f-9823-460a-a736-2691af007cd5,eluniversal_com_mx,https://www.eluniversal.com.mx/estados/concluye-el-acamoto-con-ocho-detenidos-y-331-infraccionados/,scrapy_pipeline,AccessControlDetected,paywall=False login=False captcha=True,2026-05-18 13:16:56.305373
479345c7-d294-4783-bde4-7df930b05a9f,vnexpress_net,https://vnexpress.net/thu-gian/tro-choi/xep-chu,scrapy_pipeline,AccessControlDetected,paywall=False login=False captcha=True,2026-05-18 13:16:56.979835
2eb45900-f315-4376-956c-1876b4582444,24h_com_vn,https://www.24h.com.vn/tin-tuc-trong-ngay/tphcm-hai-cha-con-cung-hau-toa-vi-ep-30-csgt-dong-tien-thang-c46a1762757.html,scrapy_pipeline,AccessControlDetected,paywall=False login=False captcha=True,2026-05-18 13:16:57.713158
3f3b8505-b0a5-473b-afee-5b2a40650c9e,dw_com,https://www.dw.com/ur/%D8%A7%D9%81%D8%B3%D8%B1-%D8%A7%D8%B9%D9%88%D8%A7%D9%86/person-35889094,scrapy_pipeline,AccessControlDetected,paywall=False login=False captcha=True,2026-05-18 13:16:58.387818
a3bf3789-e0ea-4d37-9221-b40054d76209,dw_com,https://www.dw.com/ur/%DA%A9%D8%B4%D9%88%D8%B1-%D9%85%D8%B5%D8%B7%D9%81%DB%8C%D9%B0/person-35889075,scrapy_pipeline,AccessControlDetected,paywall=False login=False captcha=True,2026-05-18 13:16:59.297785
311e46bf-126c-4d1e-95c4-aac9c58e9f0a,ft_com,https://www.ft.com/content/2596cc2f-3608-4c86-8f22-60f9fbbe369d,scrapy_pipeline,HttpError,status=403,2026-05-18 13:16:59.406188
a76a63cb-6b9c-4fb2-ab6d-641a2e30f9cc,eluniversal_com_mx,https://www.eluniversal.com.mx/estados/la-gente-quiere-que-la-4t-continue-en-sonora/,scrapy_pipeline,AccessControlDetected,paywall=False login=False captcha=True,2026-05-18 13:16:59.669274
2ea20c3d-2007-43da-9a07-a8633de8dee9,ft_com,https://www.ft.com/content/73039afd-a0b4-4ce7-9875-40b1fb312073,scrapy_pipeline,HttpError,status=403,2026-05-18 13:17:01.239471
0ad18940-e761-4f13-ad95-3d7cd4debb0d,eluniversal_com_mx,https://www.eluniversal.com.mx/estados/masacran-a-una-familia-y-cuatro-trabajadores-en-un-rancho-de-puebla/,scrapy_pipeline,AccessControlDetected,paywall=False login=False captcha=True,2026-05-18 13:17:01.406634
f486b2b5-18e1-447e-865b-cd8c0ce52b7b,chinadaily_com_cn,http://www.chinadaily.com.cn/rss/french.xml,scrapy_pipeline,HttpError,status=404,2026-05-18 13:17:04.073435
94b90d37-c472-4c22-8b65-6b79e20cfa34,vnexpress_net,https://vnexpress.net/thu-gian/tro-choi/chinh-ta,scrapy_pipeline,AccessControlDetected,paywall=False login=False captcha=True,2026-05-18 13:17:04.960101
fc550257-8bcc-4ac5-a852-8d506b1b3f73,24h_com_vn,https://www.24h.com.vn/thi-truong-tieu-dung/nhung-luu-y-de-mua-duoc-o-to-dien-cu-gia-hoi-ma-van-chat-luong-c52a1762776.html,scrapy_pipeline,AccessControlDetected,paywall=False login=False captcha=True,2026-05-18 13:17:05.298771
66779cbb-d855-449f-ad1a-995559101ae5,dw_com,https://www.dw.com/ur/%D8%B9%D8%A7%D8%B7%D9%81-%D8%A8%D9%84%D9%88%DA%86/person-35885704,scrapy_pipeline,AccessControlDetected,paywall=False login=False captcha=True,2026-05-18 13:17:05.618273
b817e77c-99fc-4ba5-84f8-b52d095496c9,ft_com,https://www.ft.com/content/865ef75d-9499-4822-a9aa-1ab4199253c0,scrapy_pipeline,HttpError,status=403,2026-05-18 13:17:06.116541
1770021c-de61-4a38-ad09-a9f463a4cb89,vnexpress_net,https://vnexpress.net/thu-gian/tro-choi/sudoku,scrapy_pipeline,AccessControlDetected,paywall=False login=False captcha=True,2026-05-18 13:17:08.884259
8ea1129a-62bc-49b7-ac93-83ece86dd73a,dw_com,https://www.dw.com/ur/%D8%A7%D9%85%D8%AA%DB%8C%D8%A7%D8%B2-%D8%A7%D8%AD%D9%85%D8%AF/person-35885625,scrapy_pipeline,AccessControlDetected,paywall=False login=False captcha=True,2026-05-18 13:17:09.758720
c3faf78f-bad0-48d4-b946-dec1115a2662,24h_com_vn,https://www.24h.com.vn/tin-tuc-quoc-te/quan-he-israel-uae-ran-nut-dung-luc-my-can-dong-minh-xu-ly-van-de-iran-c415a1762767.html,scrapy_pipeline,AccessControlDetected,paywall=False login=False captcha=True,2026-05-18 13:17:10.589899
f7ad7b24-6288-4f57-be34-cf7f975346ca,ft_com,https://www.ft.com/content/e95fecf1-d161-4e99-aec5-b7b30f0c3379,scrapy_pipeline,HttpError,status=403,2026-05-18 13:17:11.917467
385d2803-dc77-4f27-b760-cba8095055a5,vnexpress_net,https://vnexpress.net/thu-gian/tro-choi,scrapy_pipeline,AccessControlDetected,paywall=False login=False captcha=True,2026-05-18 13:17:12.397777
8776818c-97e3-45ed-84fe-128ca7e2c01b,24h_com_vn,https://www.24h.com.vn/the-thao/sinner-svitolina-cap-doi-hoan-hao-o-rome-open-cang-ap-luc-cang-thang-hoa-c101a1762697.html,scrapy_pipeline,AccessControlDetected,paywall=False login=False captcha=True,2026-05-18 13:17:12.895736
4c79b85b-7463-47f8-ad12-3b9222a0f10b,vnexpress_net,https://vnexpress.net/thu-gian,scrapy_pipeline,AccessControlDetected,paywall=False login=False captcha=True,2026-05-18 13:17:14.593747
c8142a9c-82ff-44c2-8622-4271d916bc0b,eib_org,https://www.eib.org/de/events/board-of-directors-meeting-593,scrapy_pipeline,AccessControlDetected,paywall=False login=False captcha=True,2026-05-18 13:17:14.829479
9e6d9a85-1ae0-4bab-9e9d-2b59c2f4860a,24h_com_vn,https://www.24h.com.vn/dep/di-cau-thang-bo-moi-ngay-co-du-de-giam-can-c78a1755181.html,scrapy_pipeline,AccessControlDetected,paywall=False login=False captcha=True,2026-05-18 13:17:15.077946
0b0263b3-3b42-474d-9aac-b371847c4561,eluniversal_com_mx,https://www.eluniversal.com.mx/cartera/reportan-caida-masiva-en-servicio-de-telcel-problema-lleva-mas-de-12-horas/,scrapy_pipeline,AccessControlDetected,paywall=False login=False captcha=True,2026-05-18 13:17:15.335039
ca2bf8db-9e5a-4d6e-89b2-916c5f3d6320,ft_com,https://www.ft.com/content/5f1a43f1-8aac-44f8-b0c2-62ed3acf58ca,scrapy_pipeline,HttpError,status=403,2026-05-18 13:17:16.261548
f127777f-9135-4d73-984d-1fdd05772ec8,vnexpress_net,https://vnexpress.net,scrapy_pipeline,AccessControlDetected,paywall=False login=False captcha=True,2026-05-18 13:17:17.560019
1ece462c-e9a2-4889-ae94-2f161c196114,24h_com_vn,https://www.24h.com.vn/bong-da/fernandes-mua-giai-dinh-danh-thien-tai-sang-tao-20-kien-tao-ruc-ro-cho-mu-c48a1762574.html,scrapy_pipeline,AccessControlDetected,paywall=False login=False captcha=True,2026-05-18 13:17:17.812743
079334d9-e9a9-467b-b3be-75e84a8ea668,eluniversal_com_mx,https://www.eluniversal.com.mx/metropoli/libran-obstaculos-para-ir-a-la-rosario-castellanos-en-naucalpan/,scrapy_pipeline,AccessControlDetected,paywall=False login=False captcha=True,2026-05-18 13:17:19.910175
0122da3b-eadf-4fa4-8290-93d53a08df8a,ft_com,https://www.ft.com/content/1a33355b-b080-49f6-88e1-e613843a8af0,scrapy_pipeline,HttpError,status=403,2026-05-18 13:17:21.062517
57643a56-84f5-4a9b-9ec1-50cc22127a11,eluniversal_com_mx,https://www.eluniversal.com.mx/cartera/confianza-de-calificadoras-un-desafio-para-mexico/,scrapy_pipeline,AccessControlDetected,paywall=False login=False captcha=True,2026-05-18 13:17:21.634979
aaef19eb-28cd-4c71-8bb1-4534989312f7,eluniversal_com_mx,https://www.eluniversal.com.mx/cartera/credito-clave-para-sumar-pymes-al-sector-automotriz/,scrapy_pipeline,AccessControlDetected,paywall=False login=False captcha=True,2026-05-18 13:17:21.818828
c95dafa6-0f09-4885-ad7d-6ab59bd55ec7,ft_com,https://www.ft.com/content/66aa99a3-5978-458c-93a9-3a916440a841,scrapy_pipeline,HttpError,status=403,2026-05-18 13:17:27.017607
6ee2c4e2-2d96-4c5c-a70a-952e0b3e30e8,eib_org,https://www.eib.org/de/press/news/joint-statement-by-seven-multilateral-development-banks-pledging-support-to-address-impacts-of-the-middle-east-conflict,scrapy_pipeline,AccessControlDetected,paywall=False login=False captcha=True,2026-05-18 13:17:27.587014
63b78a8b-e5f6-4dca-90e8-cc894a4d9eef,eluniversal_com_mx,https://www.eluniversal.com.mx/cartera/g7-analiza-efectos-de-la-guerra-en-medio-oriente/,scrapy_pipeline,AccessControlDetected,paywall=False login=False captcha=True,2026-05-18 13:17:27.888956
3af07ed6-42fb-411e-a316-dcfc85f1a133,eib_org,https://www.eib.org/de/videos/one-week-one-minute,scrapy_pipeline,AccessControlDetected,paywall=False login=False captcha=True,2026-05-18 13:17:53.164738
c4dac3c3-ca52-447b-b39f-2a65bd502578,eib_org,https://www.eib.org/de/projects/topics/energy-natural-resources/energy/index,scrapy_pipeline,AccessControlDetected,paywall=False login=False captcha=True,2026-05-18 13:17:59.601437
5de277d1-99d9-476c-9f15-23186e9fe995,eib_org,https://www.eib.org/de/index,scrapy_pipeline,AccessControlDetected,paywall=False login=False captcha=True,2026-05-18 13:18:01.058388
02174cf9-f7f7-4d01-aec6-a853872a059b,eib_org,https://www.eib.org/de/investor-relations/disclaimer.htm,scrapy_pipeline,AccessControlDetected,paywall=False login=False captcha=True,2026-05-18 13:18:11.028136
77a43cb8-a9df-4cd6-a086-c97e0adfaa1b,cnbc_com,https://www.cnbc.com/pro/analysis/,scrapy_pipeline,AccessControlDetected,paywall=False login=False captcha=True,2026-05-18 13:19:58.575633
58fcac6e-e7f3-4a94-ac6d-3718f262c991,cnbc_com,https://www.cnbc.com/investingclub/video/,scrapy_pipeline,AccessControlDetected,paywall=False login=False captcha=True,2026-05-18 13:20:25.091530
9a74b4bd-7cdc-4b46-a5f0-8c58c0f519cb,cnbc_com,https://www.cnbc.com/investingclub/morning-meeting/,scrapy_pipeline,AccessControlDetected,paywall=False login=False captcha=True,2026-05-18 13:20:28.310504
10d53470-381a-4a9c-96fa-adcbfdc8cc9b,cnbc_com,https://www.cnbc.com/defense/,scrapy_pipeline,AccessControlDetected,paywall=False login=False captcha=True,2026-05-18 13:20:51.885597
9822dcba-c827-41eb-b0a9-bd00f363165a,cnbc_com,https://www.cnbc.com/asia-video/,scrapy_pipeline,AccessControlDetected,paywall=False login=False captcha=True,2026-05-18 13:20:55.426652
28f2af55-866e-438b-b161-a8dffdae719f,cnbc_com,https://www.cnbc.com/europe-video/,scrapy_pipeline,AccessControlDetected,paywall=False login=False captcha=True,2026-05-18 13:20:58.214857
e02409d3-21d5-4811-b768-f67e0252dfbb,cnbc_com,https://www.cnbc.com/technology-video/,scrapy_pipeline,AccessControlDetected,paywall=False login=False captcha=True,2026-05-18 13:21:03.388559
070f4749-eefe-4ffd-88cc-ae0a96333712,cnbc_com,https://www.cnbc.com/latest-video/,scrapy_pipeline,AccessControlDetected,paywall=False login=False captcha=True,2026-05-18 13:21:05.287072
bd13ebb1-e4ad-4d52-afcd-3c49addc8492,cnbc_com,https://www.cnbc.com/europe-economy/,scrapy_pipeline,AccessControlDetected,paywall=False login=False captcha=True,2026-05-18 13:21:08.112004
7ebf4562-de58-4ec7-971b-ddf9ad7b5c35,cnbc_com,https://www.cnbc.com/internet/,scrapy_pipeline,AccessControlDetected,paywall=False login=False captcha=True,2026-05-18 13:21:09.345339
a0a07aff-a3fe-4e04-ad39-4b96519cf90c,cnbc_com,https://www.cnbc.com/ipos/,scrapy_pipeline,AccessControlDetected,paywall=False login=False captcha=True,2026-05-18 13:21:11.746569
779647d5-800f-4d90-b0a5-9edff91fdfa1,cnbc_com,https://www.cnbc.com/markets/,scrapy_pipeline,AccessControlDetected,paywall=False login=False captcha=True,2026-05-18 13:21:16.000012
492118d5-ca18-4f38-a172-ae32f36b1ce5,cnbc_com,https://www.cnbc.com/cnbc-latest-video-news--cnbc/,scrapy_pipeline,AccessControlDetected,paywall=False login=False captcha=True,2026-05-18 13:21:20.354130
10444004-205e-40a1-945a-b01d35c505fc,cnbc_com,https://www.cnbc.com/europe-politics/,scrapy_pipeline,AccessControlDetected,paywall=False login=False captcha=True,2026-05-18 13:21:22.429603
1099583f-0016-4413-b08e-8b1a13c52df2,cnbc_com,https://www.cnbc.com/latest/,scrapy_pipeline,AccessControlDetected,paywall=False login=False captcha=True,2026-05-18 13:21:25.489517
3b498539-b677-4f39-ad35-8e94759ed375,cnbc_com,https://www.cnbc.com/markets/asia-markets/,scrapy_pipeline,AccessControlDetected,paywall=False login=False captcha=True,2026-05-18 13:21:27.024126
7e9fd849-d676-47d4-9556-8b7ec3f90c12,cnbc_com,https://www.cnbc.com/latest-from-cnbc/,scrapy_pipeline,AccessControlDetected,paywall=False login=False captcha=True,2026-05-18 13:21:38.653937
ca06935b-d353-44bd-bdf4-b91c7e7432b8,cnbc_com,https://www.cnbc.com/bonds-headlines/,scrapy_pipeline,AccessControlDetected,paywall=False login=False captcha=True,2026-05-18 13:21:42.710915
a6b66c20-4611-48c8-8442-fca0f962a2e2,cnbc_com,https://www.cnbc.com/world/?region=world,scrapy_pipeline,AccessControlDetected,paywall=False login=False captcha=True,2026-05-18 13:21:47.544102
423f3fe2-7088-465d-be26-b8419465846b,cnbc_com,https://www.cnbc.com/asia-squawk-box/,scrapy_pipeline,AccessControlDetected,paywall=False login=False captcha=True,2026-05-18 13:21:50.120643
5048c437-ccda-4181-a431-0e0ec248c5d2,cnbc_com,https://www.cnbc.com/markets/bonds/,scrapy_pipeline,AccessControlDetected,paywall=False login=False captcha=True,2026-05-18 13:21:54.579871
1fe0a86e-e30a-4e2b-8ad7-2d8c419b2195,cnbc_com,https://www.cnbc.com/squawk-box-europe/,scrapy_pipeline,AccessControlDetected,paywall=False login=False captcha=True,2026-05-18 13:21:55.014966
b38fa798-f3d5-4c52-bc08-444c4ca42e37,cnbc_com,https://www.cnbc.com/access-middle-east-episodes-cnbc/,scrapy_pipeline,AccessControlDetected,paywall=False login=False captcha=True,2026-05-18 13:21:58.829574
75d96423-7e98-46fe-ba1d-3ef628b151a1,cnbc_com,https://www.cnbc.com/europe-early-edition/,scrapy_pipeline,AccessControlDetected,paywall=False login=False captcha=True,2026-05-18 13:22:02.109539
cf2a867b-d94a-445a-976c-f5dff6605ae2,cnbc_com,https://www.cnbc.com/cnbc-uk-exchange/,scrapy_pipeline,AccessControlDetected,paywall=False login=False captcha=True,2026-05-18 13:22:04.352732
9bffb93a-aee9-4fa9-9c4c-685dc3ddf390,cnbc_com,https://www.cnbc.com/world-video/,scrapy_pipeline,AccessControlDetected,paywall=False login=False captcha=True,2026-05-18 13:22:06.289020
fe35b486-47db-48aa-9b75-f585f466e4a8,thejakartapost_com,https://www.thejakartapost.com/culture/images/sitemap.xml,scrapy_pipeline,HttpError,status=500,2026-05-18 13:22:07.206497
913d7e99-27d0-42ce-ba26-05521883c4f8,cnbc_com,https://www.cnbc.com/access-middle-east/,scrapy_pipeline,AccessControlDetected,paywall=False login=False captcha=True,2026-05-18 13:22:09.604849
c0a1acd9-2bd8-41d1-ac99-f2a3ca388f89,thejakartapost_com,https://www.thejakartapost.com/culture/news/sitemap.xml,scrapy_pipeline,HttpError,status=500,2026-05-18 13:22:10.857822
a1c440d6-2c97-4dc7-afde-16cee49120c7,cnbc_com,https://www.cnbc.com/inside-india/,scrapy_pipeline,AccessControlDetected,paywall=False login=False captcha=True,2026-05-18 13:22:11.682255
064cad9a-4e32-40e4-b393-3a32e607bf90,thejakartapost_com,https://www.thejakartapost.com/academia/images/sitemap.xml,scrapy_pipeline,HttpError,status=500,2026-05-18 13:22:36.359136
d52c0141-a0a3-48ec-b0af-4e8a70af5f8d,thejakartapost_com,https://www.thejakartapost.com/travel/images/sitemap.xml,scrapy_pipeline,HttpError,status=500,2026-05-18 13:22:38.184196
f8981186-620d-404a-bcee-47f61c069b04,thejakartapost_com,https://www.thejakartapost.com/academia/news/sitemap.xml,scrapy_pipeline,HttpError,status=500,2026-05-18 13:22:41.213546
85a37c23-490e-43f1-b485-0c09886932e2,thejakartapost_com,https://www.thejakartapost.com/academia/web/sitemap.xml,scrapy_pipeline,HttpError,status=500,2026-05-18 13:22:41.682918
6c06d0f6-e159-4405-8aa5-691cb56b309b,thejakartapost_com,https://www.thejakartapost.com/travel/web/sitemap.xml,scrapy_pipeline,HttpError,status=500,2026-05-18 13:22:45.396156
a1b37618-dd65-4e51-ba47-49c47537e4f3,sbv_gov_vn,https://www.sbv.gov.vn/sitemap.xml?p_l_id=114&layoutUuid=9ea5c4f7-daf1-2276-93e9-00ab5ad2ef32&groupId=20117&privateLayout=false,scrapy_fetch,FetchError,DownloadTimeoutError('Getting https://www.sbv.gov.vn/sitemap.xml?p_l_id=114&layoutUuid=9ea5c4f7-daf1-2276-93e9-00ab5ad2ef32&groupId=20117&privateLayout=false took longer than 35.0 seconds.'),2026-05-18 13:30:11.878665
